phase,node_count,parent_model,parent_replicate,parent_graph_id,family,role,zero_trace_panels,mean_accepted_requests,mean_accepted_value,mean_traversals,mean_participant_slots,mean_unique_participants,mean_quadratic_exposure,mean_arity_log2_exposure,raw_sha256
confirmation,30,barabasi_albert,0,n0030-r0000-barabasi_albert,demand-aware,source,0,360,5286/7,593,20164/7,18296/7,99356/7,6605.043495918524,0eb4d3f2dc197548353eaaca3608d54840e75a67aeaeda4a2de7255a3325ee27
confirmation,30,barabasi_albert,0,n0030-r0000-barabasi_albert,demand-aware,binary_panel,0,2381/7,4888/7,6807/7,13614/7,9188/7,27228/7,1944.857142857143,0eb4d3f2dc197548353eaaca3608d54840e75a67aeaeda4a2de7255a3325ee27
confirmation,30,barabasi_albert,0,n0030-r0000-barabasi_albert,fhs3,source,0,360,5286/7,670,13714/7,11511/7,40430/7,3045.668919196639,0eb4d3f2dc197548353eaaca3608d54840e75a67aeaeda4a2de7255a3325ee27
confirmation,30,barabasi_albert,0,n0030-r0000-barabasi_albert,fhs3,binary_panel,0,2420/7,10039/14,6064/7,12128/7,1212,24256/7,1732.5714285714287,0eb4d3f2dc197548353eaaca3608d54840e75a67aeaeda4a2de7255a3325ee27
confirmation,30,barabasi_albert,0,n0030-r0000-barabasi_albert,fhs5,source,0,360,5286/7,593,20164/7,18296/7,99356/7,6605.043495918524,0eb4d3f2dc197548353eaaca3608d54840e75a67aeaeda4a2de7255a3325ee27
confirmation,30,barabasi_albert,0,n0030-r0000-barabasi_albert,fhs5,binary_panel,0,2381/7,4888/7,6807/7,13614/7,9188/7,27228/7,1944.857142857143,0eb4d3f2dc197548353eaaca3608d54840e75a67aeaeda4a2de7255a3325ee27
confirmation,30,barabasi_albert,0,n0030-r0000-barabasi_albert,nch,source,0,360,5286/7,3022/7,30174/7,28719/7,49108,14749.107170295149,0eb4d3f2dc197548353eaaca3608d54840e75a67aeaeda4a2de7255a3325ee27
confirmation,30,barabasi_albert,0,n0030-r0000-barabasi_albert,nch,binary_panel,0,354,738,5588/7,11176/7,8066/7,22352/7,1596.5714285714287,0eb4d3f2dc197548353eaaca3608d54840e75a67aeaeda4a2de7255a3325ee27
confirmation,30,er_gnm,0,n0030-r0000-er_gnm,demand-aware,source,0,360,5286/7,4563/7,21290/7,18941/7,102056/7,6829.542573469856,39079e3c5efae7efc7dd765b905447663b209e33addbdaa4bc2e80c3fc4d6d2e
confirmation,30,er_gnm,0,n0030-r0000-er_gnm,demand-aware,binary_panel,0,2467/7,5109/7,7892/7,15784/7,10359/7,31568/7,2254.8571428571427,39079e3c5efae7efc7dd765b905447663b209e33addbdaa4bc2e80c3fc4d6d2e
confirmation,30,er_gnm,0,n0030-r0000-er_gnm,fhs3,source,0,360,5286/7,5090/7,14844/7,12231/7,6240,3289.8279014414875,39079e3c5efae7efc7dd765b905447663b209e33addbdaa4bc2e80c3fc4d6d2e
confirmation,30,er_gnm,0,n0030-r0000-er_gnm,fhs3,binary_panel,0,2502/7,5219/7,6507/7,13014/7,1287,26028/7,1859.142857142857,39079e3c5efae7efc7dd765b905447663b209e33addbdaa4bc2e80c3fc4d6d2e
confirmation,30,er_gnm,0,n0030-r0000-er_gnm,fhs5,source,0,360,5286/7,4563/7,21290/7,18941/7,102056/7,6829.542573469856,39079e3c5efae7efc7dd765b905447663b209e33addbdaa4bc2e80c3fc4d6d2e
confirmation,30,er_gnm,0,n0030-r0000-er_gnm,fhs5,binary_panel,0,2467/7,5109/7,7892/7,15784/7,10359/7,31568/7,2254.8571428571427,39079e3c5efae7efc7dd765b905447663b209e33addbdaa4bc2e80c3fc4d6d2e
confirmation,30,er_gnm,0,n0030-r0000-er_gnm,nch,source,0,2511/7,5259/7,520,23432/7,21586/7,162272/7,9190.854196325108,39079e3c5efae7efc7dd765b905447663b209e33addbdaa4bc2e80c3fc4d6d2e
confirmation,30,er_gnm,0,n0030-r0000-er_gnm,nch,binary_panel,0,2509/7,5247/7,5693/7,11386/7,8202/7,22772/7,1626.5714285714287,39079e3c5efae7efc7dd765b905447663b209e33addbdaa4bc2e80c3fc4d6d2e
confirmation,30,sbm_fixed_count,0,n0030-r0000-sbm_fixed_count,demand-aware,source,0,360,5286/7,4418/7,21018/7,2674,102180/7,6812.9269555706105,489803719341e88a2023adca0d2bb5885ad58f76425cf3c2f0b25fbc106966e2
confirmation,30,sbm_fixed_count,0,n0030-r0000-sbm_fixed_count,demand-aware,binary_panel,0,663/2,9581/14,14605/14,14605/7,9623/7,29210/7,2086.4285714285716,489803719341e88a2023adca0d2bb5885ad58f76425cf3c2f0b25fbc106966e2
confirmation,30,sbm_fixed_count,0,n0030-r0000-sbm_fixed_count,fhs3,source,0,2409/7,4981/7,4873/7,14396/7,11861/7,6106,3222.318126437161,489803719341e88a2023adca0d2bb5885ad58f76425cf3c2f0b25fbc106966e2
confirmation,30,sbm_fixed_count,0,n0030-r0000-sbm_fixed_count,fhs3,binary_panel,0,2378/7,4934/7,6136/7,12272/7,8514/7,24544/7,1753.142857142857,489803719341e88a2023adca0d2bb5885ad58f76425cf3c2f0b25fbc106966e2
confirmation,30,sbm_fixed_count,0,n0030-r0000-sbm_fixed_count,fhs5,source,0,360,5286/7,4535/7,21559/7,19070/7,104743/7,6985.349484203013,489803719341e88a2023adca0d2bb5885ad58f76425cf3c2f0b25fbc106966e2
confirmation,30,sbm_fixed_count,0,n0030-r0000-sbm_fixed_count,fhs5,binary_panel,0,663/2,9581/14,14605/14,14605/7,9623/7,29210/7,2086.4285714285716,489803719341e88a2023adca0d2bb5885ad58f76425cf3c2f0b25fbc106966e2
confirmation,30,sbm_fixed_count,0,n0030-r0000-sbm_fixed_count,nch,source,0,360,5286/7,502,23963/7,22348/7,171417/7,9605.316091064664,489803719341e88a2023adca0d2bb5885ad58f76425cf3c2f0b25fbc106966e2
confirmation,30,sbm_fixed_count,0,n0030-r0000-sbm_fixed_count,nch,binary_panel,0,4743/14,4888/7,5093/7,10186/7,14929/14,20372/7,1455.142857142857,489803719341e88a2023adca0d2bb5885ad58f76425cf3c2f0b25fbc106966e2
confirmation,30,barabasi_albert,1,n0030-r0001-barabasi_albert,demand-aware,source,0,360,762,600,19689/7,17730/7,94833/7,6334.165105799223,4105d1ee9123921fedec16813e23d90f7620f4a686e030eb615cd75ab9313b7d
confirmation,30,barabasi_albert,1,n0030-r0001-barabasi_albert,demand-aware,binary_panel,0,350,731,13941/14,13941/7,18841/14,27882/7,1991.5714285714287,4105d1ee9123921fedec16813e23d90f7620f4a686e030eb615cd75ab9313b7d
confirmation,30,barabasi_albert,1,n0030-r0001-barabasi_albert,fhs3,source,0,360,762,4843/7,2036,1697,42202/7,3180.688047839771,4105d1ee9123921fedec16813e23d90f7620f4a686e030eb615cd75ab9313b7d
confirmation,30,barabasi_albert,1,n0030-r0001-barabasi_albert,fhs3,binary_panel,0,2470/7,5134/7,6156/7,12312/7,8626/7,24624/7,1758.857142857143,4105d1ee9123921fedec16813e23d90f7620f4a686e030eb615cd75ab9313b7d
confirmation,30,barabasi_albert,1,n0030-r0001-barabasi_albert,fhs5,source,0,360,762,600,19689/7,17730/7,94833/7,6334.165105799223,4105d1ee9123921fedec16813e23d90f7620f4a686e030eb615cd75ab9313b7d
confirmation,30,barabasi_albert,1,n0030-r0001-barabasi_albert,fhs5,binary_panel,0,350,731,13941/14,13941/7,18841/14,27882/7,1991.5714285714287,4105d1ee9123921fedec16813e23d90f7620f4a686e030eb615cd75ab9313b7d
confirmation,30,barabasi_albert,1,n0030-r0001-barabasi_albert,nch,source,0,360,762,3261/7,26368/7,24578/7,244042/7,11740.26609966553,4105d1ee9123921fedec16813e23d90f7620f4a686e030eb615cd75ab9313b7d
confirmation,30,barabasi_albert,1,n0030-r0001-barabasi_albert,nch,binary_panel,0,2503/7,756,5406/7,10812/7,7909/7,21624/7,1544.5714285714287,4105d1ee9123921fedec16813e23d90f7620f4a686e030eb615cd75ab9313b7d
confirmation,30,er_gnm,1,n0030-r0001-er_gnm,demand-aware,source,0,2512/7,5314/7,4245/7,19771/7,17768/7,95171/7,6350.214416217069,bdebf31ad8c69009b73b98c37b748dbceda0ad3a9ab136480303350aa1571493
confirmation,30,er_gnm,1,n0030-r0001-er_gnm,demand-aware,binary_panel,0,4995/14,1503/2,14519/14,14519/7,9757/7,29038/7,2074.1428571428573,bdebf31ad8c69009b73b98c37b748dbceda0ad3a9ab136480303350aa1571493
confirmation,30,er_gnm,1,n0030-r0001-er_gnm,fhs3,source,0,2508/7,5308/7,4642/7,13584/7,11439/7,5724,3018.5737513289882,bdebf31ad8c69009b73b98c37b748dbceda0ad3a9ab136480303350aa1571493
confirmation,30,er_gnm,1,n0030-r0001-er_gnm,fhs3,binary_panel,0,2507/7,5311/7,1803/2,1803,17635/14,3606,1803.0,bdebf31ad8c69009b73b98c37b748dbceda0ad3a9ab136480303350aa1571493
confirmation,30,er_gnm,1,n0030-r0001-er_gnm,fhs5,source,0,2512/7,5314/7,4245/7,19771/7,17768/7,95171/7,6350.214416217069,bdebf31ad8c69009b73b98c37b748dbceda0ad3a9ab136480303350aa1571493
confirmation,30,er_gnm,1,n0030-r0001-er_gnm,fhs5,binary_panel,0,4995/14,1503/2,14519/14,14519/7,9757/7,29038/7,2074.1428571428573,bdebf31ad8c69009b73b98c37b748dbceda0ad3a9ab136480303350aa1571493
confirmation,30,er_gnm,1,n0030-r0001-er_gnm,nch,source,0,360,762,3224/7,22917/7,21704/7,171327/7,9385.25203600391,bdebf31ad8c69009b73b98c37b748dbceda0ad3a9ab136480303350aa1571493
confirmation,30,er_gnm,1,n0030-r0001-er_gnm,nch,binary_panel,0,358,5303/7,750,1500,1108,3000,1500.0,bdebf31ad8c69009b73b98c37b748dbceda0ad3a9ab136480303350aa1571493
confirmation,30,sbm_fixed_count,1,n0030-r0001-sbm_fixed_count,demand-aware,source,0,2515/7,759,4497/7,21116/7,18799/7,101590/7,6791.81455348517,015f91c68116c1e9a1c46a89053e1cc6f7e22002334dc96d0ef00c10cc7e1353
confirmation,30,sbm_fixed_count,1,n0030-r0001-sbm_fixed_count,demand-aware,binary_panel,0,4531/14,660,9596/7,19192/7,3389/2,38384/7,2741.714285714286,015f91c68116c1e9a1c46a89053e1cc6f7e22002334dc96d0ef00c10cc7e1353
confirmation,30,sbm_fixed_count,1,n0030-r0001-sbm_fixed_count,fhs3,source,0,2479/7,5230/7,729,15094/7,12384/7,44852/7,3381.6985872250048,015f91c68116c1e9a1c46a89053e1cc6f7e22002334dc96d0ef00c10cc7e1353
confirmation,30,sbm_fixed_count,1,n0030-r0001-sbm_fixed_count,fhs3,binary_panel,0,2369/7,704,1021,2042,9516/7,4084,2042.0,015f91c68116c1e9a1c46a89053e1cc6f7e22002334dc96d0ef00c10cc7e1353
confirmation,30,sbm_fixed_count,1,n0030-r0001-sbm_fixed_count,fhs5,source,0,2515/7,759,4497/7,21116/7,18799/7,101590/7,6791.81455348517,015f91c68116c1e9a1c46a89053e1cc6f7e22002334dc96d0ef00c10cc7e1353
confirmation,30,sbm_fixed_count,1,n0030-r0001-sbm_fixed_count,fhs5,binary_panel,0,4531/14,660,9596/7,19192/7,3389/2,38384/7,2741.714285714286,015f91c68116c1e9a1c46a89053e1cc6f7e22002334dc96d0ef00c10cc7e1353
confirmation,30,sbm_fixed_count,1,n0030-r0001-sbm_fixed_count,nch,source,0,360,762,3505/7,23502/7,21852/7,168758/7,9384.070110337761,015f91c68116c1e9a1c46a89053e1cc6f7e22002334dc96d0ef00c10cc7e1353
confirmation,30,sbm_fixed_count,1,n0030-r0001-sbm_fixed_count,nch,binary_panel,0,2482/7,5210/7,5328/7,10656/7,7810/7,21312/7,1522.2857142857142,015f91c68116c1e9a1c46a89053e1cc6f7e22002334dc96d0ef00c10cc7e1353
confirmation,30,barabasi_albert,2,n0030-r0002-barabasi_albert,demand-aware,source,0,360,5188/7,4132/7,19668/7,17763/7,96144/7,6392.274871708337,db7fa33a239b5ed972f964c6b42ccc681f80d6fab829843cce60c0527c1d71f2
confirmation,30,barabasi_albert,2,n0030-r0002-barabasi_albert,demand-aware,binary_panel,0,2469/7,10057/14,6688/7,13376/7,9157/7,26752/7,1910.857142857143,db7fa33a239b5ed972f964c6b42ccc681f80d6fab829843cce60c0527c1d71f2
confirmation,30,barabasi_albert,2,n0030-r0002-barabasi_albert,fhs3,source,0,360,5188/7,4542/7,13416/7,11380/7,39828/7,3002.5960941960207,db7fa33a239b5ed972f964c6b42ccc681f80d6fab829843cce60c0527c1d71f2
confirmation,30,barabasi_albert,2,n0030-r0002-barabasi_albert,fhs3,binary_panel,0,355,10127/14,5661/7,11322/7,8146/7,22644/7,1617.4285714285713,db7fa33a239b5ed972f964c6b42ccc681f80d6fab829843cce60c0527c1d71f2
confirmation,30,barabasi_albert,2,n0030-r0002-barabasi_albert,fhs5,source,0,360,5188/7,4132/7,19668/7,17763/7,96144/7,6392.274871708337,db7fa33a239b5ed972f964c6b42ccc681f80d6fab829843cce60c0527c1d71f2
confirmation,30,barabasi_albert,2,n0030-r0002-barabasi_albert,fhs5,binary_panel,0,2469/7,10057/14,6688/7,13376/7,9157/7,26752/7,1910.857142857143,db7fa33a239b5ed972f964c6b42ccc681f80d6fab829843cce60c0527c1d71f2
confirmation,30,barabasi_albert,2,n0030-r0002-barabasi_albert,nch,source,0,360,5188/7,2917/7,29752/7,28709/7,346988/7,14680.208884902528,db7fa33a239b5ed972f964c6b42ccc681f80d6fab829843cce60c0527c1d71f2
confirmation,30,barabasi_albert,2,n0030-r0002-barabasi_albert,nch,binary_panel,0,2477/7,5049/7,763,1526,7818/7,3052,1526.0,db7fa33a239b5ed972f964c6b42ccc681f80d6fab829843cce60c0527c1d71f2
confirmation,30,er_gnm,2,n0030-r0002-er_gnm,demand-aware,source,0,360,5188/7,4245/7,20136/7,18084/7,98018/7,6527.350086593824,bb2ffc56ffab39d1d9e8d8c803a43842bf1a6120ca92460f14c5a4a037dde412
confirmation,30,er_gnm,2,n0030-r0002-er_gnm,demand-aware,binary_panel,0,358,5149/7,7236/7,14472/7,9742/7,28944/7,2067.4285714285716,bb2ffc56ffab39d1d9e8d8c803a43842bf1a6120ca92460f14c5a4a037dde412
confirmation,30,er_gnm,2,n0030-r0002-er_gnm,fhs3,source,0,360,5188/7,4833/7,14244/7,11867/7,42222/7,3182.5535692720514,bb2ffc56ffab39d1d9e8d8c803a43842bf1a6120ca92460f14c5a4a037dde412
confirmation,30,er_gnm,2,n0030-r0002-er_gnm,fhs3,binary_panel,0,5027/14,5158/7,12991/14,12991/7,1287,25982/7,1855.857142857143,bb2ffc56ffab39d1d9e8d8c803a43842bf1a6120ca92460f14c5a4a037dde412
confirmation,30,er_gnm,2,n0030-r0002-er_gnm,fhs5,source,0,360,5188/7,4260/7,20222/7,18175/7,98412/7,6555.4939418692575,bb2ffc56ffab39d1d9e8d8c803a43842bf1a6120ca92460f14c5a4a037dde412
confirmation,30,er_gnm,2,n0030-r0002-er_gnm,fhs5,binary_panel,0,358,5149/7,7236/7,14472/7,9742/7,28944/7,2067.4285714285716,bb2ffc56ffab39d1d9e8d8c803a43842bf1a6120ca92460f14c5a4a037dde412
confirmation,30,er_gnm,2,n0030-r0002-er_gnm,nch,source,0,360,5188/7,3369/7,3407,22326/7,182271/7,9817.594764158888,bb2ffc56ffab39d1d9e8d8c803a43842bf1a6120ca92460f14c5a4a037dde412
confirmation,30,er_gnm,2,n0030-r0002-er_gnm,nch,binary_panel,0,2505/7,5127/7,5632/7,11264/7,8137/7,22528/7,1609.142857142857,bb2ffc56ffab39d1d9e8d8c803a43842bf1a6120ca92460f14c5a4a037dde412
confirmation,30,sbm_fixed_count,2,n0030-r0002-sbm_fixed_count,demand-aware,source,0,360,5188/7,631,21106/7,18831/7,103010/7,6859.69376634741,a05ec25a1fb2fcbba0e11402c35b7a3a9fe68921630ce7f413be9f7933564544
confirmation,30,sbm_fixed_count,2,n0030-r0002-sbm_fixed_count,demand-aware,binary_panel,0,2398/7,4852/7,9154/7,18308/7,11552/7,36616/7,2615.4285714285716,a05ec25a1fb2fcbba0e11402c35b7a3a9fe68921630ce7f413be9f7933564544
confirmation,30,sbm_fixed_count,2,n0030-r0002-sbm_fixed_count,fhs3,source,0,2502/7,5142/7,746,2202,1806,6534,3447.9701265360627,a05ec25a1fb2fcbba0e11402c35b7a3a9fe68921630ce7f413be9f7933564544
confirmation,30,sbm_fixed_count,2,n0030-r0002-sbm_fixed_count,fhs3,binary_panel,0,2465/7,10095/14,14925/14,14925/7,19855/14,29850/7,2132.1428571428573,a05ec25a1fb2fcbba0e11402c35b7a3a9fe68921630ce7f413be9f7933564544
confirmation,30,sbm_fixed_count,2,n0030-r0002-sbm_fixed_count,fhs5,source,0,360,5188/7,4489/7,21351/7,18989/7,104019/7,6926.931315570922,a05ec25a1fb2fcbba0e11402c35b7a3a9fe68921630ce7f413be9f7933564544
confirmation,30,sbm_fixed_count,2,n0030-r0002-sbm_fixed_count,fhs5,binary_panel,0,2398/7,4852/7,9154/7,18308/7,11552/7,36616/7,2615.4285714285716,a05ec25a1fb2fcbba0e11402c35b7a3a9fe68921630ce7f413be9f7933564544
confirmation,30,sbm_fixed_count,2,n0030-r0002-sbm_fixed_count,nch,source,0,360,5188/7,3600/7,22773/7,21043/7,152975/7,8799.389419809058,a05ec25a1fb2fcbba0e11402c35b7a3a9fe68921630ce7f413be9f7933564544
confirmation,30,sbm_fixed_count,2,n0030-r0002-sbm_fixed_count,nch,binary_panel,0,2509/7,10277/14,5315/7,10630/7,7824/7,21260/7,1518.5714285714287,a05ec25a1fb2fcbba0e11402c35b7a3a9fe68921630ce7f413be9f7933564544
confirmation,30,barabasi_albert,3,n0030-r0003-barabasi_albert,demand-aware,source,0,360,5249/7,4162/7,20383/7,18500/7,14405,6700.127236707407,06ee46a306857eb54f0d725b2f4b2db4d35b9886744deab0c8a3f1ddfbc29732
confirmation,30,barabasi_albert,3,n0030-r0003-barabasi_albert,demand-aware,binary_panel,0,344,9885/14,13151/14,13151/7,17967/14,26302/7,1878.7142857142858,06ee46a306857eb54f0d725b2f4b2db4d35b9886744deab0c8a3f1ddfbc29732
confirmation,30,barabasi_albert,3,n0030-r0003-barabasi_albert,fhs3,source,0,360,5249/7,4756/7,13837/7,11546/7,5807,3060.984063836714,06ee46a306857eb54f0d725b2f4b2db4d35b9886744deab0c8a3f1ddfbc29732
confirmation,30,barabasi_albert,3,n0030-r0003-barabasi_albert,fhs3,binary_panel,0,2382/7,4841/7,5806/7,11612/7,8188/7,23224/7,1658.857142857143,06ee46a306857eb54f0d725b2f4b2db4d35b9886744deab0c8a3f1ddfbc29732
confirmation,30,barabasi_albert,3,n0030-r0003-barabasi_albert,fhs5,source,0,360,5249/7,4162/7,20383/7,18500/7,14405,6700.127236707407,06ee46a306857eb54f0d725b2f4b2db4d35b9886744deab0c8a3f1ddfbc29732
confirmation,30,barabasi_albert,3,n0030-r0003-barabasi_albert,fhs5,binary_panel,0,344,9885/14,13151/14,13151/7,17967/14,26302/7,1878.7142857142858,06ee46a306857eb54f0d725b2f4b2db4d35b9886744deab0c8a3f1ddfbc29732
confirmation,30,barabasi_albert,3,n0030-r0003-barabasi_albert,nch,source,0,360,5249/7,2908/7,5033,34204/7,582635/7,19338.265852986176,06ee46a306857eb54f0d725b2f4b2db4d35b9886744deab0c8a3f1ddfbc29732
confirmation,30,barabasi_albert,3,n0030-r0003-barabasi_albert,nch,binary_panel,0,2475/7,5137/7,5372/7,10744/7,1121,21488/7,1534.857142857143,06ee46a306857eb54f0d725b2f4b2db4d35b9886744deab0c8a3f1ddfbc29732
confirmation,30,er_gnm,3,n0030-r0003-er_gnm,demand-aware,source,0,360,5249/7,4120/7,20101/7,18145/7,98881/7,6586.586225252266,5e7b28ba21be0698f7df05016744d7a4d1e5359d70cdf8e6c59f9c048e275489
confirmation,30,er_gnm,3,n0030-r0003-er_gnm,demand-aware,binary_panel,0,4947/14,10277/14,14857/14,14857/7,9902/7,29714/7,2122.4285714285716,5e7b28ba21be0698f7df05016744d7a4d1e5359d70cdf8e6c59f9c048e275489
confirmation,30,er_gnm,3,n0030-r0003-er_gnm,fhs3,source,0,360,5249/7,4829/7,2030,11847/7,42076/7,3171.178272835444,5e7b28ba21be0698f7df05016744d7a4d1e5359d70cdf8e6c59f9c048e275489
confirmation,30,er_gnm,3,n0030-r0003-er_gnm,fhs3,binary_panel,0,2517/7,5231/7,921,1842,8964/7,3684,1842.0,5e7b28ba21be0698f7df05016744d7a4d1e5359d70cdf8e6c59f9c048e275489
confirmation,30,er_gnm,3,n0030-r0003-er_gnm,fhs5,source,0,360,5249/7,4273/7,20641/7,18496/7,100705/7,6725.012369485987,5e7b28ba21be0698f7df05016744d7a4d1e5359d70cdf8e6c59f9c048e275489
confirmation,30,er_gnm,3,n0030-r0003-er_gnm,fhs5,binary_panel,0,4947/14,10277/14,14857/14,14857/7,9902/7,29714/7,2122.4285714285716,5e7b28ba21be0698f7df05016744d7a4d1e5359d70cdf8e6c59f9c048e275489
confirmation,30,er_gnm,3,n0030-r0003-er_gnm,nch,source,0,360,5249/7,3519/7,24167/7,22489/7,184337/7,9855.532607148356,5e7b28ba21be0698f7df05016744d7a4d1e5359d70cdf8e6c59f9c048e275489
confirmation,30,er_gnm,3,n0030-r0003-er_gnm,nch,binary_panel,0,2519/7,749,5899/7,11798/7,8418/7,23596/7,1685.4285714285713,5e7b28ba21be0698f7df05016744d7a4d1e5359d70cdf8e6c59f9c048e275489
confirmation,30,sbm_fixed_count,3,n0030-r0003-sbm_fixed_count,demand-aware,source,0,360,5249/7,4819/7,23332/7,20031/7,114658/7,7628.541582773563,8c06e21eb5903d35700067916baa03265c16cb6c672fb7386c9bb3170c7f8bb7
confirmation,30,sbm_fixed_count,3,n0030-r0003-sbm_fixed_count,demand-aware,binary_panel,0,2344/7,1363/2,7414/7,14828/7,1394,29656/7,2118.285714285714,8c06e21eb5903d35700067916baa03265c16cb6c672fb7386c9bb3170c7f8bb7
confirmation,30,sbm_fixed_count,3,n0030-r0003-sbm_fixed_count,fhs3,source,0,350,5059/7,5374/7,15910/7,12893/7,6758,3566.9613265954035,8c06e21eb5903d35700067916baa03265c16cb6c672fb7386c9bb3170c7f8bb7
confirmation,30,sbm_fixed_count,3,n0030-r0003-sbm_fixed_count,fhs3,binary_panel,0,2382/7,4891/7,6305/7,12610/7,1241,25220/7,1801.4285714285713,8c06e21eb5903d35700067916baa03265c16cb6c672fb7386c9bb3170c7f8bb7
confirmation,30,sbm_fixed_count,3,n0030-r0003-sbm_fixed_count,fhs5,source,0,360,5249/7,4864/7,3350,20179/7,114948/7,7651.511447241858,8c06e21eb5903d35700067916baa03265c16cb6c672fb7386c9bb3170c7f8bb7
confirmation,30,sbm_fixed_count,3,n0030-r0003-sbm_fixed_count,fhs5,binary_panel,0,2344/7,1363/2,7414/7,14828/7,1394,29656/7,2118.285714285714,8c06e21eb5903d35700067916baa03265c16cb6c672fb7386c9bb3170c7f8bb7
confirmation,30,sbm_fixed_count,3,n0030-r0003-sbm_fixed_count,nch,source,0,360,5249/7,3581/7,25749/7,23901/7,194137/7,10596.531826627252,8c06e21eb5903d35700067916baa03265c16cb6c672fb7386c9bb3170c7f8bb7
confirmation,30,sbm_fixed_count,3,n0030-r0003-sbm_fixed_count,nch,binary_panel,0,2425/7,4987/7,11455/14,11455/7,16305/14,22910/7,1636.4285714285713,8c06e21eb5903d35700067916baa03265c16cb6c672fb7386c9bb3170c7f8bb7
confirmation,30,barabasi_albert,4,n0030-r0004-barabasi_albert,demand-aware,source,0,360,5287/7,4113/7,2875,18301/7,99509/7,6612.590695481236,4d64271ab3a7fc9b9aa39e6d44be79afa01091d4e2b4b658bc0936a55ff6115c
confirmation,30,barabasi_albert,4,n0030-r0004-barabasi_albert,demand-aware,binary_panel,0,2405/7,4999/7,6539/7,13078/7,8944/7,26156/7,1868.2857142857142,4d64271ab3a7fc9b9aa39e6d44be79afa01091d4e2b4b658bc0936a55ff6115c
confirmation,30,barabasi_albert,4,n0030-r0004-barabasi_albert,fhs3,source,0,360,5287/7,4640/7,1972,11630/7,41180/7,3106.1587228267895,4d64271ab3a7fc9b9aa39e6d44be79afa01091d4e2b4b658bc0936a55ff6115c
confirmation,30,barabasi_albert,4,n0030-r0004-barabasi_albert,fhs3,binary_panel,0,711/2,10401/14,12233/14,12233/7,8605/7,24466/7,1747.5714285714287,4d64271ab3a7fc9b9aa39e6d44be79afa01091d4e2b4b658bc0936a55ff6115c
confirmation,30,barabasi_albert,4,n0030-r0004-barabasi_albert,fhs5,source,0,360,5287/7,4113/7,2875,18301/7,99509/7,6612.590695481236,4d64271ab3a7fc9b9aa39e6d44be79afa01091d4e2b4b658bc0936a55ff6115c
confirmation,30,barabasi_albert,4,n0030-r0004-barabasi_albert,fhs5,binary_panel,0,2405/7,4999/7,6539/7,13078/7,8944/7,26156/7,1868.2857142857142,4d64271ab3a7fc9b9aa39e6d44be79afa01091d4e2b4b658bc0936a55ff6115c
confirmation,30,barabasi_albert,4,n0030-r0004-barabasi_albert,nch,source,0,360,5287/7,3021/7,28790/7,27549/7,340682/7,14045.44847848882,4d64271ab3a7fc9b9aa39e6d44be79afa01091d4e2b4b658bc0936a55ff6115c
confirmation,30,barabasi_albert,4,n0030-r0004-barabasi_albert,nch,binary_panel,0,2497/7,5227/7,5423/7,10846/7,7920/7,21692/7,1549.4285714285713,4d64271ab3a7fc9b9aa39e6d44be79afa01091d4e2b4b658bc0936a55ff6115c
confirmation,30,er_gnm,4,n0030-r0004-er_gnm,demand-aware,source,0,360,5287/7,4258/7,20679/7,18454/7,101917/7,6774.951863291387,ab1b5c81861b6fae1de76b03dade409e27f7ca8291a250c0b4bdf66b2563d42f
confirmation,30,er_gnm,4,n0030-r0004-er_gnm,demand-aware,binary_panel,0,2458/7,10223/14,6880/7,13760/7,1334,27520/7,1965.7142857142858,ab1b5c81861b6fae1de76b03dade409e27f7ca8291a250c0b4bdf66b2563d42f
confirmation,30,er_gnm,4,n0030-r0004-er_gnm,fhs3,source,0,360,5287/7,4849/7,14405/7,12007/7,6133,3237.893638954778,ab1b5c81861b6fae1de76b03dade409e27f7ca8291a250c0b4bdf66b2563d42f
confirmation,30,er_gnm,4,n0030-r0004-er_gnm,fhs3,binary_panel,0,2502/7,5221/7,6208/7,12416/7,8710/7,24832/7,1773.7142857142858,ab1b5c81861b6fae1de76b03dade409e27f7ca8291a250c0b4bdf66b2563d42f
confirmation,30,er_gnm,4,n0030-r0004-er_gnm,fhs5,source,0,360,5287/7,4296/7,20656/7,18313/7,101310/7,6738.590402420811,ab1b5c81861b6fae1de76b03dade409e27f7ca8291a250c0b4bdf66b2563d42f
confirmation,30,er_gnm,4,n0030-r0004-er_gnm,fhs5,binary_panel,0,2458/7,10223/14,6880/7,13760/7,1334,27520/7,1965.7142857142858,ab1b5c81861b6fae1de76b03dade409e27f7ca8291a250c0b4bdf66b2563d42f
confirmation,30,er_gnm,4,n0030-r0004-er_gnm,nch,source,0,360,5287/7,3432/7,23805/7,22180/7,175257/7,9653.793484083959,ab1b5c81861b6fae1de76b03dade409e27f7ca8291a250c0b4bdf66b2563d42f
confirmation,30,er_gnm,4,n0030-r0004-er_gnm,nch,binary_panel,0,2512/7,10509/14,11061/14,11061/7,16085/14,22122/7,1580.142857142857,ab1b5c81861b6fae1de76b03dade409e27f7ca8291a250c0b4bdf66b2563d42f
confirmation,30,sbm_fixed_count,4,n0030-r0004-sbm_fixed_count,demand-aware,source,0,360,5287/7,4547/7,21471/7,18883/7,103405/7,6920.301673538879,e5a58f6e8b4438e2c9aef944f53bba4771902a01b0880b73b307f8c0a1a8ddfe
confirmation,30,sbm_fixed_count,4,n0030-r0004-sbm_fixed_count,demand-aware,binary_panel,0,2413/7,4999/7,7776/7,15552/7,10189/7,31104/7,2221.714285714286,e5a58f6e8b4438e2c9aef944f53bba4771902a01b0880b73b307f8c0a1a8ddfe
confirmation,30,sbm_fixed_count,4,n0030-r0004-sbm_fixed_count,fhs3,source,0,360,5287/7,5083/7,14976/7,12338/7,44382/7,3345.286983629469,e5a58f6e8b4438e2c9aef944f53bba4771902a01b0880b73b307f8c0a1a8ddfe
confirmation,30,sbm_fixed_count,4,n0030-r0004-sbm_fixed_count,fhs3,binary_panel,0,4891/14,5098/7,6852/7,13704/7,18595/14,27408/7,1957.7142857142858,e5a58f6e8b4438e2c9aef944f53bba4771902a01b0880b73b307f8c0a1a8ddfe
confirmation,30,sbm_fixed_count,4,n0030-r0004-sbm_fixed_count,fhs5,source,0,360,5287/7,4552/7,3080,18978/7,104040/7,6959.842298606048,e5a58f6e8b4438e2c9aef944f53bba4771902a01b0880b73b307f8c0a1a8ddfe
confirmation,30,sbm_fixed_count,4,n0030-r0004-sbm_fixed_count,fhs5,binary_panel,0,2413/7,4999/7,7776/7,15552/7,10189/7,31104/7,2221.714285714286,e5a58f6e8b4438e2c9aef944f53bba4771902a01b0880b73b307f8c0a1a8ddfe
confirmation,30,sbm_fixed_count,4,n0030-r0004-sbm_fixed_count,nch,source,0,360,5287/7,506,24133/7,22390/7,173855/7,9690.301846221248,e5a58f6e8b4438e2c9aef944f53bba4771902a01b0880b73b307f8c0a1a8ddfe
confirmation,30,sbm_fixed_count,4,n0030-r0004-sbm_fixed_count,nch,binary_panel,0,2512/7,5266/7,760,1520,7832/7,3040,1520.0,e5a58f6e8b4438e2c9aef944f53bba4771902a01b0880b73b307f8c0a1a8ddfe
confirmation,30,barabasi_albert,5,n0030-r0005-barabasi_albert,demand-aware,source,0,360,5184/7,4204/7,20182/7,18288/7,98426/7,6565.04837444108,181a29cfcfc335a4ded8939647aa238901e8793e14ef4b32370e3c78e1b923a4
confirmation,30,barabasi_albert,5,n0030-r0005-barabasi_albert,demand-aware,binary_panel,0,2425/7,4919/7,6609/7,13218/7,9034/7,26436/7,1888.2857142857142,181a29cfcfc335a4ded8939647aa238901e8793e14ef4b32370e3c78e1b923a4
confirmation,30,barabasi_albert,5,n0030-r0005-barabasi_albert,fhs3,source,0,360,5184/7,4598/7,13467/7,11337/7,39747/7,2994.589217391453,181a29cfcfc335a4ded8939647aa238901e8793e14ef4b32370e3c78e1b923a4
confirmation,30,barabasi_albert,5,n0030-r0005-barabasi_albert,fhs3,binary_panel,0,4927/14,10023/14,820,1640,16407/14,3280,1640.0,181a29cfcfc335a4ded8939647aa238901e8793e14ef4b32370e3c78e1b923a4
confirmation,30,barabasi_albert,5,n0030-r0005-barabasi_albert,fhs5,source,0,360,5184/7,4204/7,20182/7,18288/7,98426/7,6565.04837444108,181a29cfcfc335a4ded8939647aa238901e8793e14ef4b32370e3c78e1b923a4
confirmation,30,barabasi_albert,5,n0030-r0005-barabasi_albert,fhs5,binary_panel,0,2425/7,4919/7,6609/7,13218/7,9034/7,26436/7,1888.2857142857142,181a29cfcfc335a4ded8939647aa238901e8793e14ef4b32370e3c78e1b923a4
confirmation,30,barabasi_albert,5,n0030-r0005-barabasi_albert,nch,source,0,360,5184/7,3032/7,28957/7,27560/7,314723/7,13872.423240682963,181a29cfcfc335a4ded8939647aa238901e8793e14ef4b32370e3c78e1b923a4
confirmation,30,barabasi_albert,5,n0030-r0005-barabasi_albert,nch,binary_panel,0,2451/7,4961/7,5364/7,10728/7,7815/7,21456/7,1532.5714285714287,181a29cfcfc335a4ded8939647aa238901e8793e14ef4b32370e3c78e1b923a4
confirmation,30,er_gnm,5,n0030-r0005-er_gnm,demand-aware,source,0,360,5184/7,4250/7,2907,2613,99021/7,6608.232236555707,9f9b2cff9641f58b2da68f631b76667b4c6297acf7426c9b677519143cc5cee6
confirmation,30,er_gnm,5,n0030-r0005-er_gnm,demand-aware,binary_panel,0,2427/7,4947/7,7398/7,14796/7,9825/7,29592/7,2113.714285714286,9f9b2cff9641f58b2da68f631b76667b4c6297acf7426c9b677519143cc5cee6
confirmation,30,er_gnm,5,n0030-r0005-er_gnm,fhs3,source,0,360,5184/7,4674/7,13810/7,11640/7,5858,3091.472576379056,9f9b2cff9641f58b2da68f631b76667b4c6297acf7426c9b677519143cc5cee6
confirmation,30,er_gnm,5,n0030-r0005-er_gnm,fhs3,binary_panel,0,2459/7,10051/14,6214/7,12428/7,1239,24856/7,1775.4285714285713,9f9b2cff9641f58b2da68f631b76667b4c6297acf7426c9b677519143cc5cee6
confirmation,30,er_gnm,5,n0030-r0005-er_gnm,fhs5,source,0,360,5184/7,611,20416/7,18332/7,14170,6620.761067179298,9f9b2cff9641f58b2da68f631b76667b4c6297acf7426c9b677519143cc5cee6
confirmation,30,er_gnm,5,n0030-r0005-er_gnm,fhs5,binary_panel,0,2427/7,4947/7,7398/7,14796/7,9825/7,29592/7,2113.714285714286,9f9b2cff9641f58b2da68f631b76667b4c6297acf7426c9b677519143cc5cee6
confirmation,30,er_gnm,5,n0030-r0005-er_gnm,nch,source,0,360,5184/7,487,22439/7,20915/7,159615/7,8902.695696973728,9f9b2cff9641f58b2da68f631b76667b4c6297acf7426c9b677519143cc5cee6
confirmation,30,er_gnm,5,n0030-r0005-er_gnm,nch,binary_panel,0,360,5184/7,5325/7,10650/7,7845/7,21300/7,1521.4285714285713,9f9b2cff9641f58b2da68f631b76667b4c6297acf7426c9b677519143cc5cee6
confirmation,30,sbm_fixed_count,5,n0030-r0005-sbm_fixed_count,demand-aware,source,0,360,5184/7,4544/7,22097/7,19409/7,108971/7,7243.449013561876,0d4be8237a1b57ddbd64a297a558724c9bef76567009e114689245d195e310a9
confirmation,30,sbm_fixed_count,5,n0030-r0005-sbm_fixed_count,demand-aware,binary_panel,0,2229/7,4439/7,7907/7,15814/7,1448,31628/7,2259.1428571428573,0d4be8237a1b57ddbd64a297a558724c9bef76567009e114689245d195e310a9
confirmation,30,sbm_fixed_count,5,n0030-r0005-sbm_fixed_count,fhs3,source,0,2398/7,4897/7,5161/7,15020/7,1739,44134/7,3323.4944978805675,0d4be8237a1b57ddbd64a297a558724c9bef76567009e114689245d195e310a9
confirmation,30,sbm_fixed_count,5,n0030-r0005-sbm_fixed_count,fhs3,binary_panel,0,331,4696/7,6716/7,13432/7,9033/7,26864/7,1918.857142857143,0d4be8237a1b57ddbd64a297a558724c9bef76567009e114689245d195e310a9
confirmation,30,sbm_fixed_count,5,n0030-r0005-sbm_fixed_count,fhs5,source,0,2507/7,5153/7,4661/7,22660/7,2842,111740/7,7427.3705580923925,0d4be8237a1b57ddbd64a297a558724c9bef76567009e114689245d195e310a9
confirmation,30,sbm_fixed_count,5,n0030-r0005-sbm_fixed_count,fhs5,binary_panel,0,2229/7,4439/7,7907/7,15814/7,1448,31628/7,2259.1428571428573,0d4be8237a1b57ddbd64a297a558724c9bef76567009e114689245d195e310a9
confirmation,30,sbm_fixed_count,5,n0030-r0005-sbm_fixed_count,nch,source,0,360,5184/7,3590/7,24943/7,23036/7,183165/7,10107.221784718404,0d4be8237a1b57ddbd64a297a558724c9bef76567009e114689245d195e310a9
confirmation,30,sbm_fixed_count,5,n0030-r0005-sbm_fixed_count,nch,binary_panel,0,4727/14,9615/14,5227/7,10454/7,15181/14,20908/7,1493.4285714285713,0d4be8237a1b57ddbd64a297a558724c9bef76567009e114689245d195e310a9
confirmation,30,barabasi_albert,6,n0030-r0006-barabasi_albert,demand-aware,source,0,360,5323/7,600,20185/7,18224/7,98667/7,6573.961118820554,e84bfc84dfd47aa3b3f58db7518ed72ee120cea9df61620cda1de0ed4619f34d
confirmation,30,barabasi_albert,6,n0030-r0006-barabasi_albert,demand-aware,binary_panel,0,4925/14,10391/14,7106/7,14212/7,19137/14,28424/7,2030.2857142857142,e84bfc84dfd47aa3b3f58db7518ed72ee120cea9df61620cda1de0ed4619f34d
confirmation,30,barabasi_albert,6,n0030-r0006-barabasi_albert,fhs3,source,0,359,758,4885/7,14139/7,11712/7,41385/7,3115.157642421742,e84bfc84dfd47aa3b3f58db7518ed72ee120cea9df61620cda1de0ed4619f34d
confirmation,30,barabasi_albert,6,n0030-r0006-barabasi_albert,fhs3,binary_panel,0,2483/7,5241/7,888,1776,8699/7,3552,1776.0,e84bfc84dfd47aa3b3f58db7518ed72ee120cea9df61620cda1de0ed4619f34d
confirmation,30,barabasi_albert,6,n0030-r0006-barabasi_albert,fhs5,source,0,360,5323/7,4195/7,20232/7,18253/7,99132/7,6601.304018461259,e84bfc84dfd47aa3b3f58db7518ed72ee120cea9df61620cda1de0ed4619f34d
confirmation,30,barabasi_albert,6,n0030-r0006-barabasi_albert,fhs5,binary_panel,0,4925/14,10391/14,7106/7,14212/7,19137/14,28424/7,2030.2857142857142,e84bfc84dfd47aa3b3f58db7518ed72ee120cea9df61620cda1de0ed4619f34d
confirmation,30,barabasi_albert,6,n0030-r0006-barabasi_albert,nch,source,0,360,5323/7,450,3877,25663/7,267007/7,12419.501759349734,e84bfc84dfd47aa3b3f58db7518ed72ee120cea9df61620cda1de0ed4619f34d
confirmation,30,barabasi_albert,6,n0030-r0006-barabasi_albert,nch,binary_panel,0,2488/7,5244/7,5374/7,10748/7,7862/7,21496/7,1535.4285714285713,e84bfc84dfd47aa3b3f58db7518ed72ee120cea9df61620cda1de0ed4619f34d
confirmation,30,er_gnm,6,n0030-r0006-er_gnm,demand-aware,source,0,360,5323/7,4191/7,20598/7,18548/7,102276/7,6787.49371598667,063e5d20a1601f21ec2dc162f8e76257e0f7e37ba0200b499709135fbb1c97f5
confirmation,30,er_gnm,6,n0030-r0006-er_gnm,demand-aware,binary_panel,0,2474/7,5206/7,6954/7,13908/7,9428/7,27816/7,1986.857142857143,063e5d20a1601f21ec2dc162f8e76257e0f7e37ba0200b499709135fbb1c97f5
confirmation,30,er_gnm,6,n0030-r0006-er_gnm,fhs3,source,0,360,5323/7,673,1965,11549/7,5787,3051.275363839187,063e5d20a1601f21ec2dc162f8e76257e0f7e37ba0200b499709135fbb1c97f5
confirmation,30,er_gnm,6,n0030-r0006-er_gnm,fhs3,binary_panel,0,358,5284/7,12577/14,12577/7,17589/14,25154/7,1796.7142857142858,063e5d20a1601f21ec2dc162f8e76257e0f7e37ba0200b499709135fbb1c97f5
confirmation,30,er_gnm,6,n0030-r0006-er_gnm,fhs5,source,0,360,5323/7,4225/7,20756/7,18612/7,103042/7,6838.392175162828,063e5d20a1601f21ec2dc162f8e76257e0f7e37ba0200b499709135fbb1c97f5
confirmation,30,er_gnm,6,n0030-r0006-er_gnm,fhs5,binary_panel,0,2474/7,5206/7,6954/7,13908/7,9428/7,27816/7,1986.857142857143,063e5d20a1601f21ec2dc162f8e76257e0f7e37ba0200b499709135fbb1c97f5
confirmation,30,er_gnm,6,n0030-r0006-er_gnm,nch,source,0,360,5323/7,3488/7,24672/7,22868/7,183714/7,10079.672725169947,063e5d20a1601f21ec2dc162f8e76257e0f7e37ba0200b499709135fbb1c97f5
confirmation,30,er_gnm,6,n0030-r0006-er_gnm,nch,binary_panel,0,2511/7,5296/7,11409/14,11409/7,16431/14,22818/7,1629.857142857143,063e5d20a1601f21ec2dc162f8e76257e0f7e37ba0200b499709135fbb1c97f5
confirmation,30,sbm_fixed_count,6,n0030-r0006-sbm_fixed_count,demand-aware,source,0,2496/7,5263/7,4836/7,3304,20105/7,112596/7,7511.917151335767,32d83fc8ccbad1e1ca0877e4ed1c65357bfdd43775c83e3759fe9649f95e7c5d
confirmation,30,sbm_fixed_count,6,n0030-r0006-sbm_fixed_count,demand-aware,binary_panel,0,2319/7,686,8203/7,16406/7,10522/7,32812/7,2343.714285714286,32d83fc8ccbad1e1ca0877e4ed1c65357bfdd43775c83e3759fe9649f95e7c5d
confirmation,30,sbm_fixed_count,6,n0030-r0006-sbm_fixed_count,fhs3,source,0,2461/7,5178/7,5366/7,15646/7,12620/7,46034/7,3467.073883661612,32d83fc8ccbad1e1ca0877e4ed1c65357bfdd43775c83e3759fe9649f95e7c5d
confirmation,30,sbm_fixed_count,6,n0030-r0006-sbm_fixed_count,fhs3,binary_panel,0,2362/7,4950/7,965,1930,9117/7,3860,1930.0,32d83fc8ccbad1e1ca0877e4ed1c65357bfdd43775c83e3759fe9649f95e7c5d
confirmation,30,sbm_fixed_count,6,n0030-r0006-sbm_fixed_count,fhs5,source,0,2498/7,5263/7,4859/7,23221/7,20079/7,113033/7,7540.460358473364,32d83fc8ccbad1e1ca0877e4ed1c65357bfdd43775c83e3759fe9649f95e7c5d
confirmation,30,sbm_fixed_count,6,n0030-r0006-sbm_fixed_count,fhs5,binary_panel,0,2319/7,686,8203/7,16406/7,10522/7,32812/7,2343.714285714286,32d83fc8ccbad1e1ca0877e4ed1c65357bfdd43775c83e3759fe9649f95e7c5d
confirmation,30,sbm_fixed_count,6,n0030-r0006-sbm_fixed_count,nch,source,0,360,5323/7,3648/7,24351/7,22445/7,171109/7,9662.84405630097,32d83fc8ccbad1e1ca0877e4ed1c65357bfdd43775c83e3759fe9649f95e7c5d
confirmation,30,sbm_fixed_count,6,n0030-r0006-sbm_fixed_count,nch,binary_panel,0,4785/14,10019/14,5503/7,11006/7,15791/14,22012/7,1572.2857142857142,32d83fc8ccbad1e1ca0877e4ed1c65357bfdd43775c83e3759fe9649f95e7c5d
confirmation,30,barabasi_albert,7,n0030-r0007-barabasi_albert,demand-aware,source,0,360,5235/7,4164/7,20348/7,18282/7,100164/7,6671.7421772803045,900ba4940a8bea668126f06164a57feb4f4e8f2d233f63b5e4d9237084c8beb8
confirmation,30,barabasi_albert,7,n0030-r0007-barabasi_albert,demand-aware,binary_panel,0,4905/14,9971/14,13011/14,13011/7,8958/7,26022/7,1858.7142857142858,900ba4940a8bea668126f06164a57feb4f4e8f2d233f63b5e4d9237084c8beb8
confirmation,30,barabasi_albert,7,n0030-r0007-barabasi_albert,fhs3,source,0,360,5235/7,4822/7,14115/7,11699/7,5949,3137.3002888818382,900ba4940a8bea668126f06164a57feb4f4e8f2d233f63b5e4d9237084c8beb8
confirmation,30,barabasi_albert,7,n0030-r0007-barabasi_albert,fhs3,binary_panel,0,4871/14,9915/14,11647/14,11647/7,8259/7,23294/7,1663.857142857143,900ba4940a8bea668126f06164a57feb4f4e8f2d233f63b5e4d9237084c8beb8
confirmation,30,barabasi_albert,7,n0030-r0007-barabasi_albert,fhs5,source,0,360,5235/7,4176/7,20387/7,18365/7,14313,6678.376934772567,900ba4940a8bea668126f06164a57feb4f4e8f2d233f63b5e4d9237084c8beb8
confirmation,30,barabasi_albert,7,n0030-r0007-barabasi_albert,fhs5,binary_panel,0,4905/14,9971/14,13011/14,13011/7,8958/7,26022/7,1858.7142857142858,900ba4940a8bea668126f06164a57feb4f4e8f2d233f63b5e4d9237084c8beb8
confirmation,30,barabasi_albert,7,n0030-r0007-barabasi_albert,nch,source,0,360,5235/7,3137/7,30074/7,28349/7,359920/7,14717.450483290466,900ba4940a8bea668126f06164a57feb4f4e8f2d233f63b5e4d9237084c8beb8
confirmation,30,barabasi_albert,7,n0030-r0007-barabasi_albert,nch,binary_panel,0,4919/14,721,768,1536,15671/14,3072,1536.0,900ba4940a8bea668126f06164a57feb4f4e8f2d233f63b5e4d9237084c8beb8
confirmation,30,er_gnm,7,n0030-r0007-er_gnm,demand-aware,source,0,360,5235/7,4134/7,19566/7,17666/7,95040/7,6332.491880548318,a12d1f9d47e7c33756a4bbd1f192515ec395bd17ec1bb69a5de3a37e5ee0b476
confirmation,30,er_gnm,7,n0030-r0007-er_gnm,demand-aware,binary_panel,0,2497/7,5169/7,920,1840,8937/7,3680,1840.0,a12d1f9d47e7c33756a4bbd1f192515ec395bd17ec1bb69a5de3a37e5ee0b476
confirmation,30,er_gnm,7,n0030-r0007-er_gnm,fhs3,source,0,360,5235/7,4640/7,13579/7,11411/7,40055/7,3017.608767400107,a12d1f9d47e7c33756a4bbd1f192515ec395bd17ec1bb69a5de3a37e5ee0b476
confirmation,30,er_gnm,7,n0030-r0007-er_gnm,fhs3,binary_panel,0,5013/14,10369/14,11743/14,11743/7,8378/7,23486/7,1677.5714285714287,a12d1f9d47e7c33756a4bbd1f192515ec395bd17ec1bb69a5de3a37e5ee0b476
confirmation,30,er_gnm,7,n0030-r0007-er_gnm,fhs5,source,0,360,5235/7,4148/7,19595/7,17678/7,95071/7,6335.924737357237,a12d1f9d47e7c33756a4bbd1f192515ec395bd17ec1bb69a5de3a37e5ee0b476
confirmation,30,er_gnm,7,n0030-r0007-er_gnm,fhs5,binary_panel,0,2497/7,5169/7,920,1840,8937/7,3680,1840.0,a12d1f9d47e7c33756a4bbd1f192515ec395bd17ec1bb69a5de3a37e5ee0b476
confirmation,30,er_gnm,7,n0030-r0007-er_gnm,nch,source,0,360,5235/7,3200/7,23403/7,22102/7,188855/7,9837.058053300605,a12d1f9d47e7c33756a4bbd1f192515ec395bd17ec1bb69a5de3a37e5ee0b476
confirmation,30,er_gnm,7,n0030-r0007-er_gnm,nch,binary_panel,0,2515/7,5211/7,10237/14,10237/7,2181/2,20474/7,1462.4285714285713,a12d1f9d47e7c33756a4bbd1f192515ec395bd17ec1bb69a5de3a37e5ee0b476
confirmation,30,sbm_fixed_count,7,n0030-r0007-sbm_fixed_count,demand-aware,source,0,360,5235/7,671,22601/7,2814,110209/7,7353.490640052808,4217cdd6b219299e3a72f7648dd11794145fec3d456941533743753688c315fb
confirmation,30,sbm_fixed_count,7,n0030-r0007-sbm_fixed_count,demand-aware,binary_panel,0,2257/7,646,8027/7,16054/7,10284/7,32108/7,2293.4285714285716,4217cdd6b219299e3a72f7648dd11794145fec3d456941533743753688c315fb
confirmation,30,sbm_fixed_count,7,n0030-r0007-sbm_fixed_count,fhs3,source,0,2454/7,5062/7,5088/7,14939/7,12227/7,44167/7,3328.2184532578,4217cdd6b219299e3a72f7648dd11794145fec3d456941533743753688c315fb
confirmation,30,sbm_fixed_count,7,n0030-r0007-sbm_fixed_count,fhs3,binary_panel,0,2347/7,4780/7,6214/7,12428/7,1223,24856/7,1775.4285714285713,4217cdd6b219299e3a72f7648dd11794145fec3d456941533743753688c315fb
confirmation,30,sbm_fixed_count,7,n0030-r0007-sbm_fixed_count,fhs5,source,0,2490/7,5169/7,4796/7,23000/7,19970/7,111918/7,7470.732181806627,4217cdd6b219299e3a72f7648dd11794145fec3d456941533743753688c315fb
confirmation,30,sbm_fixed_count,7,n0030-r0007-sbm_fixed_count,fhs5,binary_panel,0,2257/7,646,8027/7,16054/7,10284/7,32108/7,2293.4285714285716,4217cdd6b219299e3a72f7648dd11794145fec3d456941533743753688c315fb
confirmation,30,sbm_fixed_count,7,n0030-r0007-sbm_fixed_count,nch,source,0,360,5235/7,3578/7,25391/7,23470/7,192459/7,10435.7368303722,4217cdd6b219299e3a72f7648dd11794145fec3d456941533743753688c315fb
confirmation,30,sbm_fixed_count,7,n0030-r0007-sbm_fixed_count,nch,binary_panel,0,2473/7,10163/14,5340/7,10680/7,7813/7,21360/7,1525.7142857142858,4217cdd6b219299e3a72f7648dd11794145fec3d456941533743753688c315fb
confirmation,30,barabasi_albert,8,n0030-r0008-barabasi_albert,demand-aware,source,0,360,5311/7,4168/7,19927/7,18041/7,96989/7,6469.847132481688,b03faf4e9f347e719f5db7f06b8a652cc5ff5c78e36052226a9e1240397b96a3
confirmation,30,barabasi_albert,8,n0030-r0008-barabasi_albert,demand-aware,binary_panel,0,4911/14,5119/7,14517/14,14517/7,9714/7,29034/7,2073.8571428571427,b03faf4e9f347e719f5db7f06b8a652cc5ff5c78e36052226a9e1240397b96a3
confirmation,30,barabasi_albert,8,n0030-r0008-barabasi_albert,fhs3,source,0,360,5311/7,675,13926/7,11652/7,41280/7,3111.553779954812,b03faf4e9f347e719f5db7f06b8a652cc5ff5c78e36052226a9e1240397b96a3
confirmation,30,barabasi_albert,8,n0030-r0008-barabasi_albert,fhs3,binary_panel,0,357,751,6067/7,12134/7,8566/7,24268/7,1733.4285714285713,b03faf4e9f347e719f5db7f06b8a652cc5ff5c78e36052226a9e1240397b96a3
confirmation,30,barabasi_albert,8,n0030-r0008-barabasi_albert,fhs5,source,0,360,5311/7,596,19942/7,18034/7,97074/7,6474.773813091679,b03faf4e9f347e719f5db7f06b8a652cc5ff5c78e36052226a9e1240397b96a3
confirmation,30,barabasi_albert,8,n0030-r0008-barabasi_albert,fhs5,binary_panel,0,4911/14,5119/7,14517/14,14517/7,9714/7,29034/7,2073.8571428571427,b03faf4e9f347e719f5db7f06b8a652cc5ff5c78e36052226a9e1240397b96a3
confirmation,30,barabasi_albert,8,n0030-r0008-barabasi_albert,nch,source,0,360,5311/7,439,25379/7,24183/7,228411/7,11283.309462787569,b03faf4e9f347e719f5db7f06b8a652cc5ff5c78e36052226a9e1240397b96a3
confirmation,30,barabasi_albert,8,n0030-r0008-barabasi_albert,nch,binary_panel,0,360,5311/7,5179/7,10358/7,7699/7,20716/7,1479.7142857142858,b03faf4e9f347e719f5db7f06b8a652cc5ff5c78e36052226a9e1240397b96a3
confirmation,30,er_gnm,8,n0030-r0008-er_gnm,demand-aware,source,0,360,5311/7,4113/7,19559/7,17645/7,95527/7,6352.947538899773,751fac88319c16cfcefb246fe02ea2678916f47a8d6f02881776949105303aa1
confirmation,30,er_gnm,8,n0030-r0008-er_gnm,demand-aware,binary_panel,0,5017/14,754,13567/14,13567/7,9292/7,27134/7,1938.142857142857,751fac88319c16cfcefb246fe02ea2678916f47a8d6f02881776949105303aa1
confirmation,30,er_gnm,8,n0030-r0008-er_gnm,fhs3,source,0,360,5311/7,4688/7,13851/7,11644/7,41127/7,3100.5887960259315,751fac88319c16cfcefb246fe02ea2678916f47a8d6f02881776949105303aa1
confirmation,30,er_gnm,8,n0030-r0008-er_gnm,fhs3,binary_panel,0,2515/7,5297/7,6113/7,12226/7,8628/7,24452/7,1746.5714285714287,751fac88319c16cfcefb246fe02ea2678916f47a8d6f02881776949105303aa1
confirmation,30,er_gnm,8,n0030-r0008-er_gnm,fhs5,source,0,360,5311/7,4113/7,19559/7,17645/7,95527/7,6352.947538899773,751fac88319c16cfcefb246fe02ea2678916f47a8d6f02881776949105303aa1
confirmation,30,er_gnm,8,n0030-r0008-er_gnm,fhs5,binary_panel,0,5017/14,754,13567/14,13567/7,9292/7,27134/7,1938.142857142857,751fac88319c16cfcefb246fe02ea2678916f47a8d6f02881776949105303aa1
confirmation,30,er_gnm,8,n0030-r0008-er_gnm,nch,source,0,360,5311/7,3370/7,23927/7,22383/7,184675/7,9875.596249331227,751fac88319c16cfcefb246fe02ea2678916f47a8d6f02881776949105303aa1
confirmation,30,er_gnm,8,n0030-r0008-er_gnm,nch,binary_panel,0,360,5311/7,5385/7,10770/7,7905/7,21540/7,1538.5714285714287,751fac88319c16cfcefb246fe02ea2678916f47a8d6f02881776949105303aa1
confirmation,30,sbm_fixed_count,8,n0030-r0008-sbm_fixed_count,demand-aware,source,0,360,5311/7,4534/7,22229/7,19491/7,110263/7,7317.927537336327,95b0288a7e84cc2f03a44b98c21ce95a7848d8ad7aa98add0d19cd72c7c0a1f2
confirmation,30,sbm_fixed_count,8,n0030-r0008-sbm_fixed_count,demand-aware,binary_panel,0,2354/7,4909/7,7862/7,15724/7,10216/7,31448/7,2246.285714285714,95b0288a7e84cc2f03a44b98c21ce95a7848d8ad7aa98add0d19cd72c7c0a1f2
confirmation,30,sbm_fixed_count,8,n0030-r0008-sbm_fixed_count,fhs3,source,0,360,5311/7,5070/7,15070/7,12443/7,44930/7,3388.7993408094144,95b0288a7e84cc2f03a44b98c21ce95a7848d8ad7aa98add0d19cd72c7c0a1f2
confirmation,30,sbm_fixed_count,8,n0030-r0008-sbm_fixed_count,fhs3,binary_panel,0,343,5030/7,6694/7,13388/7,9095/7,26776/7,1912.5714285714287,95b0288a7e84cc2f03a44b98c21ce95a7848d8ad7aa98add0d19cd72c7c0a1f2
confirmation,30,sbm_fixed_count,8,n0030-r0008-sbm_fixed_count,fhs5,source,0,360,5311/7,4534/7,22229/7,19491/7,110263/7,7317.927537336327,95b0288a7e84cc2f03a44b98c21ce95a7848d8ad7aa98add0d19cd72c7c0a1f2
confirmation,30,sbm_fixed_count,8,n0030-r0008-sbm_fixed_count,fhs5,binary_panel,0,2354/7,4909/7,7862/7,15724/7,10216/7,31448/7,2246.285714285714,95b0288a7e84cc2f03a44b98c21ce95a7848d8ad7aa98add0d19cd72c7c0a1f2
confirmation,30,sbm_fixed_count,8,n0030-r0008-sbm_fixed_count,nch,source,0,360,5311/7,517,24660/7,3260,174010/7,9848.9163145054,95b0288a7e84cc2f03a44b98c21ce95a7848d8ad7aa98add0d19cd72c7c0a1f2
confirmation,30,sbm_fixed_count,8,n0030-r0008-sbm_fixed_count,nch,binary_panel,0,346,5095/7,5508/7,11016/7,7930/7,22032/7,1573.7142857142858,95b0288a7e84cc2f03a44b98c21ce95a7848d8ad7aa98add0d19cd72c7c0a1f2
confirmation,30,barabasi_albert,9,n0030-r0009-barabasi_albert,demand-aware,source,0,360,5284/7,4175/7,20200/7,18372/7,98612/7,6585.306324267181,7abf7a5985b67071b672fa4b36974fceefe2136513a107a61804271a77f8d8ab
confirmation,30,barabasi_albert,9,n0030-r0009-barabasi_albert,demand-aware,binary_panel,0,2435/7,10089/14,6985/7,13970/7,9420/7,27940/7,1995.7142857142858,7abf7a5985b67071b672fa4b36974fceefe2136513a107a61804271a77f8d8ab
confirmation,30,barabasi_albert,9,n0030-r0009-barabasi_albert,fhs3,source,0,360,5284/7,4791/7,14011/7,11661/7,41309/7,3111.913821011714,7abf7a5985b67071b672fa4b36974fceefe2136513a107a61804271a77f8d8ab
confirmation,30,barabasi_albert,9,n0030-r0009-barabasi_albert,fhs3,binary_panel,0,2467/7,5129/7,5954/7,11908/7,1203,23816/7,1701.142857142857,7abf7a5985b67071b672fa4b36974fceefe2136513a107a61804271a77f8d8ab
confirmation,30,barabasi_albert,9,n0030-r0009-barabasi_albert,fhs5,source,0,360,5284/7,4175/7,20200/7,18372/7,98612/7,6585.306324267181,7abf7a5985b67071b672fa4b36974fceefe2136513a107a61804271a77f8d8ab
confirmation,30,barabasi_albert,9,n0030-r0009-barabasi_albert,fhs5,binary_panel,0,2435/7,10089/14,6985/7,13970/7,9420/7,27940/7,1995.7142857142858,7abf7a5985b67071b672fa4b36974fceefe2136513a107a61804271a77f8d8ab
confirmation,30,barabasi_albert,9,n0030-r0009-barabasi_albert,nch,source,0,360,5284/7,3041/7,27620/7,26370/7,318488/7,13254.74620551331,7abf7a5985b67071b672fa4b36974fceefe2136513a107a61804271a77f8d8ab
confirmation,30,barabasi_albert,9,n0030-r0009-barabasi_albert,nch,binary_panel,0,2518/7,754,5183/7,10366/7,7701/7,20732/7,1480.857142857143,7abf7a5985b67071b672fa4b36974fceefe2136513a107a61804271a77f8d8ab
confirmation,30,er_gnm,9,n0030-r0009-er_gnm,demand-aware,source,0,360,5284/7,4126/7,19378/7,17462/7,93316/7,6237.098314030598,2c3dbc807cdcdf1ed8486f9869cf2701ca3a5f2c3fbdac12d7af9bffadc59da3
confirmation,30,er_gnm,9,n0030-r0009-er_gnm,demand-aware,binary_panel,0,2517/7,5279/7,14543/14,14543/7,19577/14,29086/7,2077.5714285714284,2c3dbc807cdcdf1ed8486f9869cf2701ca3a5f2c3fbdac12d7af9bffadc59da3
confirmation,30,er_gnm,9,n0030-r0009-er_gnm,fhs3,source,0,360,5284/7,4639/7,13602/7,11432/7,40176/7,3027.1619370506914,2c3dbc807cdcdf1ed8486f9869cf2701ca3a5f2c3fbdac12d7af9bffadc59da3
confirmation,30,er_gnm,9,n0030-r0009-er_gnm,fhs3,binary_panel,0,2519/7,5281/7,12151/14,12151/7,17189/14,24302/7,1735.857142857143,2c3dbc807cdcdf1ed8486f9869cf2701ca3a5f2c3fbdac12d7af9bffadc59da3
confirmation,30,er_gnm,9,n0030-r0009-er_gnm,fhs5,source,0,360,5284/7,590,19433/7,17485/7,93703/7,6260.961757135636,2c3dbc807cdcdf1ed8486f9869cf2701ca3a5f2c3fbdac12d7af9bffadc59da3
confirmation,30,er_gnm,9,n0030-r0009-er_gnm,fhs5,binary_panel,0,2517/7,5279/7,14543/14,14543/7,19577/14,29086/7,2077.5714285714284,2c3dbc807cdcdf1ed8486f9869cf2701ca3a5f2c3fbdac12d7af9bffadc59da3
confirmation,30,er_gnm,9,n0030-r0009-er_gnm,nch,source,0,360,5284/7,3321/7,22824/7,3064,168916/7,9244.796959681373,2c3dbc807cdcdf1ed8486f9869cf2701ca3a5f2c3fbdac12d7af9bffadc59da3
confirmation,30,er_gnm,9,n0030-r0009-er_gnm,nch,binary_panel,0,360,5284/7,5251/7,10502/7,7771/7,21004/7,1500.2857142857142,2c3dbc807cdcdf1ed8486f9869cf2701ca3a5f2c3fbdac12d7af9bffadc59da3
confirmation,30,sbm_fixed_count,9,n0030-r0009-sbm_fixed_count,demand-aware,source,0,360,5284/7,4682/7,22576/7,19826/7,110282/7,7356.552586049186,d1bfe83ac736edeaf061d1dac40d3faf5a4d7b52fd0ce28405e283f4500ec3a3
confirmation,30,sbm_fixed_count,9,n0030-r0009-sbm_fixed_count,demand-aware,binary_panel,0,2365/7,4871/7,15691/14,15691/7,20421/14,31382/7,2241.5714285714284,d1bfe83ac736edeaf061d1dac40d3faf5a4d7b52fd0ce28405e283f4500ec3a3
confirmation,30,sbm_fixed_count,9,n0030-r0009-sbm_fixed_count,fhs3,source,0,2505/7,5246/7,5242/7,2201,12581/7,45583/7,3435.1873104501074,d1bfe83ac736edeaf061d1dac40d3faf5a4d7b52fd0ce28405e283f4500ec3a3
confirmation,30,sbm_fixed_count,9,n0030-r0009-sbm_fixed_count,fhs3,binary_panel,0,2438/7,5077/7,6446/7,12892/7,8884/7,25784/7,1841.7142857142858,d1bfe83ac736edeaf061d1dac40d3faf5a4d7b52fd0ce28405e283f4500ec3a3
confirmation,30,sbm_fixed_count,9,n0030-r0009-sbm_fixed_count,fhs5,source,0,360,5284/7,4699/7,22658/7,19858/7,110680/7,7383.200438426631,d1bfe83ac736edeaf061d1dac40d3faf5a4d7b52fd0ce28405e283f4500ec3a3
confirmation,30,sbm_fixed_count,9,n0030-r0009-sbm_fixed_count,fhs5,binary_panel,0,2365/7,4871/7,15691/14,15691/7,20421/14,31382/7,2241.5714285714284,d1bfe83ac736edeaf061d1dac40d3faf5a4d7b52fd0ce28405e283f4500ec3a3
confirmation,30,sbm_fixed_count,9,n0030-r0009-sbm_fixed_count,nch,source,0,360,5284/7,3639/7,27690/7,25531/7,31906,11759.480891123847,d1bfe83ac736edeaf061d1dac40d3faf5a4d7b52fd0ce28405e283f4500ec3a3
confirmation,30,sbm_fixed_count,9,n0030-r0009-sbm_fixed_count,nch,binary_panel,0,2440/7,5069/7,5625/7,11250/7,8065/7,22500/7,1607.142857142857,d1bfe83ac736edeaf061d1dac40d3faf5a4d7b52fd0ce28405e283f4500ec3a3
confirmation,30,barabasi_albert,10,n0030-r0010-barabasi_albert,demand-aware,source,0,360,5259/7,4136/7,19800/7,18045/7,96954/7,6447.790644756724,31e6ff46bd507d76138733d63b6dcca00a88c9896a8653f6804200c64ebd472a
confirmation,30,barabasi_albert,10,n0030-r0010-barabasi_albert,demand-aware,binary_panel,0,355,5150/7,6457/7,12914/7,8942/7,25828/7,1844.857142857143,31e6ff46bd507d76138733d63b6dcca00a88c9896a8653f6804200c64ebd472a
confirmation,30,barabasi_albert,10,n0030-r0010-barabasi_albert,fhs3,source,0,360,5259/7,4757/7,13967/7,11661/7,5899,3111.6448638762745,31e6ff46bd507d76138733d63b6dcca00a88c9896a8653f6804200c64ebd472a
confirmation,30,barabasi_albert,10,n0030-r0010-barabasi_albert,fhs3,binary_panel,0,2501/7,5207/7,5760/7,11520/7,8261/7,23040/7,1645.7142857142858,31e6ff46bd507d76138733d63b6dcca00a88c9896a8653f6804200c64ebd472a
confirmation,30,barabasi_albert,10,n0030-r0010-barabasi_albert,fhs5,source,0,360,5259/7,4136/7,19800/7,18045/7,96954/7,6447.790644756724,31e6ff46bd507d76138733d63b6dcca00a88c9896a8653f6804200c64ebd472a
confirmation,30,barabasi_albert,10,n0030-r0010-barabasi_albert,fhs5,binary_panel,0,355,5150/7,6457/7,12914/7,8942/7,25828/7,1844.857142857143,31e6ff46bd507d76138733d63b6dcca00a88c9896a8653f6804200c64ebd472a
confirmation,30,barabasi_albert,10,n0030-r0010-barabasi_albert,nch,source,0,360,5259/7,3120/7,27745/7,26168/7,269131/7,12759.442597371808,31e6ff46bd507d76138733d63b6dcca00a88c9896a8653f6804200c64ebd472a
confirmation,30,barabasi_albert,10,n0030-r0010-barabasi_albert,nch,binary_panel,0,2500/7,5223/7,5288/7,10576/7,7788/7,21152/7,1510.857142857143,31e6ff46bd507d76138733d63b6dcca00a88c9896a8653f6804200c64ebd472a
confirmation,30,er_gnm,10,n0030-r0010-er_gnm,demand-aware,source,0,360,5259/7,4064/7,19339/7,2499,13407,6263.99111467651,f22eb050c7b386da40e68b19deac8fd3817727e2cbcfb25fae5d6069a86cac4a
confirmation,30,er_gnm,10,n0030-r0010-er_gnm,demand-aware,binary_panel,0,2497/7,5200/7,6705/7,13410/7,9202/7,26820/7,1915.7142857142858,f22eb050c7b386da40e68b19deac8fd3817727e2cbcfb25fae5d6069a86cac4a
confirmation,30,er_gnm,10,n0030-r0010-er_gnm,fhs3,source,0,360,5259/7,658,13526/7,11421/7,39994/7,3013.7978120476005,f22eb050c7b386da40e68b19deac8fd3817727e2cbcfb25fae5d6069a86cac4a
confirmation,30,er_gnm,10,n0030-r0010-er_gnm,fhs3,binary_panel,0,2498/7,5209/7,6117/7,12234/7,8615/7,24468/7,1747.7142857142858,f22eb050c7b386da40e68b19deac8fd3817727e2cbcfb25fae5d6069a86cac4a
confirmation,30,er_gnm,10,n0030-r0010-er_gnm,fhs5,source,0,360,5259/7,4099/7,19339/7,17428/7,93433/7,6239.785587231579,f22eb050c7b386da40e68b19deac8fd3817727e2cbcfb25fae5d6069a86cac4a
confirmation,30,er_gnm,10,n0030-r0010-er_gnm,fhs5,binary_panel,0,2497/7,5200/7,6705/7,13410/7,9202/7,26820/7,1915.7142857142858,f22eb050c7b386da40e68b19deac8fd3817727e2cbcfb25fae5d6069a86cac4a
confirmation,30,er_gnm,10,n0030-r0010-er_gnm,nch,source,0,360,5259/7,462,23663/7,22418/7,191155/7,9949.644179986544,f22eb050c7b386da40e68b19deac8fd3817727e2cbcfb25fae5d6069a86cac4a
confirmation,30,er_gnm,10,n0030-r0010-er_gnm,nch,binary_panel,0,2504/7,5218/7,5368/7,10736/7,7872/7,21472/7,1533.7142857142858,f22eb050c7b386da40e68b19deac8fd3817727e2cbcfb25fae5d6069a86cac4a
confirmation,30,sbm_fixed_count,10,n0030-r0010-sbm_fixed_count,demand-aware,source,0,360,5259/7,4756/7,22755/7,20053/7,110963/7,7395.30971823001,342d9032faab6cadb79a3473521a72ad0dce96dc4119af6833a71c2da9811092
confirmation,30,sbm_fixed_count,10,n0030-r0010-sbm_fixed_count,demand-aware,binary_panel,0,2344/7,4804/7,18703/14,18703/7,23391/14,37406/7,2671.8571428571427,342d9032faab6cadb79a3473521a72ad0dce96dc4119af6833a71c2da9811092
confirmation,30,sbm_fixed_count,10,n0030-r0010-sbm_fixed_count,fhs3,source,0,2494/7,5178/7,761,15807/7,12926/7,47073/7,3549.990756949764,342d9032faab6cadb79a3473521a72ad0dce96dc4119af6833a71c2da9811092
confirmation,30,sbm_fixed_count,10,n0030-r0010-sbm_fixed_count,fhs3,binary_panel,0,2381/7,9759/14,7201/7,14402/7,9582/7,28804/7,2057.4285714285716,342d9032faab6cadb79a3473521a72ad0dce96dc4119af6833a71c2da9811092
confirmation,30,sbm_fixed_count,10,n0030-r0010-sbm_fixed_count,fhs5,source,0,360,5259/7,4756/7,22755/7,20053/7,110963/7,7395.30971823001,342d9032faab6cadb79a3473521a72ad0dce96dc4119af6833a71c2da9811092
confirmation,30,sbm_fixed_count,10,n0030-r0010-sbm_fixed_count,fhs5,binary_panel,0,2344/7,4804/7,18703/14,18703/7,23391/14,37406/7,2671.8571428571427,342d9032faab6cadb79a3473521a72ad0dce96dc4119af6833a71c2da9811092
confirmation,30,sbm_fixed_count,10,n0030-r0010-sbm_fixed_count,nch,source,0,360,5259/7,3637/7,24998/7,23154/7,183002/7,10098.590505104254,342d9032faab6cadb79a3473521a72ad0dce96dc4119af6833a71c2da9811092
confirmation,30,sbm_fixed_count,10,n0030-r0010-sbm_fixed_count,nch,binary_panel,0,2503/7,5218/7,5335/7,10670/7,7838/7,21340/7,1524.2857142857142,342d9032faab6cadb79a3473521a72ad0dce96dc4119af6833a71c2da9811092
confirmation,30,barabasi_albert,11,n0030-r0011-barabasi_albert,demand-aware,source,0,360,5176/7,4182/7,20171/7,18243/7,99087/7,6589.344254480416,4095a68b88001f910f7184e45979dd9f67009d13b0829b6ffc5c72e66174d976
confirmation,30,barabasi_albert,11,n0030-r0011-barabasi_albert,demand-aware,binary_panel,0,355,5067/7,7023/7,14046/7,9508/7,28092/7,2006.5714285714287,4095a68b88001f910f7184e45979dd9f67009d13b0829b6ffc5c72e66174d976
confirmation,30,barabasi_albert,11,n0030-r0011-barabasi_albert,fhs3,source,0,360,5176/7,4659/7,13812/7,1664,41106/7,3099.780633531804,4095a68b88001f910f7184e45979dd9f67009d13b0829b6ffc5c72e66174d976
confirmation,30,barabasi_albert,11,n0030-r0011-barabasi_albert,fhs3,binary_panel,0,2510/7,5146/7,5996/7,11992/7,8506/7,23984/7,1713.142857142857,4095a68b88001f910f7184e45979dd9f67009d13b0829b6ffc5c72e66174d976
confirmation,30,barabasi_albert,11,n0030-r0011-barabasi_albert,fhs5,source,0,360,5176/7,4182/7,20171/7,18243/7,99087/7,6589.344254480416,4095a68b88001f910f7184e45979dd9f67009d13b0829b6ffc5c72e66174d976
confirmation,30,barabasi_albert,11,n0030-r0011-barabasi_albert,fhs5,binary_panel,0,355,5067/7,7023/7,14046/7,9508/7,28092/7,2006.5714285714287,4095a68b88001f910f7184e45979dd9f67009d13b0829b6ffc5c72e66174d976
confirmation,30,barabasi_albert,11,n0030-r0011-barabasi_albert,nch,source,0,360,5176/7,440,27961/7,3785,286571/7,13074.812205055716,4095a68b88001f910f7184e45979dd9f67009d13b0829b6ffc5c72e66174d976
confirmation,30,barabasi_albert,11,n0030-r0011-barabasi_albert,nch,binary_panel,0,2511/7,5150/7,5346/7,10692/7,7857/7,21384/7,1527.4285714285713,4095a68b88001f910f7184e45979dd9f67009d13b0829b6ffc5c72e66174d976
confirmation,30,er_gnm,11,n0030-r0011-er_gnm,demand-aware,source,0,360,5176/7,4341/7,2971,18534/7,101061/7,6751.266959566403,509936b7f4407cb35d65f1f17c5edba84e0418b10784610382f501e3229356da
confirmation,30,er_gnm,11,n0030-r0011-er_gnm,demand-aware,binary_panel,0,2489/7,10147/14,7586/7,15172/7,10075/7,30344/7,2167.4285714285716,509936b7f4407cb35d65f1f17c5edba84e0418b10784610382f501e3229356da
confirmation,30,er_gnm,11,n0030-r0011-er_gnm,fhs3,source,0,360,5176/7,4990/7,14386/7,11906/7,41990/7,3159.719190647463,509936b7f4407cb35d65f1f17c5edba84e0418b10784610382f501e3229356da
confirmation,30,er_gnm,11,n0030-r0011-er_gnm,fhs3,binary_panel,0,2497/7,5111/7,6494/7,12988/7,8991/7,25976/7,1855.4285714285713,509936b7f4407cb35d65f1f17c5edba84e0418b10784610382f501e3229356da
confirmation,30,er_gnm,11,n0030-r0011-er_gnm,fhs5,source,0,360,5176/7,4376/7,21055/7,18764/7,102651/7,6851.299934620262,509936b7f4407cb35d65f1f17c5edba84e0418b10784610382f501e3229356da
confirmation,30,er_gnm,11,n0030-r0011-er_gnm,fhs5,binary_panel,0,2489/7,10147/14,7586/7,15172/7,10075/7,30344/7,2167.4285714285716,509936b7f4407cb35d65f1f17c5edba84e0418b10784610382f501e3229356da
confirmation,30,er_gnm,11,n0030-r0011-er_gnm,nch,source,0,360,5176/7,3510/7,23491/7,21758/7,169173/7,9384.89741192651,509936b7f4407cb35d65f1f17c5edba84e0418b10784610382f501e3229356da
confirmation,30,er_gnm,11,n0030-r0011-er_gnm,nch,binary_panel,0,360,5176/7,10803/14,10803/7,15843/14,21606/7,1543.2857142857142,509936b7f4407cb35d65f1f17c5edba84e0418b10784610382f501e3229356da
confirmation,30,sbm_fixed_count,11,n0030-r0011-sbm_fixed_count,demand-aware,source,0,360,5176/7,4474/7,21977/7,19822/7,109099/7,7240.381225782724,9efdc1793aa37675b84981856ace9366731a3c6677525155895867151b6edd82
confirmation,30,sbm_fixed_count,11,n0030-r0011-sbm_fixed_count,demand-aware,binary_panel,0,2363/7,681,8969/7,17938/7,11332/7,35876/7,2562.5714285714284,9efdc1793aa37675b84981856ace9366731a3c6677525155895867151b6edd82
confirmation,30,sbm_fixed_count,11,n0030-r0011-sbm_fixed_count,fhs3,source,0,2458/7,5024/7,5275/7,15104/7,12230/7,43870/7,3299.393954978919,9efdc1793aa37675b84981856ace9366731a3c6677525155895867151b6edd82
confirmation,30,sbm_fixed_count,11,n0030-r0011-sbm_fixed_count,fhs3,binary_panel,0,347,4915/7,6801/7,13602/7,9230/7,27204/7,1943.142857142857,9efdc1793aa37675b84981856ace9366731a3c6677525155895867151b6edd82
confirmation,30,sbm_fixed_count,11,n0030-r0011-sbm_fixed_count,fhs5,source,0,360,5176/7,651,3189,20012/7,15813,7346.463858420754,9efdc1793aa37675b84981856ace9366731a3c6677525155895867151b6edd82
confirmation,30,sbm_fixed_count,11,n0030-r0011-sbm_fixed_count,fhs5,binary_panel,0,2363/7,681,8969/7,17938/7,11332/7,35876/7,2562.5714285714284,9efdc1793aa37675b84981856ace9366731a3c6677525155895867151b6edd82
confirmation,30,sbm_fixed_count,11,n0030-r0011-sbm_fixed_count,nch,source,0,360,5176/7,3590/7,3424,22269/7,168202/7,9505.881547250308,9efdc1793aa37675b84981856ace9366731a3c6677525155895867151b6edd82
confirmation,30,sbm_fixed_count,11,n0030-r0011-sbm_fixed_count,nch,binary_panel,0,2438/7,4953/7,5552/7,11104/7,7990/7,22208/7,1586.2857142857142,9efdc1793aa37675b84981856ace9366731a3c6677525155895867151b6edd82
confirmation,30,barabasi_albert,12,n0030-r0012-barabasi_albert,demand-aware,source,0,360,5237/7,590,19842/7,18014/7,97212/7,6467.712627764256,a6245deb88ce510b8e26ba07c6af36775e0b61138fb6371909e517653ca0ec92
confirmation,30,barabasi_albert,12,n0030-r0012-barabasi_albert,demand-aware,binary_panel,0,347,4987/7,6742/7,13484/7,9171/7,26968/7,1926.2857142857142,a6245deb88ce510b8e26ba07c6af36775e0b61138fb6371909e517653ca0ec92
confirmation,30,barabasi_albert,12,n0030-r0012-barabasi_albert,fhs3,source,0,360,5237/7,4684/7,13887/7,1670,41331/7,3116.762374610959,a6245deb88ce510b8e26ba07c6af36775e0b61138fb6371909e517653ca0ec92
confirmation,30,barabasi_albert,12,n0030-r0012-barabasi_albert,fhs3,binary_panel,0,2452/7,723,5785/7,11570/7,8237/7,23140/7,1652.857142857143,a6245deb88ce510b8e26ba07c6af36775e0b61138fb6371909e517653ca0ec92
confirmation,30,barabasi_albert,12,n0030-r0012-barabasi_albert,fhs5,source,0,360,5237/7,590,19842/7,18014/7,97212/7,6467.712627764256,a6245deb88ce510b8e26ba07c6af36775e0b61138fb6371909e517653ca0ec92
confirmation,30,barabasi_albert,12,n0030-r0012-barabasi_albert,fhs5,binary_panel,0,347,4987/7,6742/7,13484/7,9171/7,26968/7,1926.2857142857142,a6245deb88ce510b8e26ba07c6af36775e0b61138fb6371909e517653ca0ec92
confirmation,30,barabasi_albert,12,n0030-r0012-barabasi_albert,nch,source,0,360,5237/7,3177/7,3941,25997/7,278911/7,12728.71584841254,a6245deb88ce510b8e26ba07c6af36775e0b61138fb6371909e517653ca0ec92
confirmation,30,barabasi_albert,12,n0030-r0012-barabasi_albert,nch,binary_panel,0,2507/7,10385/14,10551/14,10551/7,15565/14,21102/7,1507.2857142857142,a6245deb88ce510b8e26ba07c6af36775e0b61138fb6371909e517653ca0ec92
confirmation,30,er_gnm,12,n0030-r0012-er_gnm,demand-aware,source,0,2514/7,5226/7,609,2928,18398/7,100146/7,6674.338137274668,c7a1e44de86f88c60526d087644a0cebfb848d96dfff9d314c2cde6b28788b95
confirmation,30,er_gnm,12,n0030-r0012-er_gnm,demand-aware,binary_panel,0,2511/7,5214/7,7551/7,15102/7,10062/7,30204/7,2157.4285714285716,c7a1e44de86f88c60526d087644a0cebfb848d96dfff9d314c2cde6b28788b95
confirmation,30,er_gnm,12,n0030-r0012-er_gnm,fhs3,source,0,360,5237/7,4891/7,14316/7,11913/7,42234/7,3181.8085621155947,c7a1e44de86f88c60526d087644a0cebfb848d96dfff9d314c2cde6b28788b95
confirmation,30,er_gnm,12,n0030-r0012-er_gnm,fhs3,binary_panel,0,2487/7,5113/7,6420/7,12840/7,8907/7,25680/7,1834.2857142857142,c7a1e44de86f88c60526d087644a0cebfb848d96dfff9d314c2cde6b28788b95
confirmation,30,er_gnm,12,n0030-r0012-er_gnm,fhs5,source,0,2514/7,5226/7,609,2928,18398/7,100146/7,6674.338137274668,c7a1e44de86f88c60526d087644a0cebfb848d96dfff9d314c2cde6b28788b95
confirmation,30,er_gnm,12,n0030-r0012-er_gnm,fhs5,binary_panel,0,2511/7,5214/7,7551/7,15102/7,10062/7,30204/7,2157.4285714285716,c7a1e44de86f88c60526d087644a0cebfb848d96dfff9d314c2cde6b28788b95
confirmation,30,er_gnm,12,n0030-r0012-er_gnm,nch,source,0,360,5237/7,3394/7,25210/7,23319/7,198712/7,10585.400726198854,c7a1e44de86f88c60526d087644a0cebfb848d96dfff9d314c2cde6b28788b95
confirmation,30,er_gnm,12,n0030-r0012-er_gnm,nch,binary_panel,0,2512/7,5198/7,5548/7,11096/7,8060/7,22192/7,1585.142857142857,c7a1e44de86f88c60526d087644a0cebfb848d96dfff9d314c2cde6b28788b95
confirmation,30,sbm_fixed_count,12,n0030-r0012-sbm_fixed_count,demand-aware,source,0,360,5237/7,4561/7,21734/7,19401/7,106054/7,7059.23932786637,575b69fcb1a35a1b8e7dc9a272649132c9a75516f3140b9993c801192995ea81
confirmation,30,sbm_fixed_count,12,n0030-r0012-sbm_fixed_count,demand-aware,binary_panel,0,319,4505/7,1198,2396,1517,4792,2396.0,575b69fcb1a35a1b8e7dc9a272649132c9a75516f3140b9993c801192995ea81
confirmation,30,sbm_fixed_count,12,n0030-r0012-sbm_fixed_count,fhs3,source,0,360,5237/7,5132/7,14989/7,12332/7,44153/7,3325.8347782460555,575b69fcb1a35a1b8e7dc9a272649132c9a75516f3140b9993c801192995ea81
confirmation,30,sbm_fixed_count,12,n0030-r0012-sbm_fixed_count,fhs3,binary_panel,0,2318/7,4743/7,6618/7,13236/7,8936/7,26472/7,1890.857142857143,575b69fcb1a35a1b8e7dc9a272649132c9a75516f3140b9993c801192995ea81
confirmation,30,sbm_fixed_count,12,n0030-r0012-sbm_fixed_count,fhs5,source,0,360,5237/7,4537/7,21376/7,19052/7,103772/7,6910.013214970228,575b69fcb1a35a1b8e7dc9a272649132c9a75516f3140b9993c801192995ea81
confirmation,30,sbm_fixed_count,12,n0030-r0012-sbm_fixed_count,fhs5,binary_panel,0,319,4505/7,1198,2396,1517,4792,2396.0,575b69fcb1a35a1b8e7dc9a272649132c9a75516f3140b9993c801192995ea81
confirmation,30,sbm_fixed_count,12,n0030-r0012-sbm_fixed_count,nch,source,0,360,5237/7,3503/7,26214/7,24356/7,213532/7,11115.566813865635,575b69fcb1a35a1b8e7dc9a272649132c9a75516f3140b9993c801192995ea81
confirmation,30,sbm_fixed_count,12,n0030-r0012-sbm_fixed_count,nch,binary_panel,0,2447/7,5048/7,5485/7,10970/7,7932/7,21940/7,1567.142857142857,575b69fcb1a35a1b8e7dc9a272649132c9a75516f3140b9993c801192995ea81
confirmation,30,barabasi_albert,13,n0030-r0013-barabasi_albert,demand-aware,source,0,360,5282/7,4169/7,20240/7,18384/7,99018/7,6608.591068586889,59698ef2be9b142e8445ca776bb5eafe28438d1d6e28b5010471b5a56eba75c5
confirmation,30,barabasi_albert,13,n0030-r0013-barabasi_albert,demand-aware,binary_panel,0,354,5120/7,6978/7,13956/7,9456/7,27912/7,1993.7142857142858,59698ef2be9b142e8445ca776bb5eafe28438d1d6e28b5010471b5a56eba75c5
confirmation,30,barabasi_albert,13,n0030-r0013-barabasi_albert,fhs3,source,0,360,5282/7,4720/7,13754/7,11525/7,40450/7,3046.3692406190285,59698ef2be9b142e8445ca776bb5eafe28438d1d6e28b5010471b5a56eba75c5
confirmation,30,barabasi_albert,13,n0030-r0013-barabasi_albert,fhs3,binary_panel,0,4959/14,5144/7,5931/7,11862/7,2403/2,23724/7,1694.5714285714287,59698ef2be9b142e8445ca776bb5eafe28438d1d6e28b5010471b5a56eba75c5
confirmation,30,barabasi_albert,13,n0030-r0013-barabasi_albert,fhs5,source,0,360,5282/7,4169/7,20240/7,18384/7,99018/7,6608.591068586889,59698ef2be9b142e8445ca776bb5eafe28438d1d6e28b5010471b5a56eba75c5
confirmation,30,barabasi_albert,13,n0030-r0013-barabasi_albert,fhs5,binary_panel,0,354,5120/7,6978/7,13956/7,9456/7,27912/7,1993.7142857142858,59698ef2be9b142e8445ca776bb5eafe28438d1d6e28b5010471b5a56eba75c5
confirmation,30,barabasi_albert,13,n0030-r0013-barabasi_albert,nch,source,0,360,5282/7,3054/7,29871/7,28520/7,339271/7,14512.358350317672,59698ef2be9b142e8445ca776bb5eafe28438d1d6e28b5010471b5a56eba75c5
confirmation,30,barabasi_albert,13,n0030-r0013-barabasi_albert,nch,binary_panel,0,358,5213/7,5503/7,11006/7,8009/7,22012/7,1572.2857142857142,59698ef2be9b142e8445ca776bb5eafe28438d1d6e28b5010471b5a56eba75c5
confirmation,30,er_gnm,13,n0030-r0013-er_gnm,demand-aware,source,0,360,5282/7,4101/7,20215/7,2602,14315,6659.599486383675,d8a0d091dfea74c4ab9392508f27a86e1e5d555d243810a3f821f3b0642a454b
confirmation,30,er_gnm,13,n0030-r0013-er_gnm,demand-aware,binary_panel,0,2511/7,5248/7,7488/7,14976/7,9999/7,29952/7,2139.4285714285716,d8a0d091dfea74c4ab9392508f27a86e1e5d555d243810a3f821f3b0642a454b
confirmation,30,er_gnm,13,n0030-r0013-er_gnm,fhs3,source,0,360,5282/7,4596/7,13631/7,11528/7,5797,3060.1350888719485,d8a0d091dfea74c4ab9392508f27a86e1e5d555d243810a3f821f3b0642a454b
confirmation,30,er_gnm,13,n0030-r0013-er_gnm,fhs3,binary_panel,0,360,5282/7,6121/7,12242/7,8641/7,24484/7,1748.857142857143,d8a0d091dfea74c4ab9392508f27a86e1e5d555d243810a3f821f3b0642a454b
confirmation,30,er_gnm,13,n0030-r0013-er_gnm,fhs5,source,0,360,5282/7,594,20546/7,18479/7,101998/7,6776.657890012988,d8a0d091dfea74c4ab9392508f27a86e1e5d555d243810a3f821f3b0642a454b
confirmation,30,er_gnm,13,n0030-r0013-er_gnm,fhs5,binary_panel,0,2511/7,5248/7,7488/7,14976/7,9999/7,29952/7,2139.4285714285716,d8a0d091dfea74c4ab9392508f27a86e1e5d555d243810a3f821f3b0642a454b
confirmation,30,er_gnm,13,n0030-r0013-er_gnm,nch,source,0,360,5282/7,3296/7,23095/7,3100,172751/7,9427.99475119902,d8a0d091dfea74c4ab9392508f27a86e1e5d555d243810a3f821f3b0642a454b
confirmation,30,er_gnm,13,n0030-r0013-er_gnm,nch,binary_panel,0,5039/14,5279/7,10593/14,10593/7,7816/7,21186/7,1513.2857142857142,d8a0d091dfea74c4ab9392508f27a86e1e5d555d243810a3f821f3b0642a454b
confirmation,30,sbm_fixed_count,13,n0030-r0013-sbm_fixed_count,demand-aware,source,0,360,5282/7,4607/7,22091/7,2780,15475,7201.076097866729,4591ec97c89f80dba7c5c80c770e7da4da99d430f29be4d17da0a931b12f1064
confirmation,30,sbm_fixed_count,13,n0030-r0013-sbm_fixed_count,demand-aware,binary_panel,0,340,4924/7,7678/7,15356/7,10058/7,30712/7,2193.714285714286,4591ec97c89f80dba7c5c80c770e7da4da99d430f29be4d17da0a931b12f1064
confirmation,30,sbm_fixed_count,13,n0030-r0013-sbm_fixed_count,fhs3,source,0,2496/7,742,5378/7,15832/7,12889/7,46892/7,3534.258422997395,4591ec97c89f80dba7c5c80c770e7da4da99d430f29be4d17da0a931b12f1064
confirmation,30,sbm_fixed_count,13,n0030-r0013-sbm_fixed_count,fhs3,binary_panel,0,2391/7,9869/14,6691/7,13382/7,9082/7,26764/7,1911.7142857142858,4591ec97c89f80dba7c5c80c770e7da4da99d430f29be4d17da0a931b12f1064
confirmation,30,sbm_fixed_count,13,n0030-r0013-sbm_fixed_count,fhs5,source,0,2514/7,5252/7,4731/7,22657/7,19884/7,111023/7,7381.253523355088,4591ec97c89f80dba7c5c80c770e7da4da99d430f29be4d17da0a931b12f1064
confirmation,30,sbm_fixed_count,13,n0030-r0013-sbm_fixed_count,fhs5,binary_panel,0,340,4924/7,7678/7,15356/7,10058/7,30712/7,2193.714285714286,4591ec97c89f80dba7c5c80c770e7da4da99d430f29be4d17da0a931b12f1064
confirmation,30,sbm_fixed_count,13,n0030-r0013-sbm_fixed_count,nch,source,0,360,5282/7,3578/7,3527,3259,182187/7,10005.299390352553,4591ec97c89f80dba7c5c80c770e7da4da99d430f29be4d17da0a931b12f1064
confirmation,30,sbm_fixed_count,13,n0030-r0013-sbm_fixed_count,nch,binary_panel,0,2481/7,5129/7,5337/7,10674/7,7818/7,21348/7,1524.857142857143,4591ec97c89f80dba7c5c80c770e7da4da99d430f29be4d17da0a931b12f1064
confirmation,30,barabasi_albert,14,n0030-r0014-barabasi_albert,demand-aware,source,0,360,5224/7,4278/7,20644/7,18512/7,101098/7,6734.74040136728,4b8915c367ba207c521a3793b02a79594cb222d34c63989fbe40e39104bc8ce4
confirmation,30,barabasi_albert,14,n0030-r0014-barabasi_albert,demand-aware,binary_panel,0,2438/7,717,6682/7,13364/7,9120/7,26728/7,1909.142857142857,4b8915c367ba207c521a3793b02a79594cb222d34c63989fbe40e39104bc8ce4
confirmation,30,barabasi_albert,14,n0030-r0014-barabasi_albert,fhs3,source,0,360,5224/7,4849/7,14321/7,11947/7,6073,3204.8349889288156,4b8915c367ba207c521a3793b02a79594cb222d34c63989fbe40e39104bc8ce4
confirmation,30,barabasi_albert,14,n0030-r0014-barabasi_albert,fhs3,binary_panel,0,2486/7,5132/7,6148/7,12296/7,8634/7,24592/7,1756.5714285714287,4b8915c367ba207c521a3793b02a79594cb222d34c63989fbe40e39104bc8ce4
confirmation,30,barabasi_albert,14,n0030-r0014-barabasi_albert,fhs5,source,0,360,5224/7,4278/7,20644/7,18512/7,101098/7,6734.74040136728,4b8915c367ba207c521a3793b02a79594cb222d34c63989fbe40e39104bc8ce4
confirmation,30,barabasi_albert,14,n0030-r0014-barabasi_albert,fhs5,binary_panel,0,2438/7,717,6682/7,13364/7,9120/7,26728/7,1909.142857142857,4b8915c367ba207c521a3793b02a79594cb222d34c63989fbe40e39104bc8ce4
confirmation,30,barabasi_albert,14,n0030-r0014-barabasi_albert,nch,source,0,360,5224/7,3214/7,26662/7,25141/7,253152/7,11992.856457009326,4b8915c367ba207c521a3793b02a79594cb222d34c63989fbe40e39104bc8ce4
confirmation,30,barabasi_albert,14,n0030-r0014-barabasi_albert,nch,binary_panel,0,2511/7,5198/7,5412/7,10824/7,7923/7,21648/7,1546.2857142857142,4b8915c367ba207c521a3793b02a79594cb222d34c63989fbe40e39104bc8ce4
confirmation,30,er_gnm,14,n0030-r0014-er_gnm,demand-aware,source,0,360,5224/7,4285/7,2907,18155/7,98565/7,6582.949287172183,41e31db74d6f0e706b211ad54ca4b55525586738e8d75a1493d04eebc16c2bb1
confirmation,30,er_gnm,14,n0030-r0014-er_gnm,demand-aware,binary_panel,0,4929/14,10135/14,1993/2,1993,9440/7,3986,1993.0,41e31db74d6f0e706b211ad54ca4b55525586738e8d75a1493d04eebc16c2bb1
confirmation,30,er_gnm,14,n0030-r0014-er_gnm,fhs3,source,0,360,5224/7,4723/7,1974,11579/7,40752/7,3070.052594208383,41e31db74d6f0e706b211ad54ca4b55525586738e8d75a1493d04eebc16c2bb1
confirmation,30,er_gnm,14,n0030-r0014-er_gnm,fhs3,binary_panel,0,2493/7,5157/7,6281/7,12562/7,8774/7,25124/7,1794.5714285714287,41e31db74d6f0e706b211ad54ca4b55525586738e8d75a1493d04eebc16c2bb1
confirmation,30,er_gnm,14,n0030-r0014-er_gnm,fhs5,source,0,360,5224/7,4307/7,20452/7,18301/7,99052/7,6615.809131471824,41e31db74d6f0e706b211ad54ca4b55525586738e8d75a1493d04eebc16c2bb1
confirmation,30,er_gnm,14,n0030-r0014-er_gnm,fhs5,binary_panel,0,4929/14,10135/14,1993/2,1993,9440/7,3986,1993.0,41e31db74d6f0e706b211ad54ca4b55525586738e8d75a1493d04eebc16c2bb1
confirmation,30,er_gnm,14,n0030-r0014-er_gnm,nch,source,0,360,5224/7,480,23829/7,22434/7,178583/7,9764.97285879175,41e31db74d6f0e706b211ad54ca4b55525586738e8d75a1493d04eebc16c2bb1
confirmation,30,er_gnm,14,n0030-r0014-er_gnm,nch,binary_panel,0,2515/7,5207/7,5602/7,11204/7,8117/7,22408/7,1600.5714285714287,41e31db74d6f0e706b211ad54ca4b55525586738e8d75a1493d04eebc16c2bb1
confirmation,30,sbm_fixed_count,14,n0030-r0014-sbm_fixed_count,demand-aware,source,0,360,5224/7,4520/7,21563/7,18985/7,105125/7,7003.3764517538275,a5b9472025b1ce7372bc7f316060e194913ac51cd6908e382d189c7ccc39469a
confirmation,30,sbm_fixed_count,14,n0030-r0014-sbm_fixed_count,demand-aware,binary_panel,0,325,4586/7,7562/7,15124/7,9837/7,30248/7,2160.5714285714284,a5b9472025b1ce7372bc7f316060e194913ac51cd6908e382d189c7ccc39469a
confirmation,30,sbm_fixed_count,14,n0030-r0014-sbm_fixed_count,fhs3,source,0,2444/7,5039/7,5118/7,14978/7,1750,44182/7,3328.5252193227375,a5b9472025b1ce7372bc7f316060e194913ac51cd6908e382d189c7ccc39469a
confirmation,30,sbm_fixed_count,14,n0030-r0014-sbm_fixed_count,fhs3,binary_panel,0,333,676,6332/7,12664/7,8663/7,25328/7,1809.142857142857,a5b9472025b1ce7372bc7f316060e194913ac51cd6908e382d189c7ccc39469a
confirmation,30,sbm_fixed_count,14,n0030-r0014-sbm_fixed_count,fhs5,source,0,360,5224/7,4541/7,21670/7,19081/7,15096,7039.430633462486,a5b9472025b1ce7372bc7f316060e194913ac51cd6908e382d189c7ccc39469a
confirmation,30,sbm_fixed_count,14,n0030-r0014-sbm_fixed_count,fhs5,binary_panel,0,325,4586/7,7562/7,15124/7,9837/7,30248/7,2160.5714285714284,a5b9472025b1ce7372bc7f316060e194913ac51cd6908e382d189c7ccc39469a
confirmation,30,sbm_fixed_count,14,n0030-r0014-sbm_fixed_count,nch,source,0,360,5224/7,3476/7,22942/7,21409/7,158876/7,9042.227288186132,a5b9472025b1ce7372bc7f316060e194913ac51cd6908e382d189c7ccc39469a
confirmation,30,sbm_fixed_count,14,n0030-r0014-sbm_fixed_count,nch,binary_panel,0,2479/7,10209/14,10559/14,10559/7,15517/14,21118/7,1508.4285714285713,a5b9472025b1ce7372bc7f316060e194913ac51cd6908e382d189c7ccc39469a
confirmation,30,barabasi_albert,15,n0030-r0015-barabasi_albert,demand-aware,source,0,360,5284/7,4087/7,19793/7,18117/7,96979/7,6464.211669496508,008a25a1abeadbbfbd328fe0910c4370a3238d20683446415ba5f069b3eaf624
confirmation,30,barabasi_albert,15,n0030-r0015-barabasi_albert,demand-aware,binary_panel,0,2472/7,5140/7,7528/7,15056/7,10000/7,30112/7,2150.8571428571427,008a25a1abeadbbfbd328fe0910c4370a3238d20683446415ba5f069b3eaf624
confirmation,30,barabasi_albert,15,n0030-r0015-barabasi_albert,fhs3,source,0,360,5284/7,4807/7,14068/7,1676,41498/7,3126.324133519441,008a25a1abeadbbfbd328fe0910c4370a3238d20683446415ba5f069b3eaf624
confirmation,30,barabasi_albert,15,n0030-r0015-barabasi_albert,fhs3,binary_panel,0,2495/7,5205/7,6120/7,12240/7,8615/7,24480/7,1748.5714285714287,008a25a1abeadbbfbd328fe0910c4370a3238d20683446415ba5f069b3eaf624
confirmation,30,barabasi_albert,15,n0030-r0015-barabasi_albert,fhs5,source,0,360,5284/7,4087/7,19793/7,18117/7,96979/7,6464.211669496508,008a25a1abeadbbfbd328fe0910c4370a3238d20683446415ba5f069b3eaf624
confirmation,30,barabasi_albert,15,n0030-r0015-barabasi_albert,fhs5,binary_panel,0,2472/7,5140/7,7528/7,15056/7,10000/7,30112/7,2150.8571428571427,008a25a1abeadbbfbd328fe0910c4370a3238d20683446415ba5f069b3eaf624
confirmation,30,barabasi_albert,15,n0030-r0015-barabasi_albert,nch,source,0,360,5284/7,3176/7,29098/7,27263/7,300050/7,13651.154708393255,008a25a1abeadbbfbd328fe0910c4370a3238d20683446415ba5f069b3eaf624
confirmation,30,barabasi_albert,15,n0030-r0015-barabasi_albert,nch,binary_panel,0,2497/7,5211/7,10839/14,10839/7,15833/14,21678/7,1548.4285714285713,008a25a1abeadbbfbd328fe0910c4370a3238d20683446415ba5f069b3eaf624
confirmation,30,er_gnm,15,n0030-r0015-er_gnm,demand-aware,source,0,2518/7,5275/7,4334/7,20774/7,18476/7,101818/7,6769.688592747572,28cf38db1f334e154cfe7f1266e0f6b5b3157627ad86b1dec2371dde6d9baf48
confirmation,30,er_gnm,15,n0030-r0015-er_gnm,demand-aware,binary_panel,0,2455/7,727,8850/7,17700/7,1615,35400/7,2528.5714285714284,28cf38db1f334e154cfe7f1266e0f6b5b3157627ad86b1dec2371dde6d9baf48
confirmation,30,er_gnm,15,n0030-r0015-er_gnm,fhs3,source,0,2518/7,5275/7,4869/7,2034,11826/7,41976/7,3162.141965676516,28cf38db1f334e154cfe7f1266e0f6b5b3157627ad86b1dec2371dde6d9baf48
confirmation,30,er_gnm,15,n0030-r0015-er_gnm,fhs3,binary_panel,0,2519/7,754,940,1880,9099/7,3760,1880.0,28cf38db1f334e154cfe7f1266e0f6b5b3157627ad86b1dec2371dde6d9baf48
confirmation,30,er_gnm,15,n0030-r0015-er_gnm,fhs5,source,0,2518/7,5275/7,4371/7,20917/7,2664,14633,6811.258135177316,28cf38db1f334e154cfe7f1266e0f6b5b3157627ad86b1dec2371dde6d9baf48
confirmation,30,er_gnm,15,n0030-r0015-er_gnm,fhs5,binary_panel,0,2455/7,727,8850/7,17700/7,1615,35400/7,2528.5714285714284,28cf38db1f334e154cfe7f1266e0f6b5b3157627ad86b1dec2371dde6d9baf48
confirmation,30,er_gnm,15,n0030-r0015-er_gnm,nch,source,0,360,5284/7,3510/7,23123/7,21366/7,23299,9151.417107694639,28cf38db1f334e154cfe7f1266e0f6b5b3157627ad86b1dec2371dde6d9baf48
confirmation,30,er_gnm,15,n0030-r0015-er_gnm,nch,binary_panel,0,2518/7,5275/7,5486/7,10972/7,8004/7,21944/7,1567.4285714285713,28cf38db1f334e154cfe7f1266e0f6b5b3157627ad86b1dec2371dde6d9baf48
confirmation,30,sbm_fixed_count,15,n0030-r0015-sbm_fixed_count,demand-aware,source,0,360,5284/7,4895/7,23617/7,20583/7,116369/7,7725.833278097038,bf7af0a3755395ecae89701342b60f4ddc4794e6493b07c5b857b0f317bbbd6b
confirmation,30,sbm_fixed_count,15,n0030-r0015-sbm_fixed_count,demand-aware,binary_panel,0,2363/7,4878/7,7946/7,15892/7,10309/7,31784/7,2270.285714285714,bf7af0a3755395ecae89701342b60f4ddc4794e6493b07c5b857b0f317bbbd6b
confirmation,30,sbm_fixed_count,15,n0030-r0015-sbm_fixed_count,fhs3,source,0,2479/7,5163/7,5349/7,15888/7,12940/7,47346/7,3570.8380194611996,bf7af0a3755395ecae89701342b60f4ddc4794e6493b07c5b857b0f317bbbd6b
confirmation,30,sbm_fixed_count,15,n0030-r0015-sbm_fixed_count,fhs3,binary_panel,0,341,4943/7,6719/7,13438/7,9106/7,26876/7,1919.7142857142858,bf7af0a3755395ecae89701342b60f4ddc4794e6493b07c5b857b0f317bbbd6b
confirmation,30,sbm_fixed_count,15,n0030-r0015-sbm_fixed_count,fhs5,source,0,360,5284/7,4902/7,23535/7,20479/7,115725/7,7683.9034930710395,bf7af0a3755395ecae89701342b60f4ddc4794e6493b07c5b857b0f317bbbd6b
confirmation,30,sbm_fixed_count,15,n0030-r0015-sbm_fixed_count,fhs5,binary_panel,0,2363/7,4878/7,7946/7,15892/7,10309/7,31784/7,2270.285714285714,bf7af0a3755395ecae89701342b60f4ddc4794e6493b07c5b857b0f317bbbd6b
confirmation,30,sbm_fixed_count,15,n0030-r0015-sbm_fixed_count,nch,source,0,360,5284/7,522,25675/7,23833/7,194507/7,10517.862539990772,bf7af0a3755395ecae89701342b60f4ddc4794e6493b07c5b857b0f317bbbd6b
confirmation,30,sbm_fixed_count,15,n0030-r0015-sbm_fixed_count,nch,binary_panel,0,2420/7,5010/7,5582/7,11164/7,8002/7,22328/7,1594.857142857143,bf7af0a3755395ecae89701342b60f4ddc4794e6493b07c5b857b0f317bbbd6b
confirmation,30,barabasi_albert,16,n0030-r0016-barabasi_albert,demand-aware,source,0,360,5331/7,594,2895,2624,99513/7,6633.764189882124,fd20825f0b56602d0ee2790b855d7808b28b17252554a2c96890eac82fa4bd67
confirmation,30,barabasi_albert,16,n0030-r0016-barabasi_albert,demand-aware,binary_panel,0,2441/7,5098/7,6826/7,13652/7,9267/7,27304/7,1950.2857142857142,fd20825f0b56602d0ee2790b855d7808b28b17252554a2c96890eac82fa4bd67
confirmation,30,barabasi_albert,16,n0030-r0016-barabasi_albert,fhs3,source,0,360,5331/7,4633/7,13635/7,11470/7,40377/7,3043.157642421742,fd20825f0b56602d0ee2790b855d7808b28b17252554a2c96890eac82fa4bd67
confirmation,30,barabasi_albert,16,n0030-r0016-barabasi_albert,fhs3,binary_panel,0,2451/7,5155/7,5669/7,11338/7,1160,22676/7,1619.7142857142858,fd20825f0b56602d0ee2790b855d7808b28b17252554a2c96890eac82fa4bd67
confirmation,30,barabasi_albert,16,n0030-r0016-barabasi_albert,fhs5,source,0,360,5331/7,594,2895,2624,99513/7,6633.764189882124,fd20825f0b56602d0ee2790b855d7808b28b17252554a2c96890eac82fa4bd67
confirmation,30,barabasi_albert,16,n0030-r0016-barabasi_albert,fhs5,binary_panel,0,2441/7,5098/7,6826/7,13652/7,9267/7,27304/7,1950.2857142857142,fd20825f0b56602d0ee2790b855d7808b28b17252554a2c96890eac82fa4bd67
confirmation,30,barabasi_albert,16,n0030-r0016-barabasi_albert,nch,source,0,360,5331/7,434,31833/7,30238/7,371325/7,15796.495901734414,fd20825f0b56602d0ee2790b855d7808b28b17252554a2c96890eac82fa4bd67
confirmation,30,barabasi_albert,16,n0030-r0016-barabasi_albert,nch,binary_panel,0,4939/14,5197/7,769,1538,15705/14,3076,1538.0,fd20825f0b56602d0ee2790b855d7808b28b17252554a2c96890eac82fa4bd67
confirmation,30,er_gnm,16,n0030-r0016-er_gnm,demand-aware,source,0,360,5331/7,4371/7,20098/7,18047/7,96116/7,6417.844604832737,568a98a48d938c1ec16da3adaf9524570ebc497532896ef481df93ab7a2b03bd
confirmation,30,er_gnm,16,n0030-r0016-er_gnm,demand-aware,binary_panel,0,2497/7,5274/7,7593/7,15186/7,10090/7,30372/7,2169.4285714285716,568a98a48d938c1ec16da3adaf9524570ebc497532896ef481df93ab7a2b03bd
confirmation,30,er_gnm,16,n0030-r0016-er_gnm,fhs3,source,0,360,5331/7,4820/7,14176/7,11866/7,41960/7,3162.3099585447844,568a98a48d938c1ec16da3adaf9524570ebc497532896ef481df93ab7a2b03bd
confirmation,30,er_gnm,16,n0030-r0016-er_gnm,fhs3,binary_panel,0,2505/7,5287/7,12953/14,12953/7,17963/14,25906/7,1850.4285714285713,568a98a48d938c1ec16da3adaf9524570ebc497532896ef481df93ab7a2b03bd
confirmation,30,er_gnm,16,n0030-r0016-er_gnm,fhs5,source,0,360,5331/7,4367/7,20126/7,18062/7,96322/7,6432.214718526096,568a98a48d938c1ec16da3adaf9524570ebc497532896ef481df93ab7a2b03bd
confirmation,30,er_gnm,16,n0030-r0016-er_gnm,fhs5,binary_panel,0,2497/7,5274/7,7593/7,15186/7,10090/7,30372/7,2169.4285714285716,568a98a48d938c1ec16da3adaf9524570ebc497532896ef481df93ab7a2b03bd
confirmation,30,er_gnm,16,n0030-r0016-er_gnm,nch,source,0,360,5331/7,496,22496/7,20903/7,155046/7,8802.103458707626,568a98a48d938c1ec16da3adaf9524570ebc497532896ef481df93ab7a2b03bd
confirmation,30,er_gnm,16,n0030-r0016-er_gnm,nch,binary_panel,0,360,5331/7,10683/14,10683/7,15723/14,21366/7,1526.142857142857,568a98a48d938c1ec16da3adaf9524570ebc497532896ef481df93ab7a2b03bd
confirmation,30,sbm_fixed_count,16,n0030-r0016-sbm_fixed_count,demand-aware,source,0,360,5331/7,4513/7,3127,19504/7,107587/7,7159.921024599194,c99cec60215ba9724b0288b1059bb9ec4b1f946bf321e89fdbe38ce0ed3e7523
confirmation,30,sbm_fixed_count,16,n0030-r0016-sbm_fixed_count,demand-aware,binary_panel,0,4749/14,4944/7,15569/14,15569/7,10159/7,31138/7,2224.1428571428573,c99cec60215ba9724b0288b1059bb9ec4b1f946bf321e89fdbe38ce0ed3e7523
confirmation,30,sbm_fixed_count,16,n0030-r0016-sbm_fixed_count,fhs3,source,0,2516/7,5307/7,5214/7,15368/7,12634/7,6508,3433.8777515267902,c99cec60215ba9724b0288b1059bb9ec4b1f946bf321e89fdbe38ce0ed3e7523
confirmation,30,sbm_fixed_count,16,n0030-r0016-sbm_fixed_count,fhs3,binary_panel,0,2369/7,4926/7,6892/7,13784/7,1323,27568/7,1969.142857142857,c99cec60215ba9724b0288b1059bb9ec4b1f946bf321e89fdbe38ce0ed3e7523
confirmation,30,sbm_fixed_count,16,n0030-r0016-sbm_fixed_count,fhs5,source,0,360,5331/7,4513/7,3127,19504/7,107587/7,7159.921024599194,c99cec60215ba9724b0288b1059bb9ec4b1f946bf321e89fdbe38ce0ed3e7523
confirmation,30,sbm_fixed_count,16,n0030-r0016-sbm_fixed_count,fhs5,binary_panel,0,4749/14,4944/7,15569/14,15569/7,10159/7,31138/7,2224.1428571428573,c99cec60215ba9724b0288b1059bb9ec4b1f946bf321e89fdbe38ce0ed3e7523
confirmation,30,sbm_fixed_count,16,n0030-r0016-sbm_fixed_count,nch,source,0,360,5331/7,3651/7,24643/7,23011/7,24697,9800.193658447539,c99cec60215ba9724b0288b1059bb9ec4b1f946bf321e89fdbe38ce0ed3e7523
confirmation,30,sbm_fixed_count,16,n0030-r0016-sbm_fixed_count,nch,binary_panel,0,2475/7,10405/14,11297/14,11297/7,2321/2,22594/7,1613.857142857143,c99cec60215ba9724b0288b1059bb9ec4b1f946bf321e89fdbe38ce0ed3e7523
confirmation,30,barabasi_albert,17,n0030-r0017-barabasi_albert,demand-aware,source,0,360,5380/7,4227/7,20387/7,18243/7,99691/7,6644.324667687739,78639c6bb103b7175a467aec9a76a9d36c52067bce1a3b5b666af7a84724f2d8
confirmation,30,barabasi_albert,17,n0030-r0017-barabasi_albert,demand-aware,binary_panel,0,2417/7,5084/7,7237/7,14474/7,9654/7,28948/7,2067.714285714286,78639c6bb103b7175a467aec9a76a9d36c52067bce1a3b5b666af7a84724f2d8
confirmation,30,barabasi_albert,17,n0030-r0017-barabasi_albert,fhs3,source,0,360,5380/7,4789/7,14193/7,11864/7,6033,3184.5436889263437,78639c6bb103b7175a467aec9a76a9d36c52067bce1a3b5b666af7a84724f2d8
confirmation,30,barabasi_albert,17,n0030-r0017-barabasi_albert,fhs3,binary_panel,0,2437/7,5134/7,6200/7,12400/7,8637/7,24800/7,1771.4285714285713,78639c6bb103b7175a467aec9a76a9d36c52067bce1a3b5b666af7a84724f2d8
confirmation,30,barabasi_albert,17,n0030-r0017-barabasi_albert,fhs5,source,0,360,5380/7,4234/7,20408/7,18251/7,99754/7,6649.079555189901,78639c6bb103b7175a467aec9a76a9d36c52067bce1a3b5b666af7a84724f2d8
confirmation,30,barabasi_albert,17,n0030-r0017-barabasi_albert,fhs5,binary_panel,0,2417/7,5084/7,7237/7,14474/7,9654/7,28948/7,2067.714285714286,78639c6bb103b7175a467aec9a76a9d36c52067bce1a3b5b666af7a84724f2d8
confirmation,30,barabasi_albert,17,n0030-r0017-barabasi_albert,nch,source,0,360,5380/7,3193/7,25874/7,24331/7,241296/7,11546.80702334456,78639c6bb103b7175a467aec9a76a9d36c52067bce1a3b5b666af7a84724f2d8
confirmation,30,barabasi_albert,17,n0030-r0017-barabasi_albert,nch,binary_panel,0,2493/7,5309/7,5406/7,10812/7,7899/7,21624/7,1544.5714285714287,78639c6bb103b7175a467aec9a76a9d36c52067bce1a3b5b666af7a84724f2d8
confirmation,30,er_gnm,17,n0030-r0017-er_gnm,demand-aware,source,0,360,5380/7,4195/7,20046/7,18084/7,97290/7,6500.513590630728,4f7217f14d9bcbbea8ab3696b275c2c86fd330775eb9f5394a7435b210017d93
confirmation,30,er_gnm,17,n0030-r0017-er_gnm,demand-aware,binary_panel,0,2502/7,5333/7,8037/7,16074/7,10539/7,32148/7,2296.285714285714,4f7217f14d9bcbbea8ab3696b275c2c86fd330775eb9f5394a7435b210017d93
confirmation,30,er_gnm,17,n0030-r0017-er_gnm,fhs3,source,0,360,5380/7,4661/7,13628/7,11449/7,40174/7,3026.363654902271,4f7217f14d9bcbbea8ab3696b275c2c86fd330775eb9f5394a7435b210017d93
confirmation,30,er_gnm,17,n0030-r0017-er_gnm,fhs3,binary_panel,0,360,5380/7,12483/14,12483/7,17523/14,24966/7,1783.2857142857142,4f7217f14d9bcbbea8ab3696b275c2c86fd330775eb9f5394a7435b210017d93
confirmation,30,er_gnm,17,n0030-r0017-er_gnm,fhs5,source,0,360,5380/7,4190/7,19963/7,17971/7,96687/7,6463.368416416489,4f7217f14d9bcbbea8ab3696b275c2c86fd330775eb9f5394a7435b210017d93
confirmation,30,er_gnm,17,n0030-r0017-er_gnm,fhs5,binary_panel,0,2502/7,5333/7,8037/7,16074/7,10539/7,32148/7,2296.285714285714,4f7217f14d9bcbbea8ab3696b275c2c86fd330775eb9f5394a7435b210017d93
confirmation,30,er_gnm,17,n0030-r0017-er_gnm,nch,source,0,360,5380/7,3376/7,3273,21340/7,162529/7,9152.08724655209,4f7217f14d9bcbbea8ab3696b275c2c86fd330775eb9f5394a7435b210017d93
confirmation,30,er_gnm,17,n0030-r0017-er_gnm,nch,binary_panel,0,360,5380/7,5508/7,11016/7,8028/7,22032/7,1573.7142857142858,4f7217f14d9bcbbea8ab3696b275c2c86fd330775eb9f5394a7435b210017d93
confirmation,30,sbm_fixed_count,17,n0030-r0017-sbm_fixed_count,demand-aware,source,0,360,5380/7,652,21913/7,19491/7,106639/7,7122.158726576234,326964be91e75e9ffb0fa2e4e04161656b601635bd2e914418c211ae51e07eef
confirmation,30,sbm_fixed_count,17,n0030-r0017-sbm_fixed_count,demand-aware,binary_panel,0,2318/7,4868/7,8032/7,16064/7,10350/7,32128/7,2294.8571428571427,326964be91e75e9ffb0fa2e4e04161656b601635bd2e914418c211ae51e07eef
confirmation,30,sbm_fixed_count,17,n0030-r0017-sbm_fixed_count,fhs3,source,0,2475/7,752,5162/7,2174,12478/7,45118/7,3400.917062226859,326964be91e75e9ffb0fa2e4e04161656b601635bd2e914418c211ae51e07eef
confirmation,30,sbm_fixed_count,17,n0030-r0017-sbm_fixed_count,fhs3,binary_panel,0,2358/7,4948/7,6616/7,13232/7,1282,26464/7,1890.2857142857142,326964be91e75e9ffb0fa2e4e04161656b601635bd2e914418c211ae51e07eef
confirmation,30,sbm_fixed_count,17,n0030-r0017-sbm_fixed_count,fhs5,source,0,360,5380/7,4544/7,21842/7,19424/7,106412/7,7104.290916028758,326964be91e75e9ffb0fa2e4e04161656b601635bd2e914418c211ae51e07eef
confirmation,30,sbm_fixed_count,17,n0030-r0017-sbm_fixed_count,fhs5,binary_panel,0,2318/7,4868/7,8032/7,16064/7,10350/7,32128/7,2294.8571428571427,326964be91e75e9ffb0fa2e4e04161656b601635bd2e914418c211ae51e07eef
confirmation,30,sbm_fixed_count,17,n0030-r0017-sbm_fixed_count,nch,source,0,360,5380/7,3554/7,24373/7,3246,171779/7,9743.241818599816,326964be91e75e9ffb0fa2e4e04161656b601635bd2e914418c211ae51e07eef
confirmation,30,sbm_fixed_count,17,n0030-r0017-sbm_fixed_count,nch,binary_panel,0,4887/14,5172/7,10463/14,10463/7,7675/7,20926/7,1494.7142857142858,326964be91e75e9ffb0fa2e4e04161656b601635bd2e914418c211ae51e07eef
confirmation,30,barabasi_albert,18,n0030-r0018-barabasi_albert,demand-aware,source,0,360,5303/7,4092/7,19737/7,18001/7,13789,6433.834972269389,b035750e979d9715b13476c5f03cb6ba67835af158c3fecdfacac551884403d1
confirmation,30,barabasi_albert,18,n0030-r0018-barabasi_albert,demand-aware,binary_panel,0,2498/7,5230/7,7127/7,14254/7,1375,28508/7,2036.2857142857142,b035750e979d9715b13476c5f03cb6ba67835af158c3fecdfacac551884403d1
confirmation,30,barabasi_albert,18,n0030-r0018-barabasi_albert,fhs3,source,0,2519/7,5297/7,4720/7,13905/7,11650/7,41205/7,3105.7960995942703,b035750e979d9715b13476c5f03cb6ba67835af158c3fecdfacac551884403d1
confirmation,30,barabasi_albert,18,n0030-r0018-barabasi_albert,fhs3,binary_panel,0,2490/7,5206/7,5902/7,11804/7,8392/7,23608/7,1686.2857142857142,b035750e979d9715b13476c5f03cb6ba67835af158c3fecdfacac551884403d1
confirmation,30,barabasi_albert,18,n0030-r0018-barabasi_albert,fhs5,source,0,360,5303/7,4092/7,19737/7,18001/7,13789,6433.834972269389,b035750e979d9715b13476c5f03cb6ba67835af158c3fecdfacac551884403d1
confirmation,30,barabasi_albert,18,n0030-r0018-barabasi_albert,fhs5,binary_panel,0,2498/7,5230/7,7127/7,14254/7,1375,28508/7,2036.2857142857142,b035750e979d9715b13476c5f03cb6ba67835af158c3fecdfacac551884403d1
confirmation,30,barabasi_albert,18,n0030-r0018-barabasi_albert,nch,source,0,360,5303/7,3146/7,27340/7,25937/7,272136/7,12563.477099651443,b035750e979d9715b13476c5f03cb6ba67835af158c3fecdfacac551884403d1
confirmation,30,barabasi_albert,18,n0030-r0018-barabasi_albert,nch,binary_panel,0,2508/7,10543/14,10699/14,10699/7,2245/2,21398/7,1528.4285714285713,b035750e979d9715b13476c5f03cb6ba67835af158c3fecdfacac551884403d1
confirmation,30,er_gnm,18,n0030-r0018-er_gnm,demand-aware,source,0,360,5303/7,4125/7,19706/7,17882/7,96190/7,6404.783419294931,2bc5d67344e46abd641827e4dfe02bc3eeef8fdfa3a80e9c02d5f221ec07f4ef
confirmation,30,er_gnm,18,n0030-r0018-er_gnm,demand-aware,binary_panel,0,4931/14,733,7283/7,14566/7,19497/14,29132/7,2080.8571428571427,2bc5d67344e46abd641827e4dfe02bc3eeef8fdfa3a80e9c02d5f221ec07f4ef
confirmation,30,er_gnm,18,n0030-r0018-er_gnm,fhs3,source,0,360,5303/7,4701/7,13730/7,11525/7,40444/7,3046.4504441947843,2bc5d67344e46abd641827e4dfe02bc3eeef8fdfa3a80e9c02d5f221ec07f4ef
confirmation,30,er_gnm,18,n0030-r0018-er_gnm,fhs3,binary_panel,0,2518/7,757,6155/7,12310/7,1239,24620/7,1758.5714285714287,2bc5d67344e46abd641827e4dfe02bc3eeef8fdfa3a80e9c02d5f221ec07f4ef
confirmation,30,er_gnm,18,n0030-r0018-er_gnm,fhs5,source,0,360,5303/7,4125/7,19706/7,17882/7,96190/7,6404.783419294931,2bc5d67344e46abd641827e4dfe02bc3eeef8fdfa3a80e9c02d5f221ec07f4ef
confirmation,30,er_gnm,18,n0030-r0018-er_gnm,fhs5,binary_panel,0,4931/14,733,7283/7,14566/7,19497/14,29132/7,2080.8571428571427,2bc5d67344e46abd641827e4dfe02bc3eeef8fdfa3a80e9c02d5f221ec07f4ef
confirmation,30,er_gnm,18,n0030-r0018-er_gnm,nch,source,0,360,5303/7,3376/7,23095/7,21545/7,170865/7,9346.805212963312,2bc5d67344e46abd641827e4dfe02bc3eeef8fdfa3a80e9c02d5f221ec07f4ef
confirmation,30,er_gnm,18,n0030-r0018-er_gnm,nch,binary_panel,0,360,5303/7,770,1540,1130,3080,1540.0,2bc5d67344e46abd641827e4dfe02bc3eeef8fdfa3a80e9c02d5f221ec07f4ef
confirmation,30,sbm_fixed_count,18,n0030-r0018-sbm_fixed_count,demand-aware,source,0,360,5303/7,4650/7,21778/7,19002/7,105698/7,7030.586503428437,eda81f8588c6469c3e96df95d886e9a6f2922d3c4ecff48d47e8b85930273a87
confirmation,30,sbm_fixed_count,18,n0030-r0018-sbm_fixed_count,demand-aware,binary_panel,0,2350/7,694,7159/7,14318/7,9509/7,28636/7,2045.4285714285713,eda81f8588c6469c3e96df95d886e9a6f2922d3c4ecff48d47e8b85930273a87
confirmation,30,sbm_fixed_count,18,n0030-r0018-sbm_fixed_count,fhs3,source,0,2435/7,727,5326/7,15623/7,12665/7,46159/7,3478.0779676077996,eda81f8588c6469c3e96df95d886e9a6f2922d3c4ecff48d47e8b85930273a87
confirmation,30,sbm_fixed_count,18,n0030-r0018-sbm_fixed_count,fhs3,binary_panel,0,2372/7,4890/7,6354/7,12708/7,8726/7,25416/7,1815.4285714285713,eda81f8588c6469c3e96df95d886e9a6f2922d3c4ecff48d47e8b85930273a87
confirmation,30,sbm_fixed_count,18,n0030-r0018-sbm_fixed_count,fhs5,source,0,360,5303/7,4650/7,21778/7,19002/7,105698/7,7030.586503428437,eda81f8588c6469c3e96df95d886e9a6f2922d3c4ecff48d47e8b85930273a87
confirmation,30,sbm_fixed_count,18,n0030-r0018-sbm_fixed_count,fhs5,binary_panel,0,2350/7,694,7159/7,14318/7,9509/7,28636/7,2045.4285714285713,eda81f8588c6469c3e96df95d886e9a6f2922d3c4ecff48d47e8b85930273a87
confirmation,30,sbm_fixed_count,18,n0030-r0018-sbm_fixed_count,nch,source,0,360,5303/7,514,24221/7,22443/7,172535/7,9663.105643158871,eda81f8588c6469c3e96df95d886e9a6f2922d3c4ecff48d47e8b85930273a87
confirmation,30,sbm_fixed_count,18,n0030-r0018-sbm_fixed_count,nch,binary_panel,0,2421/7,5039/7,792,1584,7965/7,3168,1584.0,eda81f8588c6469c3e96df95d886e9a6f2922d3c4ecff48d47e8b85930273a87
confirmation,30,barabasi_albert,19,n0030-r0019-barabasi_albert,demand-aware,source,0,360,5266/7,4314/7,3002,18869/7,103560/7,6888.874762264213,e8c211a7b05374f20c8fb710a667cee1ccde93ccd518eb168bd0982a8bb6d415
confirmation,30,barabasi_albert,19,n0030-r0019-barabasi_albert,demand-aware,binary_panel,0,2444/7,5027/7,7477/7,14954/7,9921/7,29908/7,2136.285714285714,e8c211a7b05374f20c8fb710a667cee1ccde93ccd518eb168bd0982a8bb6d415
confirmation,30,barabasi_albert,19,n0030-r0019-barabasi_albert,fhs3,source,0,360,5266/7,4840/7,14240/7,1696,42160/7,3177.469572837916,e8c211a7b05374f20c8fb710a667cee1ccde93ccd518eb168bd0982a8bb6d415
confirmation,30,barabasi_albert,19,n0030-r0019-barabasi_albert,fhs3,binary_panel,0,709/2,5146/7,12115/14,12115/7,8539/7,24230/7,1730.7142857142858,e8c211a7b05374f20c8fb710a667cee1ccde93ccd518eb168bd0982a8bb6d415
confirmation,30,barabasi_albert,19,n0030-r0019-barabasi_albert,fhs5,source,0,360,5266/7,4314/7,3002,18869/7,103560/7,6888.874762264213,e8c211a7b05374f20c8fb710a667cee1ccde93ccd518eb168bd0982a8bb6d415
confirmation,30,barabasi_albert,19,n0030-r0019-barabasi_albert,fhs5,binary_panel,0,2444/7,5027/7,7477/7,14954/7,9921/7,29908/7,2136.285714285714,e8c211a7b05374f20c8fb710a667cee1ccde93ccd518eb168bd0982a8bb6d415
confirmation,30,barabasi_albert,19,n0030-r0019-barabasi_albert,nch,source,0,360,5266/7,3133/7,26241/7,24904/7,255485/7,11913.67620356821,e8c211a7b05374f20c8fb710a667cee1ccde93ccd518eb168bd0982a8bb6d415
confirmation,30,barabasi_albert,19,n0030-r0019-barabasi_albert,nch,binary_panel,0,2504/7,5212/7,5303/7,10606/7,7807/7,21212/7,1515.142857142857,e8c211a7b05374f20c8fb710a667cee1ccde93ccd518eb168bd0982a8bb6d415
confirmation,30,er_gnm,19,n0030-r0019-er_gnm,demand-aware,source,0,360,5266/7,4241/7,20621/7,18547/7,101623/7,6756.488770391469,d4a287dccddefb3da51656a78e4fcd4d46d65b49a6b1a4c5d4e2be90727a2292
confirmation,30,er_gnm,19,n0030-r0019-er_gnm,demand-aware,binary_panel,0,354,5105/7,7703/7,15406/7,10181/7,30812/7,2200.8571428571427,d4a287dccddefb3da51656a78e4fcd4d46d65b49a6b1a4c5d4e2be90727a2292
confirmation,30,er_gnm,19,n0030-r0019-er_gnm,fhs3,source,0,360,5266/7,691,2018,11785/7,5944,3134.108451375966,d4a287dccddefb3da51656a78e4fcd4d46d65b49a6b1a4c5d4e2be90727a2292
confirmation,30,er_gnm,19,n0030-r0019-er_gnm,fhs3,binary_panel,0,5003/14,1489/2,6173/7,12346/7,17349/14,24692/7,1763.7142857142858,d4a287dccddefb3da51656a78e4fcd4d46d65b49a6b1a4c5d4e2be90727a2292
confirmation,30,er_gnm,19,n0030-r0019-er_gnm,fhs5,source,0,360,5266/7,4252/7,20676/7,18623/7,101904/7,6774.924630846719,d4a287dccddefb3da51656a78e4fcd4d46d65b49a6b1a4c5d4e2be90727a2292
confirmation,30,er_gnm,19,n0030-r0019-er_gnm,fhs5,binary_panel,0,354,5105/7,7703/7,15406/7,10181/7,30812/7,2200.8571428571427,d4a287dccddefb3da51656a78e4fcd4d46d65b49a6b1a4c5d4e2be90727a2292
confirmation,30,er_gnm,19,n0030-r0019-er_gnm,nch,source,0,360,5266/7,3400/7,22465/7,21055/7,158349/7,8899.090842899854,d4a287dccddefb3da51656a78e4fcd4d46d65b49a6b1a4c5d4e2be90727a2292
confirmation,30,er_gnm,19,n0030-r0019-er_gnm,nch,binary_panel,0,2519/7,5260/7,5384/7,10768/7,1129,21536/7,1538.2857142857142,d4a287dccddefb3da51656a78e4fcd4d46d65b49a6b1a4c5d4e2be90727a2292
confirmation,30,sbm_fixed_count,19,n0030-r0019-sbm_fixed_count,demand-aware,source,0,360,5266/7,4520/7,21979/7,19521/7,107867/7,7189.5219374205035,5a1c608c430ed632c6043cdd39e39d916a5a5d76abac8584022a98136b1a4ce1
confirmation,30,sbm_fixed_count,19,n0030-r0019-sbm_fixed_count,demand-aware,binary_panel,0,4731/14,9759/14,7645/7,15290/7,20021/14,30580/7,2184.285714285714,5a1c608c430ed632c6043cdd39e39d916a5a5d76abac8584022a98136b1a4ce1
confirmation,30,sbm_fixed_count,19,n0030-r0019-sbm_fixed_count,fhs3,source,0,2481/7,5174/7,5216/7,15285/7,12508/7,6447,3400.2098639999012,5a1c608c430ed632c6043cdd39e39d916a5a5d76abac8584022a98136b1a4ce1
confirmation,30,sbm_fixed_count,19,n0030-r0019-sbm_fixed_count,fhs3,binary_panel,0,2398/7,4957/7,955,1910,9083/7,3820,1910.0,5a1c608c430ed632c6043cdd39e39d916a5a5d76abac8584022a98136b1a4ce1
confirmation,30,sbm_fixed_count,19,n0030-r0019-sbm_fixed_count,fhs5,source,0,360,5266/7,4619/7,22333/7,19720/7,109331/7,7288.496820402678,5a1c608c430ed632c6043cdd39e39d916a5a5d76abac8584022a98136b1a4ce1
confirmation,30,sbm_fixed_count,19,n0030-r0019-sbm_fixed_count,fhs5,binary_panel,0,4731/14,9759/14,7645/7,15290/7,20021/14,30580/7,2184.285714285714,5a1c608c430ed632c6043cdd39e39d916a5a5d76abac8584022a98136b1a4ce1
confirmation,30,sbm_fixed_count,19,n0030-r0019-sbm_fixed_count,nch,source,0,360,5266/7,513,24043/7,22350/7,23977,9528.648635244941,5a1c608c430ed632c6043cdd39e39d916a5a5d76abac8584022a98136b1a4ce1
confirmation,30,sbm_fixed_count,19,n0030-r0019-sbm_fixed_count,nch,binary_panel,0,2423/7,717,5444/7,10888/7,7867/7,21776/7,1555.4285714285713,5a1c608c430ed632c6043cdd39e39d916a5a5d76abac8584022a98136b1a4ce1
confirmation,60,barabasi_albert,0,n0060-r0000-barabasi_albert,demand-aware,source,0,720,10707/7,9700/7,6673,41731/7,227897/7,15206.947382819664,fa9cf01459d5bfd2974c339fa72e90f33aeaade4c6ede1aac355e844b113ad97
confirmation,60,barabasi_albert,0,n0060-r0000-barabasi_albert,demand-aware,binary_panel,0,9797/14,20507/14,15630/7,31260/7,41057/14,62520/7,4465.714285714285,fa9cf01459d5bfd2974c339fa72e90f33aeaade4c6ede1aac355e844b113ad97
confirmation,60,barabasi_albert,0,n0060-r0000-barabasi_albert,fhs3,source,0,720,10707/7,10921/7,32271/7,26337/7,95829/7,7224.674537151829,fa9cf01459d5bfd2974c339fa72e90f33aeaade4c6ede1aac355e844b113ad97
confirmation,60,barabasi_albert,0,n0060-r0000-barabasi_albert,fhs3,binary_panel,0,4916/7,20627/14,13623/7,27246/7,18539/7,54492/7,3892.285714285714,fa9cf01459d5bfd2974c339fa72e90f33aeaade4c6ede1aac355e844b113ad97
confirmation,60,barabasi_albert,0,n0060-r0000-barabasi_albert,fhs5,source,0,720,10707/7,9700/7,6673,41731/7,227897/7,15206.947382819664,fa9cf01459d5bfd2974c339fa72e90f33aeaade4c6ede1aac355e844b113ad97
confirmation,60,barabasi_albert,0,n0060-r0000-barabasi_albert,fhs5,binary_panel,0,9797/14,20507/14,15630/7,31260/7,41057/14,62520/7,4465.714285714285,fa9cf01459d5bfd2974c339fa72e90f33aeaade4c6ede1aac355e844b113ad97
confirmation,60,barabasi_albert,0,n0060-r0000-barabasi_albert,nch,source,0,720,10707/7,6948/7,12185,80874/7,1562109/7,47876.50062405404,fa9cf01459d5bfd2974c339fa72e90f33aeaade4c6ede1aac355e844b113ad97
confirmation,60,barabasi_albert,0,n0060-r0000-barabasi_albert,nch,binary_panel,0,4968/7,10473/7,12372/7,24744/7,17340/7,49488/7,3534.8571428571427,fa9cf01459d5bfd2974c339fa72e90f33aeaade4c6ede1aac355e844b113ad97
confirmation,60,er_gnm,0,n0060-r0000-er_gnm,demand-aware,source,0,5038/7,10701/7,9757/7,47161/7,42016/7,231449/7,15403.552971548197,0d2bf7d2256f0eeb3ce773a27927d9daf1c1481b77d5a5e24f74dbe23bd64bdd
confirmation,60,er_gnm,0,n0060-r0000-er_gnm,demand-aware,binary_panel,0,4999/7,10589/7,16734/7,33468/7,21733/7,66936/7,4781.142857142857,0d2bf7d2256f0eeb3ce773a27927d9daf1c1481b77d5a5e24f74dbe23bd64bdd
confirmation,60,er_gnm,0,n0060-r0000-er_gnm,fhs3,source,0,720,10707/7,11191/7,32870/7,26654/7,97204/7,7325.0371603843505,0d2bf7d2256f0eeb3ce773a27927d9daf1c1481b77d5a5e24f74dbe23bd64bdd
confirmation,60,er_gnm,0,n0060-r0000-er_gnm,fhs3,binary_panel,0,5007/7,10613/7,14661/7,29322/7,19668/7,58644/7,4188.857142857143,0d2bf7d2256f0eeb3ce773a27927d9daf1c1481b77d5a5e24f74dbe23bd64bdd
confirmation,60,er_gnm,0,n0060-r0000-er_gnm,fhs5,source,0,5038/7,10701/7,9757/7,47161/7,42016/7,231449/7,15403.552971548197,0d2bf7d2256f0eeb3ce773a27927d9daf1c1481b77d5a5e24f74dbe23bd64bdd
confirmation,60,er_gnm,0,n0060-r0000-er_gnm,fhs5,binary_panel,0,4999/7,10589/7,16734/7,33468/7,21733/7,66936/7,4781.142857142857,0d2bf7d2256f0eeb3ce773a27927d9daf1c1481b77d5a5e24f74dbe23bd64bdd
confirmation,60,er_gnm,0,n0060-r0000-er_gnm,nch,source,0,720,10707/7,1127,59302/7,54927/7,483346/7,25175.982208901034,0d2bf7d2256f0eeb3ce773a27927d9daf1c1481b77d5a5e24f74dbe23bd64bdd
confirmation,60,er_gnm,0,n0060-r0000-er_gnm,nch,binary_panel,0,717,10652/7,1855,3710,2572,7420,3710.0,0d2bf7d2256f0eeb3ce773a27927d9daf1c1481b77d5a5e24f74dbe23bd64bdd
confirmation,60,sbm_fixed_count,0,n0060-r0000-sbm_fixed_count,demand-aware,source,0,720,10707/7,9981/7,48131/7,42584/7,33699,15704.307621902317,aa6d80334b0d03089eb949712bdda56f69228eaebd3aeb02c54bdd9bce57395f
confirmation,60,sbm_fixed_count,0,n0060-r0000-sbm_fixed_count,demand-aware,binary_panel,0,4785/7,2859/2,19459/7,38918/7,24244/7,77836/7,5559.714285714285,aa6d80334b0d03089eb949712bdda56f69228eaebd3aeb02c54bdd9bce57395f
confirmation,60,sbm_fixed_count,0,n0060-r0000-sbm_fixed_count,fhs3,source,0,720,10707/7,11768/7,34486/7,27668/7,14546,7671.716878384282,aa6d80334b0d03089eb949712bdda56f69228eaebd3aeb02c54bdd9bce57395f
confirmation,60,sbm_fixed_count,0,n0060-r0000-sbm_fixed_count,fhs3,binary_panel,0,688,10139/7,15262/7,30524/7,20078/7,61048/7,4360.571428571428,aa6d80334b0d03089eb949712bdda56f69228eaebd3aeb02c54bdd9bce57395f
confirmation,60,sbm_fixed_count,0,n0060-r0000-sbm_fixed_count,fhs5,source,0,720,10707/7,10034/7,48410/7,42802/7,237316/7,15798.627583622112,aa6d80334b0d03089eb949712bdda56f69228eaebd3aeb02c54bdd9bce57395f
confirmation,60,sbm_fixed_count,0,n0060-r0000-sbm_fixed_count,fhs5,binary_panel,0,4785/7,2859/2,19459/7,38918/7,24244/7,77836/7,5559.714285714285,aa6d80334b0d03089eb949712bdda56f69228eaebd3aeb02c54bdd9bce57395f
confirmation,60,sbm_fixed_count,0,n0060-r0000-sbm_fixed_count,nch,source,0,720,10707/7,7989/7,60737/7,55989/7,492195/7,25810.077297335083,aa6d80334b0d03089eb949712bdda56f69228eaebd3aeb02c54bdd9bce57395f
confirmation,60,sbm_fixed_count,0,n0060-r0000-sbm_fixed_count,nch,binary_panel,0,4899/7,10337/7,13135/7,26270/7,18034/7,52540/7,3752.8571428571427,aa6d80334b0d03089eb949712bdda56f69228eaebd3aeb02c54bdd9bce57395f
confirmation,60,barabasi_albert,1,n0060-r0001-barabasi_albert,demand-aware,source,0,720,10590/7,9553/7,46385/7,5937,32505,15163.894575962186,fe1900caa09be4aa6e9dbb573d52b0d45ddce610aa7373bfde70a3c1f8e457cd
confirmation,60,barabasi_albert,1,n0060-r0001-barabasi_albert,demand-aware,binary_panel,0,9607/14,19785/14,30497/14,30497/7,20052/7,60994/7,4356.714285714285,fe1900caa09be4aa6e9dbb573d52b0d45ddce610aa7373bfde70a3c1f8e457cd
confirmation,60,barabasi_albert,1,n0060-r0001-barabasi_albert,fhs3,source,0,720,10590/7,10860/7,31992/7,26116/7,94800/7,7145.457774603306,fe1900caa09be4aa6e9dbb573d52b0d45ddce610aa7373bfde70a3c1f8e457cd
confirmation,60,barabasi_albert,1,n0060-r0001-barabasi_albert,fhs3,binary_panel,0,4913/7,10181/7,27785/14,27785/7,5373/2,55570/7,3969.285714285714,fe1900caa09be4aa6e9dbb573d52b0d45ddce610aa7373bfde70a3c1f8e457cd
confirmation,60,barabasi_albert,1,n0060-r0001-barabasi_albert,fhs5,source,0,720,10590/7,9553/7,46385/7,5937,32505,15163.894575962186,fe1900caa09be4aa6e9dbb573d52b0d45ddce610aa7373bfde70a3c1f8e457cd
confirmation,60,barabasi_albert,1,n0060-r0001-barabasi_albert,fhs5,binary_panel,0,9607/14,19785/14,30497/14,30497/7,20052/7,60994/7,4356.714285714285,fe1900caa09be4aa6e9dbb573d52b0d45ddce610aa7373bfde70a3c1f8e457cd
confirmation,60,barabasi_albert,1,n0060-r0001-barabasi_albert,nch,source,0,720,10590/7,7158/7,81108/7,76127/7,168988,42854.76687738623,fe1900caa09be4aa6e9dbb573d52b0d45ddce610aa7373bfde70a3c1f8e457cd
confirmation,60,barabasi_albert,1,n0060-r0001-barabasi_albert,nch,binary_panel,0,5009/7,10475/7,12503/7,25006/7,17512/7,50012/7,3572.285714285714,fe1900caa09be4aa6e9dbb573d52b0d45ddce610aa7373bfde70a3c1f8e457cd
confirmation,60,er_gnm,1,n0060-r0001-er_gnm,demand-aware,source,0,720,10590/7,9669/7,46479/7,41362/7,226803/7,15126.87616035929,0fb9f7544260fc1cfeeaec13eaa64db5997e6f91bb2e1ed8fc0a8617c317fd58
confirmation,60,er_gnm,1,n0060-r0001-er_gnm,demand-aware,binary_panel,0,4993/7,20875/14,16311/7,32622/7,21304/7,65244/7,4660.285714285715,0fb9f7544260fc1cfeeaec13eaa64db5997e6f91bb2e1ed8fc0a8617c317fd58
confirmation,60,er_gnm,1,n0060-r0001-er_gnm,fhs3,source,0,720,10590/7,11155/7,32656/7,26525/7,96350/7,7258.866585340463,0fb9f7544260fc1cfeeaec13eaa64db5997e6f91bb2e1ed8fc0a8617c317fd58
confirmation,60,er_gnm,1,n0060-r0001-er_gnm,fhs3,binary_panel,0,5032/7,10562/7,2137,4274,19991/7,8548,4274.0,0fb9f7544260fc1cfeeaec13eaa64db5997e6f91bb2e1ed8fc0a8617c317fd58
confirmation,60,er_gnm,1,n0060-r0001-er_gnm,fhs5,source,0,720,10590/7,9669/7,46479/7,41362/7,226803/7,15126.87616035929,0fb9f7544260fc1cfeeaec13eaa64db5997e6f91bb2e1ed8fc0a8617c317fd58
confirmation,60,er_gnm,1,n0060-r0001-er_gnm,fhs5,binary_panel,0,4993/7,20875/14,16311/7,32622/7,21304/7,65244/7,4660.285714285715,0fb9f7544260fc1cfeeaec13eaa64db5997e6f91bb2e1ed8fc0a8617c317fd58
confirmation,60,er_gnm,1,n0060-r0001-er_gnm,nch,source,0,720,10590/7,1132,8453,54678/7,474067/7,24950.046423346266,0fb9f7544260fc1cfeeaec13eaa64db5997e6f91bb2e1ed8fc0a8617c317fd58
confirmation,60,er_gnm,1,n0060-r0001-er_gnm,nch,binary_panel,0,5039/7,1512,26897/14,26897/7,36975/14,53794/7,3842.4285714285716,0fb9f7544260fc1cfeeaec13eaa64db5997e6f91bb2e1ed8fc0a8617c317fd58
confirmation,60,sbm_fixed_count,1,n0060-r0001-sbm_fixed_count,demand-aware,source,0,719,10576/7,10267/7,49009/7,43339/7,239763/7,15944.594070917654,8ea0198dcd5a6483e79247875ee636a298e07d51fd8f69c0e233576337c14c9a
confirmation,60,sbm_fixed_count,1,n0060-r0001-sbm_fixed_count,demand-aware,binary_panel,0,4745/7,9766/7,17474/7,34948/7,22219/7,69896/7,4992.571428571428,8ea0198dcd5a6483e79247875ee636a298e07d51fd8f69c0e233576337c14c9a
confirmation,60,sbm_fixed_count,1,n0060-r0001-sbm_fixed_count,fhs3,source,0,710,1485,11838/7,34869/7,27952/7,103317/7,7787.3508302451,8ea0198dcd5a6483e79247875ee636a298e07d51fd8f69c0e233576337c14c9a
confirmation,60,sbm_fixed_count,1,n0060-r0001-sbm_fixed_count,fhs3,binary_panel,0,4741/7,9795/7,15187/7,30374/7,19928/7,60748/7,4339.142857142857,8ea0198dcd5a6483e79247875ee636a298e07d51fd8f69c0e233576337c14c9a
confirmation,60,sbm_fixed_count,1,n0060-r0001-sbm_fixed_count,fhs5,source,0,719,10576/7,10267/7,49009/7,43339/7,239763/7,15944.594070917654,8ea0198dcd5a6483e79247875ee636a298e07d51fd8f69c0e233576337c14c9a
confirmation,60,sbm_fixed_count,1,n0060-r0001-sbm_fixed_count,fhs5,binary_panel,0,4745/7,9766/7,17474/7,34948/7,22219/7,69896/7,4992.571428571428,8ea0198dcd5a6483e79247875ee636a298e07d51fd8f69c0e233576337c14c9a
confirmation,60,sbm_fixed_count,1,n0060-r0001-sbm_fixed_count,nch,source,0,720,10590/7,8158/7,8170,52579/7,60600,23291.346178483705,8ea0198dcd5a6483e79247875ee636a298e07d51fd8f69c0e233576337c14c9a
confirmation,60,sbm_fixed_count,1,n0060-r0001-sbm_fixed_count,nch,binary_panel,0,685,9957/7,12917/7,25834/7,17712/7,51668/7,3690.5714285714284,8ea0198dcd5a6483e79247875ee636a298e07d51fd8f69c0e233576337c14c9a
confirmation,60,barabasi_albert,2,n0060-r0002-barabasi_albert,demand-aware,source,0,720,10687/7,9654/7,46730/7,41819/7,229800/7,15282.855744767256,beab919b47ddecf925600f6556ecb8836c5800ff0cb3ef4026ff6875797c18bf
confirmation,60,barabasi_albert,2,n0060-r0002-barabasi_albert,demand-aware,binary_panel,0,4926/7,10295/7,2260,4520,20746/7,9040,4520.0,beab919b47ddecf925600f6556ecb8836c5800ff0cb3ef4026ff6875797c18bf
confirmation,60,barabasi_albert,2,n0060-r0002-barabasi_albert,fhs3,source,0,720,10687/7,10975/7,32148/7,26165/7,94890/7,7149.191821009008,beab919b47ddecf925600f6556ecb8836c5800ff0cb3ef4026ff6875797c18bf
confirmation,60,barabasi_albert,2,n0060-r0002-barabasi_albert,fhs3,binary_panel,0,1417/2,20817/14,27135/14,27135/7,18527/7,54270/7,3876.4285714285716,beab919b47ddecf925600f6556ecb8836c5800ff0cb3ef4026ff6875797c18bf
confirmation,60,barabasi_albert,2,n0060-r0002-barabasi_albert,fhs5,source,0,720,10687/7,9654/7,46730/7,41819/7,229800/7,15282.855744767256,beab919b47ddecf925600f6556ecb8836c5800ff0cb3ef4026ff6875797c18bf
confirmation,60,barabasi_albert,2,n0060-r0002-barabasi_albert,fhs5,binary_panel,0,4926/7,10295/7,2260,4520,20746/7,9040,4520.0,beab919b47ddecf925600f6556ecb8836c5800ff0cb3ef4026ff6875797c18bf
confirmation,60,barabasi_albert,2,n0060-r0002-barabasi_albert,nch,source,0,720,10687/7,7213/7,75476/7,70817/7,977418/7,38297.90891126368,beab919b47ddecf925600f6556ecb8836c5800ff0cb3ef4026ff6875797c18bf
confirmation,60,barabasi_albert,2,n0060-r0002-barabasi_albert,nch,binary_panel,0,10013/14,21131/14,25353/14,25353/7,17683/7,50706/7,3621.8571428571427,beab919b47ddecf925600f6556ecb8836c5800ff0cb3ef4026ff6875797c18bf
confirmation,60,er_gnm,2,n0060-r0002-er_gnm,demand-aware,source,0,720,10687/7,1370,46027/7,41141/7,224613/7,14973.555128114196,260c766cf9d4c048b3605c19536a9ab4093aaffe8f94310810f2abf81b36c7f8
confirmation,60,er_gnm,2,n0060-r0002-er_gnm,demand-aware,binary_panel,0,4945/7,1492,17247/7,34494/7,22192/7,68988/7,4927.714285714285,260c766cf9d4c048b3605c19536a9ab4093aaffe8f94310810f2abf81b36c7f8
confirmation,60,er_gnm,2,n0060-r0002-er_gnm,fhs3,source,0,720,10687/7,11233/7,33142/7,26876/7,98312/7,7411.025567585313,260c766cf9d4c048b3605c19536a9ab4093aaffe8f94310810f2abf81b36c7f8
confirmation,60,er_gnm,2,n0060-r0002-er_gnm,fhs3,binary_panel,0,5003/7,1512,14744/7,29488/7,2821,58976/7,4212.571428571428,260c766cf9d4c048b3605c19536a9ab4093aaffe8f94310810f2abf81b36c7f8
confirmation,60,er_gnm,2,n0060-r0002-er_gnm,fhs5,source,0,720,10687/7,1370,46027/7,41141/7,224613/7,14973.555128114196,260c766cf9d4c048b3605c19536a9ab4093aaffe8f94310810f2abf81b36c7f8
confirmation,60,er_gnm,2,n0060-r0002-er_gnm,fhs5,binary_panel,0,4945/7,1492,17247/7,34494/7,22192/7,68988/7,4927.714285714285,260c766cf9d4c048b3605c19536a9ab4093aaffe8f94310810f2abf81b36c7f8
confirmation,60,er_gnm,2,n0060-r0002-er_gnm,nch,source,0,720,10687/7,7930/7,8074,52260/7,430002/7,23253.344841119415,260c766cf9d4c048b3605c19536a9ab4093aaffe8f94310810f2abf81b36c7f8
confirmation,60,er_gnm,2,n0060-r0002-er_gnm,nch,binary_panel,0,10065/14,1522,1827,3654,35643/14,7308,3654.0,260c766cf9d4c048b3605c19536a9ab4093aaffe8f94310810f2abf81b36c7f8
confirmation,60,sbm_fixed_count,2,n0060-r0002-sbm_fixed_count,demand-aware,source,0,5036/7,1525,10361/7,49219/7,43060/7,238865/7,15935.95680129184,e16a6ace81fbd82c8eaf6141a5d9bc52ecb63939c9352fc5223fab4d47009a9a
confirmation,60,sbm_fixed_count,2,n0060-r0002-sbm_fixed_count,demand-aware,binary_panel,0,4595/7,9544/7,18507/7,37014/7,23102/7,74028/7,5287.714285714285,e16a6ace81fbd82c8eaf6141a5d9bc52ecb63939c9352fc5223fab4d47009a9a
confirmation,60,sbm_fixed_count,2,n0060-r0002-sbm_fixed_count,fhs3,source,0,4915/7,10309/7,11913/7,4946,27500/7,101632/7,7652.537924765258,e16a6ace81fbd82c8eaf6141a5d9bc52ecb63939c9352fc5223fab4d47009a9a
confirmation,60,sbm_fixed_count,2,n0060-r0002-sbm_fixed_count,fhs3,binary_panel,0,4689/7,9774/7,14993/7,29986/7,19682/7,59972/7,4283.714285714285,e16a6ace81fbd82c8eaf6141a5d9bc52ecb63939c9352fc5223fab4d47009a9a
confirmation,60,sbm_fixed_count,2,n0060-r0002-sbm_fixed_count,fhs5,source,0,5036/7,1525,10322/7,49170/7,43053/7,34152,15942.933982637813,e16a6ace81fbd82c8eaf6141a5d9bc52ecb63939c9352fc5223fab4d47009a9a
confirmation,60,sbm_fixed_count,2,n0060-r0002-sbm_fixed_count,fhs5,binary_panel,0,4595/7,9544/7,18507/7,37014/7,23102/7,74028/7,5287.714285714285,e16a6ace81fbd82c8eaf6141a5d9bc52ecb63939c9352fc5223fab4d47009a9a
confirmation,60,sbm_fixed_count,2,n0060-r0002-sbm_fixed_count,nch,source,0,720,10687/7,8055/7,58888/7,54216/7,454522/7,24488.929715629434,e16a6ace81fbd82c8eaf6141a5d9bc52ecb63939c9352fc5223fab4d47009a9a
confirmation,60,sbm_fixed_count,2,n0060-r0002-sbm_fixed_count,nch,binary_panel,0,4772/7,19925/14,24747/14,24747/7,34291/14,49494/7,3535.285714285714,e16a6ace81fbd82c8eaf6141a5d9bc52ecb63939c9352fc5223fab4d47009a9a
confirmation,60,barabasi_albert,3,n0060-r0003-barabasi_albert,demand-aware,source,0,720,10553/7,9841/7,47325/7,42260/7,33141,15434.434673153317,0ead7186c123662f24ea5d73c209c3760707928d8370ace5d9ae56b8eabc66bb
confirmation,60,barabasi_albert,3,n0060-r0003-barabasi_albert,demand-aware,binary_panel,0,9715/14,20043/14,30437/14,30437/7,2868,60874/7,4348.142857142857,0ead7186c123662f24ea5d73c209c3760707928d8370ace5d9ae56b8eabc66bb
confirmation,60,barabasi_albert,3,n0060-r0003-barabasi_albert,fhs3,source,0,720,10553/7,11098/7,32512/7,26353/7,95972/7,7230.77421033119,0ead7186c123662f24ea5d73c209c3760707928d8370ace5d9ae56b8eabc66bb
confirmation,60,barabasi_albert,3,n0060-r0003-barabasi_albert,fhs3,binary_panel,0,4957/7,1471,13985/7,27970/7,2706,55940/7,3995.714285714286,0ead7186c123662f24ea5d73c209c3760707928d8370ace5d9ae56b8eabc66bb
confirmation,60,barabasi_albert,3,n0060-r0003-barabasi_albert,fhs5,source,0,720,10553/7,9841/7,47325/7,42260/7,33141,15434.434673153317,0ead7186c123662f24ea5d73c209c3760707928d8370ace5d9ae56b8eabc66bb
confirmation,60,barabasi_albert,3,n0060-r0003-barabasi_albert,fhs5,binary_panel,0,9715/14,20043/14,30437/14,30437/7,2868,60874/7,4348.142857142857,0ead7186c123662f24ea5d73c209c3760707928d8370ace5d9ae56b8eabc66bb
confirmation,60,barabasi_albert,3,n0060-r0003-barabasi_albert,nch,source,0,720,10553/7,7191/7,85678/7,80189/7,1300728/7,45995.47648101126,0ead7186c123662f24ea5d73c209c3760707928d8370ace5d9ae56b8eabc66bb
confirmation,60,barabasi_albert,3,n0060-r0003-barabasi_albert,nch,binary_panel,0,5000/7,10413/7,12748/7,25496/7,17748/7,50992/7,3642.285714285714,0ead7186c123662f24ea5d73c209c3760707928d8370ace5d9ae56b8eabc66bb
confirmation,60,er_gnm,3,n0060-r0003-er_gnm,demand-aware,source,0,720,10553/7,9666/7,47332/7,42207/7,233874/7,15550.556754571071,aa3e0191c8c900fbee1b3d317a440e321cba1fbbe80e2bba0008dd6dda5d51a2
confirmation,60,er_gnm,3,n0060-r0003-er_gnm,demand-aware,binary_panel,0,4950/7,1465,18049/7,36098/7,22999/7,72196/7,5156.857142857143,aa3e0191c8c900fbee1b3d317a440e321cba1fbbe80e2bba0008dd6dda5d51a2
confirmation,60,er_gnm,3,n0060-r0003-er_gnm,fhs3,source,0,5035/7,10540/7,11099/7,32685/7,3799,13833,7298.357890741185,aa3e0191c8c900fbee1b3d317a440e321cba1fbbe80e2bba0008dd6dda5d51a2
confirmation,60,er_gnm,3,n0060-r0003-er_gnm,fhs3,binary_panel,0,10037/14,1496,30321/14,30321/7,20179/7,60642/7,4331.571428571428,aa3e0191c8c900fbee1b3d317a440e321cba1fbbe80e2bba0008dd6dda5d51a2
confirmation,60,er_gnm,3,n0060-r0003-er_gnm,fhs5,source,0,720,10553/7,1383,47399/7,42268/7,234183/7,15571.44752174704,aa3e0191c8c900fbee1b3d317a440e321cba1fbbe80e2bba0008dd6dda5d51a2
confirmation,60,er_gnm,3,n0060-r0003-er_gnm,fhs5,binary_panel,0,4950/7,1465,18049/7,36098/7,22999/7,72196/7,5156.857142857143,aa3e0191c8c900fbee1b3d317a440e321cba1fbbe80e2bba0008dd6dda5d51a2
confirmation,60,er_gnm,3,n0060-r0003-er_gnm,nch,source,0,720,10553/7,7990/7,60908/7,8056,503618/7,26034.759115144574,aa3e0191c8c900fbee1b3d317a440e321cba1fbbe80e2bba0008dd6dda5d51a2
confirmation,60,er_gnm,3,n0060-r0003-er_gnm,nch,binary_panel,0,5021/7,10492/7,1846,3692,17943/7,7384,3692.0,aa3e0191c8c900fbee1b3d317a440e321cba1fbbe80e2bba0008dd6dda5d51a2
confirmation,60,sbm_fixed_count,3,n0060-r0003-sbm_fixed_count,demand-aware,source,0,720,10553/7,10261/7,49468/7,6233,242184/7,16131.44967511501,c617e4dcbc9e971659307dd503675d6521076574e2c87bdb6dc3c9bf3df088e7
confirmation,60,sbm_fixed_count,3,n0060-r0003-sbm_fixed_count,demand-aware,binary_panel,0,687,9904/7,2632,5264,3319,10528,5264.0,c617e4dcbc9e971659307dd503675d6521076574e2c87bdb6dc3c9bf3df088e7
confirmation,60,sbm_fixed_count,3,n0060-r0003-sbm_fixed_count,fhs3,source,0,720,10553/7,11933/7,35025/7,28045/7,103527/7,7801.112805234591,c617e4dcbc9e971659307dd503675d6521076574e2c87bdb6dc3c9bf3df088e7
confirmation,60,sbm_fixed_count,3,n0060-r0003-sbm_fixed_count,fhs3,binary_panel,0,4887/7,10144/7,15430/7,30860/7,20317/7,61720/7,4408.571428571428,c617e4dcbc9e971659307dd503675d6521076574e2c87bdb6dc3c9bf3df088e7
confirmation,60,sbm_fixed_count,3,n0060-r0003-sbm_fixed_count,fhs5,source,0,720,10553/7,10261/7,49468/7,6233,242184/7,16131.44967511501,c617e4dcbc9e971659307dd503675d6521076574e2c87bdb6dc3c9bf3df088e7
confirmation,60,sbm_fixed_count,3,n0060-r0003-sbm_fixed_count,fhs5,binary_panel,0,687,9904/7,2632,5264,3319,10528,5264.0,c617e4dcbc9e971659307dd503675d6521076574e2c87bdb6dc3c9bf3df088e7
confirmation,60,sbm_fixed_count,3,n0060-r0003-sbm_fixed_count,nch,source,0,720,10553/7,8149/7,58336/7,53598/7,445738/7,24061.931476047488,c617e4dcbc9e971659307dd503675d6521076574e2c87bdb6dc3c9bf3df088e7
confirmation,60,sbm_fixed_count,3,n0060-r0003-sbm_fixed_count,nch,binary_panel,0,9907/14,20555/14,26087/14,26087/7,2571,52174/7,3726.714285714286,c617e4dcbc9e971659307dd503675d6521076574e2c87bdb6dc3c9bf3df088e7
confirmation,60,barabasi_albert,4,n0060-r0004-barabasi_albert,demand-aware,source,0,720,10446/7,9693/7,6647,41674/7,227663/7,15156.66678962398,ccdee636da88a1a27ed173b34eddd7fb7a4278ae5233311230b37668f8d677a0
confirmation,60,barabasi_albert,4,n0060-r0004-barabasi_albert,demand-aware,binary_panel,0,4912/7,10085/7,16064/7,32128/7,20976/7,64256/7,4589.714285714285,ccdee636da88a1a27ed173b34eddd7fb7a4278ae5233311230b37668f8d677a0
confirmation,60,barabasi_albert,4,n0060-r0004-barabasi_albert,fhs3,source,0,5039/7,10440/7,11008/7,32240/7,3750,95152/7,7168.852831731328,ccdee636da88a1a27ed173b34eddd7fb7a4278ae5233311230b37668f8d677a0
confirmation,60,barabasi_albert,4,n0060-r0004-barabasi_albert,fhs3,binary_panel,0,4961/7,10186/7,13683/7,27366/7,18644/7,54732/7,3909.4285714285716,ccdee636da88a1a27ed173b34eddd7fb7a4278ae5233311230b37668f8d677a0
confirmation,60,barabasi_albert,4,n0060-r0004-barabasi_albert,fhs5,source,0,720,10446/7,9693/7,6647,41674/7,227663/7,15156.66678962398,ccdee636da88a1a27ed173b34eddd7fb7a4278ae5233311230b37668f8d677a0
confirmation,60,barabasi_albert,4,n0060-r0004-barabasi_albert,fhs5,binary_panel,0,4912/7,10085/7,16064/7,32128/7,20976/7,64256/7,4589.714285714285,ccdee636da88a1a27ed173b34eddd7fb7a4278ae5233311230b37668f8d677a0
confirmation,60,barabasi_albert,4,n0060-r0004-barabasi_albert,nch,source,0,720,10446/7,1032,75270/7,70650/7,976270/7,38182.38578435476,ccdee636da88a1a27ed173b34eddd7fb7a4278ae5233311230b37668f8d677a0
confirmation,60,barabasi_albert,4,n0060-r0004-barabasi_albert,nch,binary_panel,0,715,1473,12491/7,24982/7,17496/7,49964/7,3568.8571428571427,ccdee636da88a1a27ed173b34eddd7fb7a4278ae5233311230b37668f8d677a0
confirmation,60,er_gnm,4,n0060-r0004-er_gnm,demand-aware,source,0,720,10446/7,9712/7,46430/7,41364/7,225896/7,15072.62163405414,71c929d385a407032a0de6f772bde0e22f193ff9c522d73b59fc4dae5ad33a9d
confirmation,60,er_gnm,4,n0060-r0004-er_gnm,demand-aware,binary_panel,0,9951/14,10251/7,16791/7,33582/7,6219/2,67164/7,4797.428571428572,71c929d385a407032a0de6f772bde0e22f193ff9c522d73b59fc4dae5ad33a9d
confirmation,60,er_gnm,4,n0060-r0004-er_gnm,fhs3,source,0,5036/7,10431/7,11296/7,33421/7,3877,99329/7,7489.239537275456,71c929d385a407032a0de6f772bde0e22f193ff9c522d73b59fc4dae5ad33a9d
confirmation,60,er_gnm,4,n0060-r0004-er_gnm,fhs3,binary_panel,0,715,10337/7,15184/7,30368/7,20189/7,60736/7,4338.285714285715,71c929d385a407032a0de6f772bde0e22f193ff9c522d73b59fc4dae5ad33a9d
confirmation,60,er_gnm,4,n0060-r0004-er_gnm,fhs5,source,0,720,10446/7,9712/7,46430/7,41364/7,225896/7,15072.62163405414,71c929d385a407032a0de6f772bde0e22f193ff9c522d73b59fc4dae5ad33a9d
confirmation,60,er_gnm,4,n0060-r0004-er_gnm,fhs5,binary_panel,0,9951/14,10251/7,16791/7,33582/7,6219/2,67164/7,4797.428571428572,71c929d385a407032a0de6f772bde0e22f193ff9c522d73b59fc4dae5ad33a9d
confirmation,60,er_gnm,4,n0060-r0004-er_gnm,nch,source,0,720,10446/7,7935/7,57948/7,53586/7,462520/7,24289.64382226585,71c929d385a407032a0de6f772bde0e22f193ff9c522d73b59fc4dae5ad33a9d
confirmation,60,er_gnm,4,n0060-r0004-er_gnm,nch,binary_panel,0,10047/14,1482,25623/14,25623/7,17835/7,51246/7,3660.4285714285716,71c929d385a407032a0de6f772bde0e22f193ff9c522d73b59fc4dae5ad33a9d
confirmation,60,sbm_fixed_count,4,n0060-r0004-sbm_fixed_count,demand-aware,source,0,720,10446/7,10623/7,51654/7,45683/7,254886/7,16936.490173689752,607cdfbf9b7b349138ba8d48db7d3f692b4df6390ddbc3f69da54aef8a7b7f32
confirmation,60,sbm_fixed_count,4,n0060-r0004-sbm_fixed_count,demand-aware,binary_panel,0,4685/7,9559/7,19690/7,39380/7,24375/7,78760/7,5625.714285714285,607cdfbf9b7b349138ba8d48db7d3f692b4df6390ddbc3f69da54aef8a7b7f32
confirmation,60,sbm_fixed_count,4,n0060-r0004-sbm_fixed_count,fhs3,source,0,5011/7,1481,12195/7,35804/7,28559/7,105850/7,7976.326564241975,607cdfbf9b7b349138ba8d48db7d3f692b4df6390ddbc3f69da54aef8a7b7f32
confirmation,60,sbm_fixed_count,4,n0060-r0004-sbm_fixed_count,fhs3,binary_panel,0,4731/7,9711/7,15891/7,31782/7,2946,63564/7,4540.285714285715,607cdfbf9b7b349138ba8d48db7d3f692b4df6390ddbc3f69da54aef8a7b7f32
confirmation,60,sbm_fixed_count,4,n0060-r0004-sbm_fixed_count,fhs5,source,0,720,10446/7,10638/7,51577/7,45575/7,254217/7,16892.393091724225,607cdfbf9b7b349138ba8d48db7d3f692b4df6390ddbc3f69da54aef8a7b7f32
confirmation,60,sbm_fixed_count,4,n0060-r0004-sbm_fixed_count,fhs5,binary_panel,0,4685/7,9559/7,19690/7,39380/7,24375/7,78760/7,5625.714285714285,607cdfbf9b7b349138ba8d48db7d3f692b4df6390ddbc3f69da54aef8a7b7f32
confirmation,60,sbm_fixed_count,4,n0060-r0004-sbm_fixed_count,nch,source,0,720,10446/7,8069/7,61396/7,56578/7,507022/7,26222.861484490735,607cdfbf9b7b349138ba8d48db7d3f692b4df6390ddbc3f69da54aef8a7b7f32
confirmation,60,sbm_fixed_count,4,n0060-r0004-sbm_fixed_count,nch,binary_panel,0,4881/7,10092/7,12787/7,25574/7,2524,51148/7,3653.4285714285716,607cdfbf9b7b349138ba8d48db7d3f692b4df6390ddbc3f69da54aef8a7b7f32
confirmation,60,barabasi_albert,5,n0060-r0005-barabasi_albert,demand-aware,source,0,720,10485/7,1380,46528/7,41519/7,227866/7,15173.420871179123,1a74ea91171edc3d8d431967c774adb43f6dac940bf3d07392e099fbb28634ae
confirmation,60,barabasi_albert,5,n0060-r0005-barabasi_albert,demand-aware,binary_panel,0,4846/7,19927/14,30497/14,30497/7,40189/14,60994/7,4356.714285714285,1a74ea91171edc3d8d431967c774adb43f6dac940bf3d07392e099fbb28634ae
confirmation,60,barabasi_albert,5,n0060-r0005-barabasi_albert,fhs3,source,0,720,10485/7,10809/7,31844/7,26031/7,94366/7,7112.782799589089,1a74ea91171edc3d8d431967c774adb43f6dac940bf3d07392e099fbb28634ae
confirmation,60,barabasi_albert,5,n0060-r0005-barabasi_albert,fhs3,binary_panel,0,4901/7,10077/7,13326/7,26652/7,18227/7,53304/7,3807.4285714285716,1a74ea91171edc3d8d431967c774adb43f6dac940bf3d07392e099fbb28634ae
confirmation,60,barabasi_albert,5,n0060-r0005-barabasi_albert,fhs5,source,0,720,10485/7,1380,46528/7,41519/7,227866/7,15173.420871179123,1a74ea91171edc3d8d431967c774adb43f6dac940bf3d07392e099fbb28634ae
confirmation,60,barabasi_albert,5,n0060-r0005-barabasi_albert,fhs5,binary_panel,0,4846/7,19927/14,30497/14,30497/7,40189/14,60994/7,4356.714285714285,1a74ea91171edc3d8d431967c774adb43f6dac940bf3d07392e099fbb28634ae
confirmation,60,barabasi_albert,5,n0060-r0005-barabasi_albert,nch,source,0,720,10485/7,7134/7,81364/7,76246/7,1168084/7,42950.078201637116,1a74ea91171edc3d8d431967c774adb43f6dac940bf3d07392e099fbb28634ae
confirmation,60,barabasi_albert,5,n0060-r0005-barabasi_albert,nch,binary_panel,0,4980/7,10288/7,12520/7,25040/7,2500,50080/7,3577.1428571428573,1a74ea91171edc3d8d431967c774adb43f6dac940bf3d07392e099fbb28634ae
confirmation,60,er_gnm,5,n0060-r0005-er_gnm,demand-aware,source,0,720,10485/7,1366,46637/7,41819/7,229451/7,15279.774155119103,d511ffcfdc3966d414c049958e4187ebc8b6345e76b91fa458c099f600918f02
confirmation,60,er_gnm,5,n0060-r0005-er_gnm,demand-aware,binary_panel,0,4997/7,20693/14,34851/14,34851/7,44845/14,69702/7,4978.714285714285,d511ffcfdc3966d414c049958e4187ebc8b6345e76b91fa458c099f600918f02
confirmation,60,er_gnm,5,n0060-r0005-er_gnm,fhs3,source,0,720,10485/7,10944/7,32532/7,26609/7,96996/7,7315.860367575422,d511ffcfdc3966d414c049958e4187ebc8b6345e76b91fa458c099f600918f02
confirmation,60,er_gnm,5,n0060-r0005-er_gnm,fhs3,binary_panel,0,4976/7,10289/7,15889/7,31778/7,20865/7,63556/7,4539.714285714285,d511ffcfdc3966d414c049958e4187ebc8b6345e76b91fa458c099f600918f02
confirmation,60,er_gnm,5,n0060-r0005-er_gnm,fhs5,source,0,720,10485/7,1366,46637/7,41819/7,229451/7,15279.774155119103,d511ffcfdc3966d414c049958e4187ebc8b6345e76b91fa458c099f600918f02
confirmation,60,er_gnm,5,n0060-r0005-er_gnm,fhs5,binary_panel,0,4997/7,20693/14,34851/14,34851/7,44845/14,69702/7,4978.714285714285,d511ffcfdc3966d414c049958e4187ebc8b6345e76b91fa458c099f600918f02
confirmation,60,er_gnm,5,n0060-r0005-er_gnm,nch,source,0,720,10485/7,7937/7,57783/7,53637/7,65299,24157.62874147116,d511ffcfdc3966d414c049958e4187ebc8b6345e76b91fa458c099f600918f02
confirmation,60,er_gnm,5,n0060-r0005-er_gnm,nch,binary_panel,0,5027/7,10445/7,12787/7,25574/7,17814/7,51148/7,3653.4285714285716,d511ffcfdc3966d414c049958e4187ebc8b6345e76b91fa458c099f600918f02
confirmation,60,sbm_fixed_count,5,n0060-r0005-sbm_fixed_count,demand-aware,source,0,5036/7,10475/7,10235/7,49115/7,43304/7,240883/7,16013.975604352847,dcc65358075f5cc3900b0b2d953b55defc19caf3a5c69008cf3bf7d4f3f3f1a4
confirmation,60,sbm_fixed_count,5,n0060-r0005-sbm_fixed_count,demand-aware,binary_panel,0,1325/2,18939/14,17662/7,35324/7,44599/14,70648/7,5046.285714285715,dcc65358075f5cc3900b0b2d953b55defc19caf3a5c69008cf3bf7d4f3f3f1a4
confirmation,60,sbm_fixed_count,5,n0060-r0005-sbm_fixed_count,fhs3,source,0,711,10291/7,11754/7,34343/7,27465/7,101191/7,7622.458012277311,dcc65358075f5cc3900b0b2d953b55defc19caf3a5c69008cf3bf7d4f3f3f1a4
confirmation,60,sbm_fixed_count,5,n0060-r0005-sbm_fixed_count,fhs3,binary_panel,0,9493/14,1390,15108/7,30216/7,39709/14,60432/7,4316.571428571428,dcc65358075f5cc3900b0b2d953b55defc19caf3a5c69008cf3bf7d4f3f3f1a4
confirmation,60,sbm_fixed_count,5,n0060-r0005-sbm_fixed_count,fhs5,source,0,5036/7,10475/7,10235/7,49115/7,43304/7,240883/7,16013.975604352847,dcc65358075f5cc3900b0b2d953b55defc19caf3a5c69008cf3bf7d4f3f3f1a4
confirmation,60,sbm_fixed_count,5,n0060-r0005-sbm_fixed_count,fhs5,binary_panel,0,1325/2,18939/14,17662/7,35324/7,44599/14,70648/7,5046.285714285715,dcc65358075f5cc3900b0b2d953b55defc19caf3a5c69008cf3bf7d4f3f3f1a4
confirmation,60,sbm_fixed_count,5,n0060-r0005-sbm_fixed_count,nch,source,0,720,10485/7,8037/7,58661/7,54146/7,454441/7,24397.062902092624,dcc65358075f5cc3900b0b2d953b55defc19caf3a5c69008cf3bf7d4f3f3f1a4
confirmation,60,sbm_fixed_count,5,n0060-r0005-sbm_fixed_count,nch,binary_panel,0,4780/7,9803/7,12679/7,25358/7,17459/7,50716/7,3622.5714285714284,dcc65358075f5cc3900b0b2d953b55defc19caf3a5c69008cf3bf7d4f3f3f1a4
confirmation,60,barabasi_albert,6,n0060-r0006-barabasi_albert,demand-aware,source,0,720,10701/7,9542/7,46567/7,41647/7,229765/7,15278.985534875928,3d1f62f77b03d635b55640392ac46aa38fe25d410d2bfc6c90c52670d5c17014
confirmation,60,barabasi_albert,6,n0060-r0006-barabasi_albert,demand-aware,binary_panel,0,703,10336/7,32005/14,32005/7,41847/14,64010/7,4572.142857142857,3d1f62f77b03d635b55640392ac46aa38fe25d410d2bfc6c90c52670d5c17014
confirmation,60,barabasi_albert,6,n0060-r0006-barabasi_albert,fhs3,source,0,720,10701/7,11208/7,32440/7,26205/7,94952/7,7147.2846173838,3d1f62f77b03d635b55640392ac46aa38fe25d410d2bfc6c90c52670d5c17014
confirmation,60,barabasi_albert,6,n0060-r0006-barabasi_albert,fhs3,binary_panel,0,9895/14,20855/14,27581/14,27581/7,18738/7,55162/7,3940.1428571428573,3d1f62f77b03d635b55640392ac46aa38fe25d410d2bfc6c90c52670d5c17014
confirmation,60,barabasi_albert,6,n0060-r0006-barabasi_albert,fhs5,source,0,720,10701/7,9542/7,46567/7,41647/7,229765/7,15278.985534875928,3d1f62f77b03d635b55640392ac46aa38fe25d410d2bfc6c90c52670d5c17014
confirmation,60,barabasi_albert,6,n0060-r0006-barabasi_albert,fhs5,binary_panel,0,703,10336/7,32005/14,32005/7,41847/14,64010/7,4572.142857142857,3d1f62f77b03d635b55640392ac46aa38fe25d410d2bfc6c90c52670d5c17014
confirmation,60,barabasi_albert,6,n0060-r0006-barabasi_albert,nch,source,0,720,10701/7,7401/7,76845/7,71728/7,146093,39061.34710351804,3d1f62f77b03d635b55640392ac46aa38fe25d410d2bfc6c90c52670d5c17014
confirmation,60,barabasi_albert,6,n0060-r0006-barabasi_albert,nch,binary_panel,0,716,10614/7,12580/7,25160/7,17592/7,50320/7,3594.285714285714,3d1f62f77b03d635b55640392ac46aa38fe25d410d2bfc6c90c52670d5c17014
confirmation,60,er_gnm,6,n0060-r0006-er_gnm,demand-aware,source,0,720,10701/7,9760/7,47289/7,42256/7,232539/7,15467.410765371595,456451bca99f6e012fc0e8eb2cb41689555249abd3a3b79caaac5584b3450cff
confirmation,60,er_gnm,6,n0060-r0006-er_gnm,demand-aware,binary_panel,0,1417/2,20921/14,17194/7,34388/7,44307/14,68776/7,4912.571428571428,456451bca99f6e012fc0e8eb2cb41689555249abd3a3b79caaac5584b3450cff
confirmation,60,er_gnm,6,n0060-r0006-er_gnm,fhs3,source,0,5039/7,10698/7,11009/7,32426/7,26434/7,96076/7,7241.552731788198,456451bca99f6e012fc0e8eb2cb41689555249abd3a3b79caaac5584b3450cff
confirmation,60,er_gnm,6,n0060-r0006-er_gnm,fhs3,binary_panel,0,5022/7,1519,14887/7,29774/7,19909/7,59548/7,4253.428571428572,456451bca99f6e012fc0e8eb2cb41689555249abd3a3b79caaac5584b3450cff
confirmation,60,er_gnm,6,n0060-r0006-er_gnm,fhs5,source,0,720,10701/7,9760/7,47289/7,42256/7,232539/7,15467.410765371595,456451bca99f6e012fc0e8eb2cb41689555249abd3a3b79caaac5584b3450cff
confirmation,60,er_gnm,6,n0060-r0006-er_gnm,fhs5,binary_panel,0,1417/2,20921/14,17194/7,34388/7,44307/14,68776/7,4912.571428571428,456451bca99f6e012fc0e8eb2cb41689555249abd3a3b79caaac5584b3450cff
confirmation,60,er_gnm,6,n0060-r0006-er_gnm,nch,source,0,720,10701/7,7902/7,56085/7,51952/7,422771/7,23020.6030767144,456451bca99f6e012fc0e8eb2cb41689555249abd3a3b79caaac5584b3450cff
confirmation,60,er_gnm,6,n0060-r0006-er_gnm,nch,binary_panel,0,5036/7,10686/7,12765/7,25530/7,2543,51060/7,3647.1428571428573,456451bca99f6e012fc0e8eb2cb41689555249abd3a3b79caaac5584b3450cff
confirmation,60,sbm_fixed_count,6,n0060-r0006-sbm_fixed_count,demand-aware,source,0,720,10701/7,10456/7,50146/7,44119/7,245762/7,16342.547016233546,7978243ba14cd4e025ba6706331c75543190e08a2d4af26080663ffa742e293b
confirmation,60,sbm_fixed_count,6,n0060-r0006-sbm_fixed_count,demand-aware,binary_panel,0,4664/7,9608/7,36419/14,36419/7,45747/14,72838/7,5202.714285714285,7978243ba14cd4e025ba6706331c75543190e08a2d4af26080663ffa742e293b
confirmation,60,sbm_fixed_count,6,n0060-r0006-sbm_fixed_count,fhs3,source,0,5038/7,1527,11978/7,35433/7,28418/7,105297/7,7939.120551761446,7978243ba14cd4e025ba6706331c75543190e08a2d4af26080663ffa742e293b
confirmation,60,sbm_fixed_count,6,n0060-r0006-sbm_fixed_count,fhs3,binary_panel,0,4825/7,10090/7,15689/7,31378/7,20514/7,62756/7,4482.571428571428,7978243ba14cd4e025ba6706331c75543190e08a2d4af26080663ffa742e293b
confirmation,60,sbm_fixed_count,6,n0060-r0006-sbm_fixed_count,fhs5,source,0,720,10701/7,10456/7,50146/7,44119/7,245762/7,16342.547016233546,7978243ba14cd4e025ba6706331c75543190e08a2d4af26080663ffa742e293b
confirmation,60,sbm_fixed_count,6,n0060-r0006-sbm_fixed_count,fhs5,binary_panel,0,4664/7,9608/7,36419/14,36419/7,45747/14,72838/7,5202.714285714285,7978243ba14cd4e025ba6706331c75543190e08a2d4af26080663ffa742e293b
confirmation,60,sbm_fixed_count,6,n0060-r0006-sbm_fixed_count,nch,source,0,720,10701/7,8016/7,60255/7,55473/7,481993/7,25448.123439945124,7978243ba14cd4e025ba6706331c75543190e08a2d4af26080663ffa742e293b
confirmation,60,sbm_fixed_count,6,n0060-r0006-sbm_fixed_count,nch,binary_panel,0,9887/14,20751/14,25825/14,25825/7,17856/7,51650/7,3689.285714285714,7978243ba14cd4e025ba6706331c75543190e08a2d4af26080663ffa742e293b
confirmation,60,barabasi_albert,7,n0060-r0007-barabasi_albert,demand-aware,source,0,720,10586/7,9641/7,46425/7,41526/7,227459/7,15141.7521871642,c876f78e4b9d90b6feb156a2cab34a345f4cb4f49958cb7c3e5f2aa8239113fd
confirmation,60,barabasi_albert,7,n0060-r0007-barabasi_albert,demand-aware,binary_panel,0,691,10042/7,15111/7,30222/7,19948/7,60444/7,4317.428571428572,c876f78e4b9d90b6feb156a2cab34a345f4cb4f49958cb7c3e5f2aa8239113fd
confirmation,60,barabasi_albert,7,n0060-r0007-barabasi_albert,fhs3,source,0,5036/7,10578/7,11026/7,32703/7,26650/7,97359/7,7342.043826506158,c876f78e4b9d90b6feb156a2cab34a345f4cb4f49958cb7c3e5f2aa8239113fd
confirmation,60,barabasi_albert,7,n0060-r0007-barabasi_albert,fhs3,binary_panel,0,4910/7,10212/7,13530/7,27060/7,18440/7,54120/7,3865.714285714286,c876f78e4b9d90b6feb156a2cab34a345f4cb4f49958cb7c3e5f2aa8239113fd
confirmation,60,barabasi_albert,7,n0060-r0007-barabasi_albert,fhs5,source,0,720,10586/7,9641/7,46425/7,41526/7,227459/7,15141.7521871642,c876f78e4b9d90b6feb156a2cab34a345f4cb4f49958cb7c3e5f2aa8239113fd
confirmation,60,barabasi_albert,7,n0060-r0007-barabasi_albert,fhs5,binary_panel,0,691,10042/7,15111/7,30222/7,19948/7,60444/7,4317.428571428572,c876f78e4b9d90b6feb156a2cab34a345f4cb4f49958cb7c3e5f2aa8239113fd
confirmation,60,barabasi_albert,7,n0060-r0007-barabasi_albert,nch,source,0,720,10586/7,7292/7,11531,75228/7,1165947/7,42361.52921210815,c876f78e4b9d90b6feb156a2cab34a345f4cb4f49958cb7c3e5f2aa8239113fd
confirmation,60,barabasi_albert,7,n0060-r0007-barabasi_albert,nch,binary_panel,0,9943/14,20771/14,12304/7,24608/7,34551/14,49216/7,3515.4285714285716,c876f78e4b9d90b6feb156a2cab34a345f4cb4f49958cb7c3e5f2aa8239113fd
confirmation,60,er_gnm,7,n0060-r0007-er_gnm,demand-aware,source,0,720,10586/7,1404,47325/7,6024,33051,15417.95712008121,ee2bbb70d3105250bd99b56d483c1daea54644879fc60b66c9e9f3ab42a453e2
confirmation,60,er_gnm,7,n0060-r0007-er_gnm,demand-aware,binary_panel,0,4940/7,10312/7,17189/7,34378/7,22129/7,68756/7,4911.142857142857,ee2bbb70d3105250bd99b56d483c1daea54644879fc60b66c9e9f3ab42a453e2
confirmation,60,er_gnm,7,n0060-r0007-er_gnm,fhs3,source,0,5032/7,10566/7,11356/7,33423/7,27060/7,98979/7,7459.942862238987,ee2bbb70d3105250bd99b56d483c1daea54644879fc60b66c9e9f3ab42a453e2
confirmation,60,er_gnm,7,n0060-r0007-er_gnm,fhs3,binary_panel,0,5002/7,10485/7,14956/7,29912/7,19958/7,59824/7,4273.142857142857,ee2bbb70d3105250bd99b56d483c1daea54644879fc60b66c9e9f3ab42a453e2
confirmation,60,er_gnm,7,n0060-r0007-er_gnm,fhs5,source,0,720,10586/7,1404,47325/7,6024,33051,15417.95712008121,ee2bbb70d3105250bd99b56d483c1daea54644879fc60b66c9e9f3ab42a453e2
confirmation,60,er_gnm,7,n0060-r0007-er_gnm,fhs5,binary_panel,0,4940/7,10312/7,17189/7,34378/7,22129/7,68756/7,4911.142857142857,ee2bbb70d3105250bd99b56d483c1daea54644879fc60b66c9e9f3ab42a453e2
confirmation,60,er_gnm,7,n0060-r0007-er_gnm,nch,source,0,5029/7,10564/7,7863/7,58796/7,54553/7,479562/7,24961.510195999825,ee2bbb70d3105250bd99b56d483c1daea54644879fc60b66c9e9f3ab42a453e2
confirmation,60,er_gnm,7,n0060-r0007-er_gnm,nch,binary_panel,0,5009/7,1501,12584/7,25168/7,17593/7,50336/7,3595.4285714285716,ee2bbb70d3105250bd99b56d483c1daea54644879fc60b66c9e9f3ab42a453e2
confirmation,60,sbm_fixed_count,7,n0060-r0007-sbm_fixed_count,demand-aware,source,0,720,10586/7,10159/7,50024/7,44343/7,248176/7,16484.028974268447,ad833cda92b2121315d484246dea650d628925f44594a3a9ea650f1ef1c339c8
confirmation,60,sbm_fixed_count,7,n0060-r0007-sbm_fixed_count,demand-aware,binary_panel,0,4555/7,9480/7,17847/7,35694/7,22402/7,71388/7,5099.142857142857,ad833cda92b2121315d484246dea650d628925f44594a3a9ea650f1ef1c339c8
confirmation,60,sbm_fixed_count,7,n0060-r0007-sbm_fixed_count,fhs3,source,0,4996/7,10481/7,1715,35320/7,4032,104570/7,7881.11109278126,ad833cda92b2121315d484246dea650d628925f44594a3a9ea650f1ef1c339c8
confirmation,60,sbm_fixed_count,7,n0060-r0007-sbm_fixed_count,fhs3,binary_panel,0,4621/7,9642/7,15102/7,30204/7,19723/7,60408/7,4314.857142857143,ad833cda92b2121315d484246dea650d628925f44594a3a9ea650f1ef1c339c8
confirmation,60,sbm_fixed_count,7,n0060-r0007-sbm_fixed_count,fhs5,source,0,720,10586/7,10159/7,50024/7,44343/7,248176/7,16484.028974268447,ad833cda92b2121315d484246dea650d628925f44594a3a9ea650f1ef1c339c8
confirmation,60,sbm_fixed_count,7,n0060-r0007-sbm_fixed_count,fhs5,binary_panel,0,4555/7,9480/7,17847/7,35694/7,22402/7,71388/7,5099.142857142857,ad833cda92b2121315d484246dea650d628925f44594a3a9ea650f1ef1c339c8
confirmation,60,sbm_fixed_count,7,n0060-r0007-sbm_fixed_count,nch,source,0,720,10586/7,7981/7,57923/7,53598/7,445807/7,24024.460900065147,ad833cda92b2121315d484246dea650d628925f44594a3a9ea650f1ef1c339c8
confirmation,60,sbm_fixed_count,7,n0060-r0007-sbm_fixed_count,nch,binary_panel,0,4815/7,10074/7,12751/7,25502/7,17566/7,51004/7,3643.1428571428573,ad833cda92b2121315d484246dea650d628925f44594a3a9ea650f1ef1c339c8
confirmation,60,barabasi_albert,8,n0060-r0008-barabasi_albert,demand-aware,source,0,720,10595/7,9602/7,45960/7,41070/7,224262/7,14943.400412752491,4d592293128d3e784a4a3bb6ea61b34f1646cba7e135420b02db8003fcfccae6
confirmation,60,barabasi_albert,8,n0060-r0008-barabasi_albert,demand-aware,binary_panel,0,4834/7,9974/7,2234,4468,20472/7,8936,4468.0,4d592293128d3e784a4a3bb6ea61b34f1646cba7e135420b02db8003fcfccae6
confirmation,60,barabasi_albert,8,n0060-r0008-barabasi_albert,fhs3,source,0,5035/7,10576/7,11021/7,32392/7,26365/7,95834/7,7222.155092484556,4d592293128d3e784a4a3bb6ea61b34f1646cba7e135420b02db8003fcfccae6
confirmation,60,barabasi_albert,8,n0060-r0008-barabasi_albert,fhs3,binary_panel,0,704,2919/2,28663/14,28663/7,38519/14,57326/7,4094.714285714286,4d592293128d3e784a4a3bb6ea61b34f1646cba7e135420b02db8003fcfccae6
confirmation,60,barabasi_albert,8,n0060-r0008-barabasi_albert,fhs5,source,0,720,10595/7,9602/7,45960/7,41070/7,224262/7,14943.400412752491,4d592293128d3e784a4a3bb6ea61b34f1646cba7e135420b02db8003fcfccae6
confirmation,60,barabasi_albert,8,n0060-r0008-barabasi_albert,fhs5,binary_panel,0,4834/7,9974/7,2234,4468,20472/7,8936,4468.0,4d592293128d3e784a4a3bb6ea61b34f1646cba7e135420b02db8003fcfccae6
confirmation,60,barabasi_albert,8,n0060-r0008-barabasi_albert,nch,source,0,720,10595/7,7272/7,76102/7,71101/7,131670,38048.02000165934,4d592293128d3e784a4a3bb6ea61b34f1646cba7e135420b02db8003fcfccae6
confirmation,60,barabasi_albert,8,n0060-r0008-barabasi_albert,nch,binary_panel,0,4975/7,10394/7,1822,3644,17729/7,7288,3644.0,4d592293128d3e784a4a3bb6ea61b34f1646cba7e135420b02db8003fcfccae6
confirmation,60,er_gnm,8,n0060-r0008-er_gnm,demand-aware,source,0,720,10595/7,9524/7,46302/7,41603/7,228384/7,15177.8322114769,203dbf029f7a384e0b610b1f9fd42dea4e3f833e37435ed11aafcad7a925e7e4
confirmation,60,er_gnm,8,n0060-r0008-er_gnm,demand-aware,binary_panel,0,9967/14,20879/14,33653/14,33653/7,21810/7,67306/7,4807.571428571428,203dbf029f7a384e0b610b1f9fd42dea4e3f833e37435ed11aafcad7a925e7e4
confirmation,60,er_gnm,8,n0060-r0008-er_gnm,fhs3,source,0,5037/7,10586/7,11080/7,32577/7,26518/7,96405/7,7265.380444290978,203dbf029f7a384e0b610b1f9fd42dea4e3f833e37435ed11aafcad7a925e7e4
confirmation,60,er_gnm,8,n0060-r0008-er_gnm,fhs3,binary_panel,0,4982/7,10445/7,14662/7,29324/7,19644/7,58648/7,4189.142857142857,203dbf029f7a384e0b610b1f9fd42dea4e3f833e37435ed11aafcad7a925e7e4
confirmation,60,er_gnm,8,n0060-r0008-er_gnm,fhs5,source,0,720,10595/7,9524/7,46302/7,41603/7,228384/7,15177.8322114769,203dbf029f7a384e0b610b1f9fd42dea4e3f833e37435ed11aafcad7a925e7e4
confirmation,60,er_gnm,8,n0060-r0008-er_gnm,fhs5,binary_panel,0,9967/14,20879/14,33653/14,33653/7,21810/7,67306/7,4807.571428571428,203dbf029f7a384e0b610b1f9fd42dea4e3f833e37435ed11aafcad7a925e7e4
confirmation,60,er_gnm,8,n0060-r0008-er_gnm,nch,source,0,720,10595/7,7824/7,58209/7,53853/7,470837/7,24585.055393565497,203dbf029f7a384e0b610b1f9fd42dea4e3f833e37435ed11aafcad7a925e7e4
confirmation,60,er_gnm,8,n0060-r0008-er_gnm,nch,binary_panel,0,5034/7,10571/7,12807/7,25614/7,17841/7,51228/7,3659.1428571428573,203dbf029f7a384e0b610b1f9fd42dea4e3f833e37435ed11aafcad7a925e7e4
confirmation,60,sbm_fixed_count,8,n0060-r0008-sbm_fixed_count,demand-aware,source,0,720,10595/7,10378/7,48737/7,42650/7,33677,15717.891530001374,afcfa2e0b178a8b94f578fcf8dc6c3b91003b8203570f1474d8e83b4c0efe93f
confirmation,60,sbm_fixed_count,8,n0060-r0008-sbm_fixed_count,demand-aware,binary_panel,0,4691/7,9690/7,18609/7,37218/7,23300/7,74436/7,5316.857142857143,afcfa2e0b178a8b94f578fcf8dc6c3b91003b8203570f1474d8e83b4c0efe93f
confirmation,60,sbm_fixed_count,8,n0060-r0008-sbm_fixed_count,fhs3,source,0,5034/7,10571/7,12073/7,35488/7,28390/7,105002/7,7913.133435648293,afcfa2e0b178a8b94f578fcf8dc6c3b91003b8203570f1474d8e83b4c0efe93f
confirmation,60,sbm_fixed_count,8,n0060-r0008-sbm_fixed_count,fhs3,binary_panel,0,4826/7,1433,2308,4616,20982/7,9232,4616.0,afcfa2e0b178a8b94f578fcf8dc6c3b91003b8203570f1474d8e83b4c0efe93f
confirmation,60,sbm_fixed_count,8,n0060-r0008-sbm_fixed_count,fhs5,source,0,720,10595/7,10378/7,48737/7,42650/7,33677,15717.891530001374,afcfa2e0b178a8b94f578fcf8dc6c3b91003b8203570f1474d8e83b4c0efe93f
confirmation,60,sbm_fixed_count,8,n0060-r0008-sbm_fixed_count,fhs5,binary_panel,0,4691/7,9690/7,18609/7,37218/7,23300/7,74436/7,5316.857142857143,afcfa2e0b178a8b94f578fcf8dc6c3b91003b8203570f1474d8e83b4c0efe93f
confirmation,60,sbm_fixed_count,8,n0060-r0008-sbm_fixed_count,nch,source,0,720,10595/7,8144/7,8276,7606,440236/7,23837.665025379545,afcfa2e0b178a8b94f578fcf8dc6c3b91003b8203570f1474d8e83b4c0efe93f
confirmation,60,sbm_fixed_count,8,n0060-r0008-sbm_fixed_count,nch,binary_panel,0,9953/14,20787/14,12942/7,25884/7,35837/14,51768/7,3697.714285714286,afcfa2e0b178a8b94f578fcf8dc6c3b91003b8203570f1474d8e83b4c0efe93f
confirmation,60,barabasi_albert,9,n0060-r0009-barabasi_albert,demand-aware,source,0,720,10517/7,9671/7,47137/7,42103/7,232805/7,15467.970089432716,3f59b554d0b71313c28b1ab3894f5f70c53426fa5752d60211806929b0564f06
confirmation,60,barabasi_albert,9,n0060-r0009-barabasi_albert,demand-aware,binary_panel,0,9771/14,19995/14,4375/2,4375,20198/7,8750,4375.0,3f59b554d0b71313c28b1ab3894f5f70c53426fa5752d60211806929b0564f06
confirmation,60,barabasi_albert,9,n0060-r0009-barabasi_albert,fhs3,source,0,5038/7,10508/7,1554,4601,26322/7,13681,7221.047040730058,3f59b554d0b71313c28b1ab3894f5f70c53426fa5752d60211806929b0564f06
confirmation,60,barabasi_albert,9,n0060-r0009-barabasi_albert,fhs3,binary_panel,0,4899/7,10095/7,26725/14,26725/7,36523/14,53450/7,3817.8571428571427,3f59b554d0b71313c28b1ab3894f5f70c53426fa5752d60211806929b0564f06
confirmation,60,barabasi_albert,9,n0060-r0009-barabasi_albert,fhs5,source,0,720,10517/7,9671/7,47137/7,42103/7,232805/7,15467.970089432716,3f59b554d0b71313c28b1ab3894f5f70c53426fa5752d60211806929b0564f06
confirmation,60,barabasi_albert,9,n0060-r0009-barabasi_albert,fhs5,binary_panel,0,9771/14,19995/14,4375/2,4375,20198/7,8750,4375.0,3f59b554d0b71313c28b1ab3894f5f70c53426fa5752d60211806929b0564f06
confirmation,60,barabasi_albert,9,n0060-r0009-barabasi_albert,nch,source,0,720,10517/7,1021,83142/7,77923/7,1217404/7,44195.77574580929,3f59b554d0b71313c28b1ab3894f5f70c53426fa5752d60211806929b0564f06
confirmation,60,barabasi_albert,9,n0060-r0009-barabasi_albert,nch,binary_panel,0,9879/14,10211/7,24821/14,24821/7,17350/7,49642/7,3545.8571428571427,3f59b554d0b71313c28b1ab3894f5f70c53426fa5752d60211806929b0564f06
confirmation,60,er_gnm,9,n0060-r0009-er_gnm,demand-aware,source,0,720,10517/7,9733/7,46933/7,41787/7,229575/7,15300.821989916092,3cccd171a06ab53ffd0195a8caa46b47459ff5bed97e1539f1ebdc147ccb12aa
confirmation,60,er_gnm,9,n0060-r0009-er_gnm,demand-aware,binary_panel,0,4909/7,10078/7,2526,5052,22591/7,10104,5052.0,3cccd171a06ab53ffd0195a8caa46b47459ff5bed97e1539f1ebdc147ccb12aa
confirmation,60,er_gnm,9,n0060-r0009-er_gnm,fhs3,source,0,720,10517/7,11075/7,32869/7,26799/7,13985,7382.805590812888,3cccd171a06ab53ffd0195a8caa46b47459ff5bed97e1539f1ebdc147ccb12aa
confirmation,60,er_gnm,9,n0060-r0009-er_gnm,fhs3,binary_panel,0,5011/7,10429/7,14967/7,29934/7,2854,59868/7,4276.285714285715,3cccd171a06ab53ffd0195a8caa46b47459ff5bed97e1539f1ebdc147ccb12aa
confirmation,60,er_gnm,9,n0060-r0009-er_gnm,fhs5,source,0,720,10517/7,9733/7,46933/7,41787/7,229575/7,15300.821989916092,3cccd171a06ab53ffd0195a8caa46b47459ff5bed97e1539f1ebdc147ccb12aa
confirmation,60,er_gnm,9,n0060-r0009-er_gnm,fhs5,binary_panel,0,4909/7,10078/7,2526,5052,22591/7,10104,5052.0,3cccd171a06ab53ffd0195a8caa46b47459ff5bed97e1539f1ebdc147ccb12aa
confirmation,60,er_gnm,9,n0060-r0009-er_gnm,nch,source,0,720,10517/7,7926/7,57993/7,53756/7,461099/7,24296.388548865034,3cccd171a06ab53ffd0195a8caa46b47459ff5bed97e1539f1ebdc147ccb12aa
confirmation,60,er_gnm,9,n0060-r0009-er_gnm,nch,binary_panel,0,5037/7,10499/7,12550/7,25100/7,17587/7,50200/7,3585.714285714286,3cccd171a06ab53ffd0195a8caa46b47459ff5bed97e1539f1ebdc147ccb12aa
confirmation,60,sbm_fixed_count,9,n0060-r0009-sbm_fixed_count,demand-aware,source,0,720,10517/7,10288/7,49249/7,43362/7,239851/7,15999.989729050776,db720239c6d4e1493d185fc97449b40641e4fe852489feec3702fe909a7f03b5
confirmation,60,sbm_fixed_count,9,n0060-r0009-sbm_fixed_count,demand-aware,binary_panel,0,657,9423/7,17897/7,35794/7,22496/7,71588/7,5113.428571428572,db720239c6d4e1493d185fc97449b40641e4fe852489feec3702fe909a7f03b5
confirmation,60,sbm_fixed_count,9,n0060-r0009-sbm_fixed_count,fhs3,source,0,4927/7,10244/7,11884/7,35096/7,28019/7,104176/7,7853.623660643968,db720239c6d4e1493d185fc97449b40641e4fe852489feec3702fe909a7f03b5
confirmation,60,sbm_fixed_count,9,n0060-r0009-sbm_fixed_count,fhs3,binary_panel,0,4653/7,9598/7,15045/7,30090/7,2814,60180/7,4298.571428571428,db720239c6d4e1493d185fc97449b40641e4fe852489feec3702fe909a7f03b5
confirmation,60,sbm_fixed_count,9,n0060-r0009-sbm_fixed_count,fhs5,source,0,720,10517/7,10362/7,49610/7,43660/7,241592/7,16117.260408203723,db720239c6d4e1493d185fc97449b40641e4fe852489feec3702fe909a7f03b5
confirmation,60,sbm_fixed_count,9,n0060-r0009-sbm_fixed_count,fhs5,binary_panel,0,657,9423/7,17897/7,35794/7,22496/7,71588/7,5113.428571428572,db720239c6d4e1493d185fc97449b40641e4fe852489feec3702fe909a7f03b5
confirmation,60,sbm_fixed_count,9,n0060-r0009-sbm_fixed_count,nch,source,0,720,10517/7,8156/7,60504/7,55704/7,68826,25450.305213358628,db720239c6d4e1493d185fc97449b40641e4fe852489feec3702fe909a7f03b5
confirmation,60,sbm_fixed_count,9,n0060-r0009-sbm_fixed_count,nch,binary_panel,0,4743/7,1400,12640/7,25280/7,17383/7,50560/7,3611.4285714285716,db720239c6d4e1493d185fc97449b40641e4fe852489feec3702fe909a7f03b5
confirmation,60,barabasi_albert,10,n0060-r0010-barabasi_albert,demand-aware,source,0,720,10459/7,9659/7,46521/7,41589/7,227611/7,15163.918146562526,2614a7382159bc9507b36e027082f8aa51b809cbc4d944ccf3441074f8028454
confirmation,60,barabasi_albert,10,n0060-r0010-barabasi_albert,demand-aware,binary_panel,0,702,10064/7,15548/7,31096/7,20462/7,62192/7,4442.285714285715,2614a7382159bc9507b36e027082f8aa51b809cbc4d944ccf3441074f8028454
confirmation,60,barabasi_albert,10,n0060-r0010-barabasi_albert,fhs3,source,0,720,10459/7,11083/7,32714/7,26618/7,97072/7,7317.793338974324,2614a7382159bc9507b36e027082f8aa51b809cbc4d944ccf3441074f8028454
confirmation,60,barabasi_albert,10,n0060-r0010-barabasi_albert,fhs3,binary_panel,0,4939/7,20267/14,14299/7,28598/7,19238/7,57196/7,4085.4285714285716,2614a7382159bc9507b36e027082f8aa51b809cbc4d944ccf3441074f8028454
confirmation,60,barabasi_albert,10,n0060-r0010-barabasi_albert,fhs5,source,0,720,10459/7,9659/7,46521/7,41589/7,227611/7,15163.918146562526,2614a7382159bc9507b36e027082f8aa51b809cbc4d944ccf3441074f8028454
confirmation,60,barabasi_albert,10,n0060-r0010-barabasi_albert,fhs5,binary_panel,0,702,10064/7,15548/7,31096/7,20462/7,62192/7,4442.285714285715,2614a7382159bc9507b36e027082f8aa51b809cbc4d944ccf3441074f8028454
confirmation,60,barabasi_albert,10,n0060-r0010-barabasi_albert,nch,source,0,720,10459/7,7382/7,77484/7,72312/7,957032/7,38934.94670126441,2614a7382159bc9507b36e027082f8aa51b809cbc4d944ccf3441074f8028454
confirmation,60,barabasi_albert,10,n0060-r0010-barabasi_albert,nch,binary_panel,0,4951/7,10146/7,3745/2,3745,36117/14,7490,3745.0,2614a7382159bc9507b36e027082f8aa51b809cbc4d944ccf3441074f8028454
confirmation,60,er_gnm,10,n0060-r0010-er_gnm,demand-aware,source,0,5037/7,10449/7,1366,45394/7,5807,220464/7,14701.062117807463,b015fd9c138ed3148b21586c2e88af946c85e59acc2606901d906b610f703d7c
confirmation,60,er_gnm,10,n0060-r0010-er_gnm,demand-aware,binary_panel,0,708,1462,16343/7,32686/7,21299/7,65372/7,4669.428571428572,b015fd9c138ed3148b21586c2e88af946c85e59acc2606901d906b610f703d7c
confirmation,60,er_gnm,10,n0060-r0010-er_gnm,fhs3,source,0,720,10459/7,10975/7,4625,26433/7,96025/7,7238.528887150593,b015fd9c138ed3148b21586c2e88af946c85e59acc2606901d906b610f703d7c
confirmation,60,er_gnm,10,n0060-r0010-er_gnm,fhs3,binary_panel,0,4994/7,10335/7,29871/14,29871/7,39859/14,59742/7,4267.285714285715,b015fd9c138ed3148b21586c2e88af946c85e59acc2606901d906b610f703d7c
confirmation,60,er_gnm,10,n0060-r0010-er_gnm,fhs5,source,0,5037/7,10449/7,1366,45394/7,5807,220464/7,14701.062117807463,b015fd9c138ed3148b21586c2e88af946c85e59acc2606901d906b610f703d7c
confirmation,60,er_gnm,10,n0060-r0010-er_gnm,fhs5,binary_panel,0,708,1462,16343/7,32686/7,21299/7,65372/7,4669.428571428572,b015fd9c138ed3148b21586c2e88af946c85e59acc2606901d906b610f703d7c
confirmation,60,er_gnm,10,n0060-r0010-er_gnm,nch,source,0,720,10459/7,7983/7,57768/7,53303/7,453024/7,24061.63736635734,b015fd9c138ed3148b21586c2e88af946c85e59acc2606901d906b610f703d7c
confirmation,60,er_gnm,10,n0060-r0010-er_gnm,nch,binary_panel,0,5021/7,10403/7,12760/7,25520/7,17781/7,51040/7,3645.714285714286,b015fd9c138ed3148b21586c2e88af946c85e59acc2606901d906b610f703d7c
confirmation,60,sbm_fixed_count,10,n0060-r0010-sbm_fixed_count,demand-aware,source,0,720,10459/7,10114/7,48417/7,42850/7,236653/7,15754.15799807836,9ecdadc7f35fc63eb21474d099645d58a8497d82e3215fec43f94f3f2f9f2676
confirmation,60,sbm_fixed_count,10,n0060-r0010-sbm_fixed_count,demand-aware,binary_panel,0,9691/14,9915/7,36945/14,36945/7,23318/7,73890/7,5277.857142857143,9ecdadc7f35fc63eb21474d099645d58a8497d82e3215fec43f94f3f2f9f2676
confirmation,60,sbm_fixed_count,10,n0060-r0010-sbm_fixed_count,fhs3,source,0,5022/7,1484,11884/7,34956/7,27999/7,103476/7,7798.525910600698,9ecdadc7f35fc63eb21474d099645d58a8497d82e3215fec43f94f3f2f9f2676
confirmation,60,sbm_fixed_count,10,n0060-r0010-sbm_fixed_count,fhs3,binary_panel,0,696,10012/7,15247/7,30494/7,20119/7,60988/7,4356.285714285715,9ecdadc7f35fc63eb21474d099645d58a8497d82e3215fec43f94f3f2f9f2676
confirmation,60,sbm_fixed_count,10,n0060-r0010-sbm_fixed_count,fhs5,source,0,720,10459/7,10179/7,48672/7,43083/7,237716/7,15827.725745782298,9ecdadc7f35fc63eb21474d099645d58a8497d82e3215fec43f94f3f2f9f2676
confirmation,60,sbm_fixed_count,10,n0060-r0010-sbm_fixed_count,fhs5,binary_panel,0,9691/14,9915/7,36945/14,36945/7,23318/7,73890/7,5277.857142857143,9ecdadc7f35fc63eb21474d099645d58a8497d82e3215fec43f94f3f2f9f2676
confirmation,60,sbm_fixed_count,10,n0060-r0010-sbm_fixed_count,nch,source,0,720,10459/7,1149,57458/7,53038/7,442052/7,23730.042392527597,9ecdadc7f35fc63eb21474d099645d58a8497d82e3215fec43f94f3f2f9f2676
confirmation,60,sbm_fixed_count,10,n0060-r0010-sbm_fixed_count,nch,binary_panel,0,1417/2,20397/14,25169/14,25169/7,17544/7,50338/7,3595.5714285714284,9ecdadc7f35fc63eb21474d099645d58a8497d82e3215fec43f94f3f2f9f2676
confirmation,60,barabasi_albert,11,n0060-r0011-barabasi_albert,demand-aware,source,0,720,10525/7,9697/7,46968/7,42051/7,231244/7,15372.171833118435,c4e4b3a1a6df97e3ac3b98d677c86d196ca4f8584d6e0a7fe9b757c8904ef92a
confirmation,60,barabasi_albert,11,n0060-r0011-barabasi_albert,demand-aware,binary_panel,0,4882/7,10100/7,16346/7,32692/7,21228/7,65384/7,4670.285714285715,c4e4b3a1a6df97e3ac3b98d677c86d196ca4f8584d6e0a7fe9b757c8904ef92a
confirmation,60,barabasi_albert,11,n0060-r0011-barabasi_albert,fhs3,source,0,720,10525/7,11055/7,32444/7,26398/7,95890/7,7225.572492479611,c4e4b3a1a6df97e3ac3b98d677c86d196ca4f8584d6e0a7fe9b757c8904ef92a
confirmation,60,barabasi_albert,11,n0060-r0011-barabasi_albert,fhs3,binary_panel,0,4964/7,10292/7,13935/7,27870/7,18899/7,55740/7,3981.4285714285716,c4e4b3a1a6df97e3ac3b98d677c86d196ca4f8584d6e0a7fe9b757c8904ef92a
confirmation,60,barabasi_albert,11,n0060-r0011-barabasi_albert,fhs5,source,0,720,10525/7,9697/7,46968/7,42051/7,231244/7,15372.171833118435,c4e4b3a1a6df97e3ac3b98d677c86d196ca4f8584d6e0a7fe9b757c8904ef92a
confirmation,60,barabasi_albert,11,n0060-r0011-barabasi_albert,fhs5,binary_panel,0,4882/7,10100/7,16346/7,32692/7,21228/7,65384/7,4670.285714285715,c4e4b3a1a6df97e3ac3b98d677c86d196ca4f8584d6e0a7fe9b757c8904ef92a
confirmation,60,barabasi_albert,11,n0060-r0011-barabasi_albert,nch,source,0,720,10525/7,7268/7,81712/7,76395/7,1184238/7,42973.228762250175,c4e4b3a1a6df97e3ac3b98d677c86d196ca4f8584d6e0a7fe9b757c8904ef92a
confirmation,60,barabasi_albert,11,n0060-r0011-barabasi_albert,nch,binary_panel,0,715,20787/14,12777/7,25554/7,17782/7,51108/7,3650.5714285714284,c4e4b3a1a6df97e3ac3b98d677c86d196ca4f8584d6e0a7fe9b757c8904ef92a
confirmation,60,er_gnm,11,n0060-r0011-er_gnm,demand-aware,source,0,5032/7,10504/7,9784/7,47157/7,41987/7,231527/7,15398.19166683372,23a33b171f094717d4b0ffc0e8d375d09f11c05d894579f487f31c09030ea19a
confirmation,60,er_gnm,11,n0060-r0011-er_gnm,demand-aware,binary_panel,0,714,1488,2374,4748,3088,9496,4748.0,23a33b171f094717d4b0ffc0e8d375d09f11c05d894579f487f31c09030ea19a
confirmation,60,er_gnm,11,n0060-r0011-er_gnm,fhs3,source,0,720,10525/7,11001/7,32117/7,26132/7,94579/7,7123.955297769068,23a33b171f094717d4b0ffc0e8d375d09f11c05d894579f487f31c09030ea19a
confirmation,60,er_gnm,11,n0060-r0011-er_gnm,fhs3,binary_panel,0,5004/7,10448/7,14342/7,28684/7,19346/7,57368/7,4097.714285714285,23a33b171f094717d4b0ffc0e8d375d09f11c05d894579f487f31c09030ea19a
confirmation,60,er_gnm,11,n0060-r0011-er_gnm,fhs5,source,0,5032/7,10504/7,9784/7,47157/7,41987/7,231527/7,15398.19166683372,23a33b171f094717d4b0ffc0e8d375d09f11c05d894579f487f31c09030ea19a
confirmation,60,er_gnm,11,n0060-r0011-er_gnm,fhs5,binary_panel,0,714,1488,2374,4748,3088,9496,4748.0,23a33b171f094717d4b0ffc0e8d375d09f11c05d894579f487f31c09030ea19a
confirmation,60,er_gnm,11,n0060-r0011-er_gnm,nch,source,0,720,10525/7,7802/7,57882/7,7655,462058/7,24377.142308332026,23a33b171f094717d4b0ffc0e8d375d09f11c05d894579f487f31c09030ea19a
confirmation,60,er_gnm,11,n0060-r0011-er_gnm,nch,binary_panel,0,5024/7,10478/7,12252/7,24504/7,2468,49008/7,3500.5714285714284,23a33b171f094717d4b0ffc0e8d375d09f11c05d894579f487f31c09030ea19a
confirmation,60,sbm_fixed_count,11,n0060-r0011-sbm_fixed_count,demand-aware,source,0,720,10525/7,10232/7,7139,44064/7,246663/7,16401.8029155834,2edbb94b674597c2d94499f66e8ab78fe633415551db26f3dd78002030888ea4
confirmation,60,sbm_fixed_count,11,n0060-r0011-sbm_fixed_count,demand-aware,binary_panel,0,4791/7,9887/7,18532/7,37064/7,23323/7,74128/7,5294.857142857143,2edbb94b674597c2d94499f66e8ab78fe633415551db26f3dd78002030888ea4
confirmation,60,sbm_fixed_count,11,n0060-r0011-sbm_fixed_count,fhs3,source,0,5013/7,10439/7,11887/7,34827/7,27876/7,102813/7,7746.253080201831,2edbb94b674597c2d94499f66e8ab78fe633415551db26f3dd78002030888ea4
confirmation,60,sbm_fixed_count,11,n0060-r0011-sbm_fixed_count,fhs3,binary_panel,0,4869/7,20157/14,31575/14,31575/7,41313/14,63150/7,4510.714285714285,2edbb94b674597c2d94499f66e8ab78fe633415551db26f3dd78002030888ea4
confirmation,60,sbm_fixed_count,11,n0060-r0011-sbm_fixed_count,fhs5,source,0,720,10525/7,10298/7,7199,44325/7,248977/7,16553.26286887938,2edbb94b674597c2d94499f66e8ab78fe633415551db26f3dd78002030888ea4
confirmation,60,sbm_fixed_count,11,n0060-r0011-sbm_fixed_count,fhs5,binary_panel,0,4791/7,9887/7,18532/7,37064/7,23323/7,74128/7,5294.857142857143,2edbb94b674597c2d94499f66e8ab78fe633415551db26f3dd78002030888ea4
confirmation,60,sbm_fixed_count,11,n0060-r0011-sbm_fixed_count,nch,source,0,720,10525/7,8032/7,57380/7,52922/7,437750/7,23641.684585804385,2edbb94b674597c2d94499f66e8ab78fe633415551db26f3dd78002030888ea4
confirmation,60,sbm_fixed_count,11,n0060-r0011-sbm_fixed_count,nch,binary_panel,0,1397/2,20275/14,3573/2,3573,2485,7146,3573.0,2edbb94b674597c2d94499f66e8ab78fe633415551db26f3dd78002030888ea4
confirmation,60,barabasi_albert,12,n0060-r0012-barabasi_albert,demand-aware,source,0,720,1497,9533/7,46556/7,41795/7,229744/7,15278.181364912107,4efedbc04f311b2fd28346cf56ac28cb5f1a1184f4ad053ffb4896a5446dfebe
confirmation,60,barabasi_albert,12,n0060-r0012-barabasi_albert,demand-aware,binary_panel,0,4920/7,10111/7,15730/7,31460/7,2950,62920/7,4494.285714285715,4efedbc04f311b2fd28346cf56ac28cb5f1a1184f4ad053ffb4896a5446dfebe
confirmation,60,barabasi_albert,12,n0060-r0012-barabasi_albert,fhs3,source,0,720,1497,10922/7,32257/7,26354/7,13679,7218.663365718314,4efedbc04f311b2fd28346cf56ac28cb5f1a1184f4ad053ffb4896a5446dfebe
confirmation,60,barabasi_albert,12,n0060-r0012-barabasi_albert,fhs3,binary_panel,0,9965/14,10313/7,27327/14,27327/7,18646/7,54654/7,3903.8571428571427,4efedbc04f311b2fd28346cf56ac28cb5f1a1184f4ad053ffb4896a5446dfebe
confirmation,60,barabasi_albert,12,n0060-r0012-barabasi_albert,fhs5,source,0,720,1497,9533/7,46556/7,41795/7,229744/7,15278.181364912107,4efedbc04f311b2fd28346cf56ac28cb5f1a1184f4ad053ffb4896a5446dfebe
confirmation,60,barabasi_albert,12,n0060-r0012-barabasi_albert,fhs5,binary_panel,0,4920/7,10111/7,15730/7,31460/7,2950,62920/7,4494.285714285715,4efedbc04f311b2fd28346cf56ac28cb5f1a1184f4ad053ffb4896a5446dfebe
confirmation,60,barabasi_albert,12,n0060-r0012-barabasi_albert,nch,source,0,720,1497,7239/7,75211/7,70612/7,1006181/7,38271.22335902398,4efedbc04f311b2fd28346cf56ac28cb5f1a1184f4ad053ffb4896a5446dfebe
confirmation,60,barabasi_albert,12,n0060-r0012-barabasi_albert,nch,binary_panel,0,9985/14,20625/14,25231/14,25231/7,17608/7,50462/7,3604.4285714285716,4efedbc04f311b2fd28346cf56ac28cb5f1a1184f4ad053ffb4896a5446dfebe
confirmation,60,er_gnm,12,n0060-r0012-er_gnm,demand-aware,source,0,720,1497,1386,46738/7,41651/7,229128/7,15248.580752382968,8d7b70fbb498925f823e6fd855fb7bf9ba0341540131b71498ced3063b1f7a60
confirmation,60,er_gnm,12,n0060-r0012-er_gnm,demand-aware,binary_panel,0,5025/7,20891/14,4891/2,4891,44287/14,9782,4891.0,8d7b70fbb498925f823e6fd855fb7bf9ba0341540131b71498ced3063b1f7a60
confirmation,60,er_gnm,12,n0060-r0012-er_gnm,fhs3,source,0,720,1497,11241/7,32857/7,26597/7,96839/7,7294.851119277997,8d7b70fbb498925f823e6fd855fb7bf9ba0341540131b71498ced3063b1f7a60
confirmation,60,er_gnm,12,n0060-r0012-er_gnm,fhs3,binary_panel,0,5017/7,10417/7,14829/7,29658/7,19846/7,59316/7,4236.857142857143,8d7b70fbb498925f823e6fd855fb7bf9ba0341540131b71498ced3063b1f7a60
confirmation,60,er_gnm,12,n0060-r0012-er_gnm,fhs5,source,0,720,1497,1386,46738/7,41651/7,229128/7,15248.580752382968,8d7b70fbb498925f823e6fd855fb7bf9ba0341540131b71498ced3063b1f7a60
confirmation,60,er_gnm,12,n0060-r0012-er_gnm,fhs5,binary_panel,0,5025/7,20891/14,4891/2,4891,44287/14,9782,4891.0,8d7b70fbb498925f823e6fd855fb7bf9ba0341540131b71498ced3063b1f7a60
confirmation,60,er_gnm,12,n0060-r0012-er_gnm,nch,source,0,720,1497,8101/7,56407/7,52068/7,422857/7,23012.121238043117,8d7b70fbb498925f823e6fd855fb7bf9ba0341540131b71498ced3063b1f7a60
confirmation,60,er_gnm,12,n0060-r0012-er_gnm,nch,binary_panel,0,5038/7,10467/7,12982/7,25964/7,18020/7,51928/7,3709.1428571428573,8d7b70fbb498925f823e6fd855fb7bf9ba0341540131b71498ced3063b1f7a60
confirmation,60,sbm_fixed_count,12,n0060-r0012-sbm_fixed_count,demand-aware,source,0,5038/7,10467/7,10510/7,50966/7,44650/7,250128/7,16660.911506584587,8b3944d31f0d522470e6998b54a68226024f83c843f1a1baf382f1efb9809f7c
confirmation,60,sbm_fixed_count,12,n0060-r0012-sbm_fixed_count,demand-aware,binary_panel,0,4693/7,9577/7,5123/2,5123,45247/14,10246,5123.0,8b3944d31f0d522470e6998b54a68226024f83c843f1a1baf382f1efb9809f7c
confirmation,60,sbm_fixed_count,12,n0060-r0012-sbm_fixed_count,fhs3,source,0,4920/7,10156/7,11943/7,34959/7,27885/7,103137/7,7770.124187350869,8b3944d31f0d522470e6998b54a68226024f83c843f1a1baf382f1efb9809f7c
confirmation,60,sbm_fixed_count,12,n0060-r0012-sbm_fixed_count,fhs3,binary_panel,0,4723/7,9682/7,15006/7,30012/7,19729/7,60024/7,4287.428571428572,8b3944d31f0d522470e6998b54a68226024f83c843f1a1baf382f1efb9809f7c
confirmation,60,sbm_fixed_count,12,n0060-r0012-sbm_fixed_count,fhs5,source,0,5037/7,10467/7,10625/7,51931/7,45424/7,255943/7,17036.453864829535,8b3944d31f0d522470e6998b54a68226024f83c843f1a1baf382f1efb9809f7c
confirmation,60,sbm_fixed_count,12,n0060-r0012-sbm_fixed_count,fhs5,binary_panel,0,4693/7,9577/7,5123/2,5123,45247/14,10246,5123.0,8b3944d31f0d522470e6998b54a68226024f83c843f1a1baf382f1efb9809f7c
confirmation,60,sbm_fixed_count,12,n0060-r0012-sbm_fixed_count,nch,source,0,720,1497,1168,61248/7,8016,483166/7,25753.175376095594,8b3944d31f0d522470e6998b54a68226024f83c843f1a1baf382f1efb9809f7c
confirmation,60,sbm_fixed_count,12,n0060-r0012-sbm_fixed_count,nch,binary_panel,0,4822/7,9909/7,12882/7,25764/7,17704/7,51528/7,3680.5714285714284,8b3944d31f0d522470e6998b54a68226024f83c843f1a1baf382f1efb9809f7c
confirmation,60,barabasi_albert,13,n0060-r0013-barabasi_albert,demand-aware,source,0,720,10392/7,9661/7,6637,41592/7,228017/7,15159.463571913495,c41bf2b7726f3880f1e07e0cd9225d5c00c4c776954543dd14286595b547d854
confirmation,60,barabasi_albert,13,n0060-r0013-barabasi_albert,demand-aware,binary_panel,0,4957/7,10123/7,16202/7,32404/7,21159/7,64808/7,4629.142857142857,c41bf2b7726f3880f1e07e0cd9225d5c00c4c776954543dd14286595b547d854
confirmation,60,barabasi_albert,13,n0060-r0013-barabasi_albert,fhs3,source,0,720,10392/7,11173/7,32906/7,26687/7,97492/7,7348.230288978032,c41bf2b7726f3880f1e07e0cd9225d5c00c4c776954543dd14286595b547d854
confirmation,60,barabasi_albert,13,n0060-r0013-barabasi_albert,fhs3,binary_panel,0,1429/2,20473/14,28111/14,28111/7,19057/7,56222/7,4015.8571428571427,c41bf2b7726f3880f1e07e0cd9225d5c00c4c776954543dd14286595b547d854
confirmation,60,barabasi_albert,13,n0060-r0013-barabasi_albert,fhs5,source,0,720,10392/7,9661/7,6637,41592/7,228017/7,15159.463571913495,c41bf2b7726f3880f1e07e0cd9225d5c00c4c776954543dd14286595b547d854
confirmation,60,barabasi_albert,13,n0060-r0013-barabasi_albert,fhs5,binary_panel,0,4957/7,10123/7,16202/7,32404/7,21159/7,64808/7,4629.142857142857,c41bf2b7726f3880f1e07e0cd9225d5c00c4c776954543dd14286595b547d854
confirmation,60,barabasi_albert,13,n0060-r0013-barabasi_albert,nch,source,0,720,10392/7,7453/7,73411/7,68412/7,861025/7,36039.47786473201,c41bf2b7726f3880f1e07e0cd9225d5c00c4c776954543dd14286595b547d854
confirmation,60,barabasi_albert,13,n0060-r0013-barabasi_albert,nch,binary_panel,0,5025/7,10323/7,1771,3542,17422/7,7084,3542.0,c41bf2b7726f3880f1e07e0cd9225d5c00c4c776954543dd14286595b547d854
confirmation,60,er_gnm,13,n0060-r0013-er_gnm,demand-aware,source,0,720,10392/7,1376,46056/7,41133/7,224810/7,14973.890070545285,b545b4363bdf0d4f9f69250939ceee15e2455977f2690ad7fae807569361efbe
confirmation,60,er_gnm,13,n0060-r0013-er_gnm,demand-aware,binary_panel,0,4979/7,10240/7,16887/7,33774/7,21866/7,67548/7,4824.857142857143,b545b4363bdf0d4f9f69250939ceee15e2455977f2690ad7fae807569361efbe
confirmation,60,er_gnm,13,n0060-r0013-er_gnm,fhs3,source,0,720,10392/7,11199/7,32700/7,26472/7,13758,7254.1215781840065,b545b4363bdf0d4f9f69250939ceee15e2455977f2690ad7fae807569361efbe
confirmation,60,er_gnm,13,n0060-r0013-er_gnm,fhs3,binary_panel,0,5002/7,10301/7,14460/7,28920/7,19462/7,57840/7,4131.428571428572,b545b4363bdf0d4f9f69250939ceee15e2455977f2690ad7fae807569361efbe
confirmation,60,er_gnm,13,n0060-r0013-er_gnm,fhs5,source,0,720,10392/7,9640/7,6591,41180/7,225333/7,15007.01289264389,b545b4363bdf0d4f9f69250939ceee15e2455977f2690ad7fae807569361efbe
confirmation,60,er_gnm,13,n0060-r0013-er_gnm,fhs5,binary_panel,0,4979/7,10240/7,16887/7,33774/7,21866/7,67548/7,4824.857142857143,b545b4363bdf0d4f9f69250939ceee15e2455977f2690ad7fae807569361efbe
confirmation,60,er_gnm,13,n0060-r0013-er_gnm,nch,source,0,720,10392/7,7773/7,60220/7,55814/7,494012/7,25790.288814262596,b545b4363bdf0d4f9f69250939ceee15e2455977f2690ad7fae807569361efbe
confirmation,60,er_gnm,13,n0060-r0013-er_gnm,nch,binary_panel,0,5036/7,10377/7,12505/7,25010/7,17541/7,50020/7,3572.8571428571427,b545b4363bdf0d4f9f69250939ceee15e2455977f2690ad7fae807569361efbe
confirmation,60,sbm_fixed_count,13,n0060-r0013-sbm_fixed_count,demand-aware,source,0,5031/7,10350/7,10579/7,51355/7,44838/7,252929/7,16816.246992611657,33ebd5567d294af678f417992bb3b30b76893b9e192acbe557885f7ed912e861
confirmation,60,sbm_fixed_count,13,n0060-r0013-sbm_fixed_count,demand-aware,binary_panel,0,9479/14,9561/7,18335/7,36670/7,46149/14,73340/7,5238.571428571428,33ebd5567d294af678f417992bb3b30b76893b9e192acbe557885f7ed912e861
confirmation,60,sbm_fixed_count,13,n0060-r0013-sbm_fixed_count,fhs3,source,0,4971/7,10182/7,12151/7,35695/7,28408/7,105569/7,7955.490473164056,33ebd5567d294af678f417992bb3b30b76893b9e192acbe557885f7ed912e861
confirmation,60,sbm_fixed_count,13,n0060-r0013-sbm_fixed_count,fhs3,binary_panel,0,9665/14,9825/7,4519/2,4519,20649/7,9038,4519.0,33ebd5567d294af678f417992bb3b30b76893b9e192acbe557885f7ed912e861
confirmation,60,sbm_fixed_count,13,n0060-r0013-sbm_fixed_count,fhs5,source,0,5035/7,10368/7,10659/7,51671/7,45014/7,254227/7,16906.83938165162,33ebd5567d294af678f417992bb3b30b76893b9e192acbe557885f7ed912e861
confirmation,60,sbm_fixed_count,13,n0060-r0013-sbm_fixed_count,fhs5,binary_panel,0,9479/14,9561/7,18335/7,36670/7,46149/14,73340/7,5238.571428571428,33ebd5567d294af678f417992bb3b30b76893b9e192acbe557885f7ed912e861
confirmation,60,sbm_fixed_count,13,n0060-r0013-sbm_fixed_count,nch,source,0,720,10392/7,8261/7,56984/7,52212/7,413048/7,22980.891700826254,33ebd5567d294af678f417992bb3b30b76893b9e192acbe557885f7ed912e861
confirmation,60,sbm_fixed_count,13,n0060-r0013-sbm_fixed_count,nch,binary_panel,0,4807/7,9748/7,13344/7,26688/7,2593,53376/7,3812.5714285714284,33ebd5567d294af678f417992bb3b30b76893b9e192acbe557885f7ed912e861
confirmation,60,barabasi_albert,14,n0060-r0014-barabasi_albert,demand-aware,source,0,720,10503/7,9515/7,45818/7,41074/7,224086/7,14930.138653543423,1fc16d55848fc32890648c9a6832658bd1f8ff854093f9cc0cf39a242c46c898
confirmation,60,barabasi_albert,14,n0060-r0014-barabasi_albert,demand-aware,binary_panel,0,1381/2,9915/7,15060/7,30120/7,39787/14,60240/7,4302.857142857143,1fc16d55848fc32890648c9a6832658bd1f8ff854093f9cc0cf39a242c46c898
confirmation,60,barabasi_albert,14,n0060-r0014-barabasi_albert,fhs3,source,0,720,10503/7,10897/7,32101/7,26216/7,13589,7169.803640685552,1fc16d55848fc32890648c9a6832658bd1f8ff854093f9cc0cf39a242c46c898
confirmation,60,barabasi_albert,14,n0060-r0014-barabasi_albert,fhs3,binary_panel,0,9785/14,2879/2,26625/14,26625/7,18205/7,53250/7,3803.5714285714284,1fc16d55848fc32890648c9a6832658bd1f8ff854093f9cc0cf39a242c46c898
confirmation,60,barabasi_albert,14,n0060-r0014-barabasi_albert,fhs5,source,0,720,10503/7,9515/7,45818/7,41074/7,224086/7,14930.138653543423,1fc16d55848fc32890648c9a6832658bd1f8ff854093f9cc0cf39a242c46c898
confirmation,60,barabasi_albert,14,n0060-r0014-barabasi_albert,fhs5,binary_panel,0,1381/2,9915/7,15060/7,30120/7,39787/14,60240/7,4302.857142857143,1fc16d55848fc32890648c9a6832658bd1f8ff854093f9cc0cf39a242c46c898
confirmation,60,barabasi_albert,14,n0060-r0014-barabasi_albert,nch,source,0,720,10503/7,7107/7,81035/7,76516/7,1161791/7,42713.22617048844,1fc16d55848fc32890648c9a6832658bd1f8ff854093f9cc0cf39a242c46c898
confirmation,60,barabasi_albert,14,n0060-r0014-barabasi_albert,nch,binary_panel,0,9957/14,20561/14,24831/14,24831/7,17394/7,49662/7,3547.285714285714,1fc16d55848fc32890648c9a6832658bd1f8ff854093f9cc0cf39a242c46c898
confirmation,60,er_gnm,14,n0060-r0014-er_gnm,demand-aware,source,0,720,10503/7,9980/7,47816/7,42311/7,233236/7,15545.417146190677,c489b61952cab5534bad355c733402a562bf36a5b8095d3b66c5c4097bbe048a
confirmation,60,er_gnm,14,n0060-r0014-er_gnm,demand-aware,binary_panel,0,1431/2,20765/14,17817/7,35634/7,45651/14,71268/7,5090.571428571428,c489b61952cab5534bad355c733402a562bf36a5b8095d3b66c5c4097bbe048a
confirmation,60,er_gnm,14,n0060-r0014-er_gnm,fhs3,source,0,720,10503/7,11388/7,33623/7,27232/7,99787/7,7522.609247995306,c489b61952cab5534bad355c733402a562bf36a5b8095d3b66c5c4097bbe048a
confirmation,60,er_gnm,14,n0060-r0014-er_gnm,fhs3,binary_panel,0,5025/7,10454/7,15488/7,30976/7,20513/7,61952/7,4425.142857142857,c489b61952cab5534bad355c733402a562bf36a5b8095d3b66c5c4097bbe048a
confirmation,60,er_gnm,14,n0060-r0014-er_gnm,fhs5,source,0,720,10503/7,9980/7,47816/7,42311/7,233236/7,15545.417146190677,c489b61952cab5534bad355c733402a562bf36a5b8095d3b66c5c4097bbe048a
confirmation,60,er_gnm,14,n0060-r0014-er_gnm,fhs5,binary_panel,0,1431/2,20765/14,17817/7,35634/7,45651/14,71268/7,5090.571428571428,c489b61952cab5534bad355c733402a562bf36a5b8095d3b66c5c4097bbe048a
confirmation,60,er_gnm,14,n0060-r0014-er_gnm,nch,source,0,720,10503/7,8172/7,59002/7,54163/7,456216/7,24479.31017816989,c489b61952cab5534bad355c733402a562bf36a5b8095d3b66c5c4097bbe048a
confirmation,60,er_gnm,14,n0060-r0014-er_gnm,nch,binary_panel,0,720,10503/7,13029/7,26058/7,18069/7,52116/7,3722.5714285714284,c489b61952cab5534bad355c733402a562bf36a5b8095d3b66c5c4097bbe048a
confirmation,60,sbm_fixed_count,14,n0060-r0014-sbm_fixed_count,demand-aware,source,0,720,10503/7,10506/7,50803/7,44630/7,249471/7,16602.0770553569,615154200af88fb7786149e3c2853c362f5904140c6e6d76eabf5c01b6b4b374
confirmation,60,sbm_fixed_count,14,n0060-r0014-sbm_fixed_count,demand-aware,binary_panel,0,1305/2,18665/14,5035/2,5035,3170,10070,5035.0,615154200af88fb7786149e3c2853c362f5904140c6e6d76eabf5c01b6b4b374
confirmation,60,sbm_fixed_count,14,n0060-r0014-sbm_fixed_count,fhs3,source,0,693,10018/7,11864/7,34674/7,27579/7,14598,7697.571228383046,615154200af88fb7786149e3c2853c362f5904140c6e6d76eabf5c01b6b4b374
confirmation,60,sbm_fixed_count,14,n0060-r0014-sbm_fixed_count,fhs3,binary_panel,0,4664/7,19099/14,2179,4358,19917/7,8716,4358.0,615154200af88fb7786149e3c2853c362f5904140c6e6d76eabf5c01b6b4b374
confirmation,60,sbm_fixed_count,14,n0060-r0014-sbm_fixed_count,fhs5,source,0,720,10503/7,10506/7,50803/7,44630/7,249471/7,16602.0770553569,615154200af88fb7786149e3c2853c362f5904140c6e6d76eabf5c01b6b4b374
confirmation,60,sbm_fixed_count,14,n0060-r0014-sbm_fixed_count,fhs5,binary_panel,0,1305/2,18665/14,5035/2,5035,3170,10070,5035.0,615154200af88fb7786149e3c2853c362f5904140c6e6d76eabf5c01b6b4b374
confirmation,60,sbm_fixed_count,14,n0060-r0014-sbm_fixed_count,nch,source,0,720,10503/7,7985/7,8451,54636/7,465609/7,24789.16872505772,615154200af88fb7786149e3c2853c362f5904140c6e6d76eabf5c01b6b4b374
confirmation,60,sbm_fixed_count,14,n0060-r0014-sbm_fixed_count,nch,binary_panel,0,4834/7,19867/14,12549/7,25098/7,17383/7,50196/7,3585.4285714285716,615154200af88fb7786149e3c2853c362f5904140c6e6d76eabf5c01b6b4b374
confirmation,60,barabasi_albert,15,n0060-r0015-barabasi_albert,demand-aware,source,0,720,10477/7,9859/7,48128/7,42955/7,237182/7,15782.530841170403,70cce8b5517cf1a577e3246d3f8f9486466bac39dae0d182bd23eecfa5180005
confirmation,60,barabasi_albert,15,n0060-r0015-barabasi_albert,demand-aware,binary_panel,0,9521/14,9690/7,33829/14,33829/7,21675/7,67658/7,4832.714285714285,70cce8b5517cf1a577e3246d3f8f9486466bac39dae0d182bd23eecfa5180005
confirmation,60,barabasi_albert,15,n0060-r0015-barabasi_albert,fhs3,source,0,5034/7,10455/7,11167/7,4682,3799,96868/7,7299.289360369515,70cce8b5517cf1a577e3246d3f8f9486466bac39dae0d182bd23eecfa5180005
confirmation,60,barabasi_albert,15,n0060-r0015-barabasi_albert,fhs3,binary_panel,0,4863/7,1425,13770/7,27540/7,18633/7,55080/7,3934.285714285714,70cce8b5517cf1a577e3246d3f8f9486466bac39dae0d182bd23eecfa5180005
confirmation,60,barabasi_albert,15,n0060-r0015-barabasi_albert,fhs5,source,0,720,10477/7,9859/7,48128/7,42955/7,237182/7,15782.530841170403,70cce8b5517cf1a577e3246d3f8f9486466bac39dae0d182bd23eecfa5180005
confirmation,60,barabasi_albert,15,n0060-r0015-barabasi_albert,fhs5,binary_panel,0,9521/14,9690/7,33829/14,33829/7,21675/7,67658/7,4832.714285714285,70cce8b5517cf1a577e3246d3f8f9486466bac39dae0d182bd23eecfa5180005
confirmation,60,barabasi_albert,15,n0060-r0015-barabasi_albert,nch,source,0,720,10477/7,7351/7,80770/7,10764,1096418/7,41745.60647451493,70cce8b5517cf1a577e3246d3f8f9486466bac39dae0d182bd23eecfa5180005
confirmation,60,barabasi_albert,15,n0060-r0015-barabasi_albert,nch,binary_panel,0,4934/7,10180/7,12683/7,25366/7,17617/7,50732/7,3623.714285714286,70cce8b5517cf1a577e3246d3f8f9486466bac39dae0d182bd23eecfa5180005
confirmation,60,er_gnm,15,n0060-r0015-er_gnm,demand-aware,source,0,720,10477/7,9753/7,48086/7,42797/7,238424/7,15845.298494888628,45d6246c793d24612ba148470ba335a43850f1d27bae6af14cb901f0a2484dac
confirmation,60,er_gnm,15,n0060-r0015-er_gnm,demand-aware,binary_panel,0,4979/7,10287/7,2413,4826,21870/7,9652,4826.0,45d6246c793d24612ba148470ba335a43850f1d27bae6af14cb901f0a2484dac
confirmation,60,er_gnm,15,n0060-r0015-er_gnm,fhs3,source,0,720,10477/7,11090/7,32506/7,26393/7,95990/7,7232.424049619997,45d6246c793d24612ba148470ba335a43850f1d27bae6af14cb901f0a2484dac
confirmation,60,er_gnm,15,n0060-r0015-er_gnm,fhs3,binary_panel,0,4999/7,10371/7,14601/7,29202/7,2800,58404/7,4171.714285714285,45d6246c793d24612ba148470ba335a43850f1d27bae6af14cb901f0a2484dac
confirmation,60,er_gnm,15,n0060-r0015-er_gnm,fhs5,source,0,720,10477/7,9767/7,6820,42491/7,33658,15670.005297689395,45d6246c793d24612ba148470ba335a43850f1d27bae6af14cb901f0a2484dac
confirmation,60,er_gnm,15,n0060-r0015-er_gnm,fhs5,binary_panel,0,4979/7,10287/7,2413,4826,21870/7,9652,4826.0,45d6246c793d24612ba148470ba335a43850f1d27bae6af14cb901f0a2484dac
confirmation,60,er_gnm,15,n0060-r0015-er_gnm,nch,source,0,720,10477/7,7786/7,60537/7,56285/7,507561/7,26081.822965312203,45d6246c793d24612ba148470ba335a43850f1d27bae6af14cb901f0a2484dac
confirmation,60,er_gnm,15,n0060-r0015-er_gnm,nch,binary_panel,0,5039/7,10471/7,12696/7,25392/7,17735/7,50784/7,3627.4285714285716,45d6246c793d24612ba148470ba335a43850f1d27bae6af14cb901f0a2484dac
confirmation,60,sbm_fixed_count,15,n0060-r0015-sbm_fixed_count,demand-aware,source,0,5011/7,1484,10707/7,51615/7,44992/7,253215/7,16846.514914514926,06be8d8a167b3b58fd189c92805ea63d8fee34ebd803bc212379c3fb04005df7
confirmation,60,sbm_fixed_count,15,n0060-r0015-sbm_fixed_count,demand-aware,binary_panel,0,9327/14,9549/7,36217/14,36217/7,22772/7,72434/7,5173.857142857143,06be8d8a167b3b58fd189c92805ea63d8fee34ebd803bc212379c3fb04005df7
confirmation,60,sbm_fixed_count,15,n0060-r0015-sbm_fixed_count,fhs3,source,0,4923/7,10165/7,12128/7,35867/7,28587/7,106567/7,8034.7141125171465,06be8d8a167b3b58fd189c92805ea63d8fee34ebd803bc212379c3fb04005df7
confirmation,60,sbm_fixed_count,15,n0060-r0015-sbm_fixed_count,fhs3,binary_panel,0,4682/7,9613/7,15544/7,31088/7,20226/7,62176/7,4441.142857142857,06be8d8a167b3b58fd189c92805ea63d8fee34ebd803bc212379c3fb04005df7
confirmation,60,sbm_fixed_count,15,n0060-r0015-sbm_fixed_count,fhs5,source,0,5011/7,1484,10722/7,51560/7,44910/7,252664/7,16811.39209241632,06be8d8a167b3b58fd189c92805ea63d8fee34ebd803bc212379c3fb04005df7
confirmation,60,sbm_fixed_count,15,n0060-r0015-sbm_fixed_count,fhs5,binary_panel,0,9327/14,9549/7,36217/14,36217/7,22772/7,72434/7,5173.857142857143,06be8d8a167b3b58fd189c92805ea63d8fee34ebd803bc212379c3fb04005df7
confirmation,60,sbm_fixed_count,15,n0060-r0015-sbm_fixed_count,nch,source,0,720,10477/7,8136/7,61039/7,56199/7,486663/7,25755.958802970596,06be8d8a167b3b58fd189c92805ea63d8fee34ebd803bc212379c3fb04005df7
confirmation,60,sbm_fixed_count,15,n0060-r0015-sbm_fixed_count,nch,binary_panel,0,4864/7,10034/7,12605/7,25210/7,17469/7,50420/7,3601.4285714285716,06be8d8a167b3b58fd189c92805ea63d8fee34ebd803bc212379c3fb04005df7
confirmation,60,barabasi_albert,16,n0060-r0016-barabasi_albert,demand-aware,source,0,720,10517/7,9521/7,45578/7,40860/7,222182/7,14811.225579109116,fdd30c1e3da42247aa211ee970551f0ab4f58999bad3b8ef0a9443005be45ec6
confirmation,60,barabasi_albert,16,n0060-r0016-barabasi_albert,demand-aware,binary_panel,0,4799/7,9858/7,14659/7,29318/7,19458/7,58636/7,4188.285714285715,fdd30c1e3da42247aa211ee970551f0ab4f58999bad3b8ef0a9443005be45ec6
confirmation,60,barabasi_albert,16,n0060-r0016-barabasi_albert,fhs3,source,0,720,10517/7,11009/7,32421/7,26426/7,96051/7,7239.584955000938,fdd30c1e3da42247aa211ee970551f0ab4f58999bad3b8ef0a9443005be45ec6
confirmation,60,barabasi_albert,16,n0060-r0016-barabasi_albert,fhs3,binary_panel,0,4882/7,10028/7,13493/7,26986/7,2625,53972/7,3855.1428571428573,fdd30c1e3da42247aa211ee970551f0ab4f58999bad3b8ef0a9443005be45ec6
confirmation,60,barabasi_albert,16,n0060-r0016-barabasi_albert,fhs5,source,0,720,10517/7,9535/7,45637/7,40927/7,222445/7,14829.120933869268,fdd30c1e3da42247aa211ee970551f0ab4f58999bad3b8ef0a9443005be45ec6
confirmation,60,barabasi_albert,16,n0060-r0016-barabasi_albert,fhs5,binary_panel,0,4799/7,9858/7,14659/7,29318/7,19458/7,58636/7,4188.285714285715,fdd30c1e3da42247aa211ee970551f0ab4f58999bad3b8ef0a9443005be45ec6
confirmation,60,barabasi_albert,16,n0060-r0016-barabasi_albert,nch,source,0,720,10517/7,7099/7,83196/7,11203,1246340/7,44483.769369371585,fdd30c1e3da42247aa211ee970551f0ab4f58999bad3b8ef0a9443005be45ec6
confirmation,60,barabasi_albert,16,n0060-r0016-barabasi_albert,nch,binary_panel,0,9899/14,20417/14,12308/7,24616/7,34515/14,49232/7,3516.5714285714284,fdd30c1e3da42247aa211ee970551f0ab4f58999bad3b8ef0a9443005be45ec6
confirmation,60,er_gnm,16,n0060-r0016-er_gnm,demand-aware,source,0,720,10517/7,9598/7,46160/7,5898,225490/7,15031.996573865441,bd9001d6b2bc11d56d762c452b2b7f0fbc26428d9bf7e1b05ba11e9adc72e606
confirmation,60,er_gnm,16,n0060-r0016-er_gnm,demand-aware,binary_panel,0,5024/7,10459/7,17249/7,34498/7,22273/7,68996/7,4928.285714285715,bd9001d6b2bc11d56d762c452b2b7f0fbc26428d9bf7e1b05ba11e9adc72e606
confirmation,60,er_gnm,16,n0060-r0016-er_gnm,fhs3,source,0,720,10517/7,11112/7,32614/7,26521/7,96398/7,7263.897306782633,bd9001d6b2bc11d56d762c452b2b7f0fbc26428d9bf7e1b05ba11e9adc72e606
confirmation,60,er_gnm,16,n0060-r0016-er_gnm,fhs3,binary_panel,0,720,10517/7,29727/14,29727/7,39807/14,59454/7,4246.714285714285,bd9001d6b2bc11d56d762c452b2b7f0fbc26428d9bf7e1b05ba11e9adc72e606
confirmation,60,er_gnm,16,n0060-r0016-er_gnm,fhs5,source,0,720,10517/7,9598/7,46160/7,5898,225490/7,15031.996573865441,bd9001d6b2bc11d56d762c452b2b7f0fbc26428d9bf7e1b05ba11e9adc72e606
confirmation,60,er_gnm,16,n0060-r0016-er_gnm,fhs5,binary_panel,0,5024/7,10459/7,17249/7,34498/7,22273/7,68996/7,4928.285714285715,bd9001d6b2bc11d56d762c452b2b7f0fbc26428d9bf7e1b05ba11e9adc72e606
confirmation,60,er_gnm,16,n0060-r0016-er_gnm,nch,source,0,720,10517/7,8014/7,55592/7,51311/7,410926/7,22545.614542972675,bd9001d6b2bc11d56d762c452b2b7f0fbc26428d9bf7e1b05ba11e9adc72e606
confirmation,60,er_gnm,16,n0060-r0016-er_gnm,nch,binary_panel,0,720,10517/7,25971/14,25971/7,36051/14,51942/7,3710.1428571428573,bd9001d6b2bc11d56d762c452b2b7f0fbc26428d9bf7e1b05ba11e9adc72e606
confirmation,60,sbm_fixed_count,16,n0060-r0016-sbm_fixed_count,demand-aware,source,0,720,10517/7,10320/7,49143/7,6177,238293/7,15916.04329529669,f770a4e1ff152f067a91ea2aa0b661fa5bde4b6465f5de4316ea538670df45db
confirmation,60,sbm_fixed_count,16,n0060-r0016-sbm_fixed_count,demand-aware,binary_panel,0,4772/7,9823/7,18696/7,37392/7,23468/7,74784/7,5341.714285714285,f770a4e1ff152f067a91ea2aa0b661fa5bde4b6465f5de4316ea538670df45db
confirmation,60,sbm_fixed_count,16,n0060-r0016-sbm_fixed_count,fhs3,source,0,4964/7,10330/7,11904/7,35031/7,28002/7,103731/7,7818.0146338258,f770a4e1ff152f067a91ea2aa0b661fa5bde4b6465f5de4316ea538670df45db
confirmation,60,sbm_fixed_count,16,n0060-r0016-sbm_fixed_count,fhs3,binary_panel,0,4828/7,9977/7,15121/7,30242/7,19949/7,60484/7,4320.285714285715,f770a4e1ff152f067a91ea2aa0b661fa5bde4b6465f5de4316ea538670df45db
confirmation,60,sbm_fixed_count,16,n0060-r0016-sbm_fixed_count,fhs5,source,0,720,10517/7,1475,7018,43250/7,238086/7,15903.947614437251,f770a4e1ff152f067a91ea2aa0b661fa5bde4b6465f5de4316ea538670df45db
confirmation,60,sbm_fixed_count,16,n0060-r0016-sbm_fixed_count,fhs5,binary_panel,0,4772/7,9823/7,18696/7,37392/7,23468/7,74784/7,5341.714285714285,f770a4e1ff152f067a91ea2aa0b661fa5bde4b6465f5de4316ea538670df45db
confirmation,60,sbm_fixed_count,16,n0060-r0016-sbm_fixed_count,nch,source,0,720,10517/7,8328/7,62508/7,8201,71214,26394.261256223203,f770a4e1ff152f067a91ea2aa0b661fa5bde4b6465f5de4316ea538670df45db
confirmation,60,sbm_fixed_count,16,n0060-r0016-sbm_fixed_count,nch,binary_panel,0,4791/7,1412,13159/7,26318/7,17950/7,52636/7,3759.714285714286,f770a4e1ff152f067a91ea2aa0b661fa5bde4b6465f5de4316ea538670df45db
confirmation,60,barabasi_albert,17,n0060-r0017-barabasi_albert,demand-aware,source,0,720,10534/7,9692/7,47023/7,42121/7,230991/7,15379.209549035959,2e9560a296801bb9e24593f73b1fe1f442843dd021a75ce74284efe86e37023a
confirmation,60,barabasi_albert,17,n0060-r0017-barabasi_albert,demand-aware,binary_panel,0,4946/7,1464,16158/7,32316/7,21104/7,64632/7,4616.571428571428,2e9560a296801bb9e24593f73b1fe1f442843dd021a75ce74284efe86e37023a
confirmation,60,barabasi_albert,17,n0060-r0017-barabasi_albert,fhs3,source,0,720,10534/7,11325/7,33505/7,27179/7,14225,7507.757690854922,2e9560a296801bb9e24593f73b1fe1f442843dd021a75ce74284efe86e37023a
confirmation,60,barabasi_albert,17,n0060-r0017-barabasi_albert,fhs3,binary_panel,0,708,20491/14,28367/14,28367/7,38279/14,56734/7,4052.4285714285716,2e9560a296801bb9e24593f73b1fe1f442843dd021a75ce74284efe86e37023a
confirmation,60,barabasi_albert,17,n0060-r0017-barabasi_albert,fhs5,source,0,720,10534/7,9692/7,47023/7,42121/7,230991/7,15379.209549035959,2e9560a296801bb9e24593f73b1fe1f442843dd021a75ce74284efe86e37023a
confirmation,60,barabasi_albert,17,n0060-r0017-barabasi_albert,fhs5,binary_panel,0,4946/7,1464,16158/7,32316/7,21104/7,64632/7,4616.571428571428,2e9560a296801bb9e24593f73b1fe1f442843dd021a75ce74284efe86e37023a
confirmation,60,barabasi_albert,17,n0060-r0017-barabasi_albert,nch,source,0,720,10534/7,7500/7,73664/7,68625/7,125170,36175.71958271723,2e9560a296801bb9e24593f73b1fe1f442843dd021a75ce74284efe86e37023a
confirmation,60,barabasi_albert,17,n0060-r0017-barabasi_albert,nch,binary_panel,0,4966/7,10285/7,12833/7,25666/7,17799/7,51332/7,3666.5714285714284,2e9560a296801bb9e24593f73b1fe1f442843dd021a75ce74284efe86e37023a
confirmation,60,er_gnm,17,n0060-r0017-er_gnm,demand-aware,source,0,720,10534/7,9579/7,46236/7,41378/7,226356/7,15080.706337787671,173edab035054347a8f570ace5d62536a302567abee0d53db01d576835e5739a
confirmation,60,er_gnm,17,n0060-r0017-er_gnm,demand-aware,binary_panel,0,4999/7,10438/7,16907/7,33814/7,21906/7,67628/7,4830.571428571428,173edab035054347a8f570ace5d62536a302567abee0d53db01d576835e5739a
confirmation,60,er_gnm,17,n0060-r0017-er_gnm,fhs3,source,0,5025/7,1498,10876/7,31958/7,26062/7,94534/7,7124.054549582908,173edab035054347a8f570ace5d62536a302567abee0d53db01d576835e5739a
confirmation,60,er_gnm,17,n0060-r0017-er_gnm,fhs3,binary_panel,0,5014/7,10450/7,14327/7,28654/7,2763,57308/7,4093.4285714285716,173edab035054347a8f570ace5d62536a302567abee0d53db01d576835e5739a
confirmation,60,er_gnm,17,n0060-r0017-er_gnm,fhs5,source,0,720,10534/7,9579/7,46236/7,41378/7,226356/7,15080.706337787671,173edab035054347a8f570ace5d62536a302567abee0d53db01d576835e5739a
confirmation,60,er_gnm,17,n0060-r0017-er_gnm,fhs5,binary_panel,0,4999/7,10438/7,16907/7,33814/7,21906/7,67628/7,4830.571428571428,173edab035054347a8f570ace5d62536a302567abee0d53db01d576835e5739a
confirmation,60,er_gnm,17,n0060-r0017-er_gnm,nch,source,0,720,10534/7,7674/7,57228/7,53313/7,452672/7,24062.45040530511,173edab035054347a8f570ace5d62536a302567abee0d53db01d576835e5739a
confirmation,60,er_gnm,17,n0060-r0017-er_gnm,nch,binary_panel,0,5016/7,10461/7,12108/7,24216/7,17124/7,48432/7,3459.4285714285716,173edab035054347a8f570ace5d62536a302567abee0d53db01d576835e5739a
confirmation,60,sbm_fixed_count,17,n0060-r0017-sbm_fixed_count,demand-aware,source,0,720,10534/7,1455,6963,6140,33969,15842.860096150116,0e31ecb28b09295dba88d2e9d36ffe8205f063a1ec736b62ee13c6498b5063b4
confirmation,60,sbm_fixed_count,17,n0060-r0017-sbm_fixed_count,demand-aware,binary_panel,0,4738/7,9740/7,18750/7,37500/7,23488/7,75000/7,5357.142857142857,0e31ecb28b09295dba88d2e9d36ffe8205f063a1ec736b62ee13c6498b5063b4
confirmation,60,sbm_fixed_count,17,n0060-r0017-sbm_fixed_count,fhs3,source,0,5018/7,10476/7,11580/7,34101/7,27459/7,101025/7,7614.46059445293,0e31ecb28b09295dba88d2e9d36ffe8205f063a1ec736b62ee13c6498b5063b4
confirmation,60,sbm_fixed_count,17,n0060-r0017-sbm_fixed_count,fhs3,binary_panel,0,9685/14,10036/7,2157,4314,39883/14,8628,4314.0,0e31ecb28b09295dba88d2e9d36ffe8205f063a1ec736b62ee13c6498b5063b4
confirmation,60,sbm_fixed_count,17,n0060-r0017-sbm_fixed_count,fhs5,source,0,720,10534/7,1455,6963,6140,33969,15842.860096150116,0e31ecb28b09295dba88d2e9d36ffe8205f063a1ec736b62ee13c6498b5063b4
confirmation,60,sbm_fixed_count,17,n0060-r0017-sbm_fixed_count,fhs5,binary_panel,0,4738/7,9740/7,18750/7,37500/7,23488/7,75000/7,5357.142857142857,0e31ecb28b09295dba88d2e9d36ffe8205f063a1ec736b62ee13c6498b5063b4
confirmation,60,sbm_fixed_count,17,n0060-r0017-sbm_fixed_count,nch,source,0,720,10534/7,1124,58647/7,7768,473799/7,24755.704087568884,0e31ecb28b09295dba88d2e9d36ffe8205f063a1ec736b62ee13c6498b5063b4
confirmation,60,sbm_fixed_count,17,n0060-r0017-sbm_fixed_count,nch,binary_panel,0,4883/7,1449,12464/7,24928/7,17347/7,49856/7,3561.1428571428573,0e31ecb28b09295dba88d2e9d36ffe8205f063a1ec736b62ee13c6498b5063b4
confirmation,60,barabasi_albert,18,n0060-r0018-barabasi_albert,demand-aware,source,0,720,10587/7,9671/7,6588,41240/7,224444/7,14962.73220494533,63bf487a9bc65d12b277d2d545470a490a59e106c74accf536e6786e9b31d9f2
confirmation,60,barabasi_albert,18,n0060-r0018-barabasi_albert,demand-aware,binary_panel,0,4926/7,10287/7,2249,4498,20669/7,8996,4498.0,63bf487a9bc65d12b277d2d545470a490a59e106c74accf536e6786e9b31d9f2
confirmation,60,barabasi_albert,18,n0060-r0018-barabasi_albert,fhs3,source,0,720,10587/7,11072/7,32630/7,26546/7,96718/7,7290.2500496694465,63bf487a9bc65d12b277d2d545470a490a59e106c74accf536e6786e9b31d9f2
confirmation,60,barabasi_albert,18,n0060-r0018-barabasi_albert,fhs3,binary_panel,0,4964/7,1484,14136/7,28272/7,19100/7,56544/7,4038.8571428571427,63bf487a9bc65d12b277d2d545470a490a59e106c74accf536e6786e9b31d9f2
confirmation,60,barabasi_albert,18,n0060-r0018-barabasi_albert,fhs5,source,0,720,10587/7,9690/7,46213/7,5901,224907/7,14994.260843383361,63bf487a9bc65d12b277d2d545470a490a59e106c74accf536e6786e9b31d9f2
confirmation,60,barabasi_albert,18,n0060-r0018-barabasi_albert,fhs5,binary_panel,0,4926/7,10287/7,2249,4498,20669/7,8996,4498.0,63bf487a9bc65d12b277d2d545470a490a59e106c74accf536e6786e9b31d9f2
confirmation,60,barabasi_albert,18,n0060-r0018-barabasi_albert,nch,source,0,720,10587/7,7353/7,74811/7,69787/7,949219/7,37494.091870120144,63bf487a9bc65d12b277d2d545470a490a59e106c74accf536e6786e9b31d9f2
confirmation,60,barabasi_albert,18,n0060-r0018-barabasi_albert,nch,binary_panel,0,9993/14,2989/2,25373/14,25373/7,17683/7,50746/7,3624.714285714286,63bf487a9bc65d12b277d2d545470a490a59e106c74accf536e6786e9b31d9f2
confirmation,60,er_gnm,18,n0060-r0018-er_gnm,demand-aware,source,0,720,10587/7,9585/7,45936/7,41061/7,32094,14953.31230664322,632590df560725f5b6c7f1625fb5a2651ff52f3374f90748ba2787e708ae8974
confirmation,60,er_gnm,18,n0060-r0018-er_gnm,demand-aware,binary_panel,0,709,10358/7,2364,4728,3073,9456,4728.0,632590df560725f5b6c7f1625fb5a2651ff52f3374f90748ba2787e708ae8974
confirmation,60,er_gnm,18,n0060-r0018-er_gnm,fhs3,source,0,5036/7,1509,10960/7,4632,26472/7,96360/7,7265.334046103581,632590df560725f5b6c7f1625fb5a2651ff52f3374f90748ba2787e708ae8974
confirmation,60,er_gnm,18,n0060-r0018-er_gnm,fhs3,binary_panel,0,9959/14,10401/7,4153/2,4153,19515/7,8306,4153.0,632590df560725f5b6c7f1625fb5a2651ff52f3374f90748ba2787e708ae8974
confirmation,60,er_gnm,18,n0060-r0018-er_gnm,fhs5,source,0,720,10587/7,9595/7,46234/7,41336/7,226664/7,15084.023251003837,632590df560725f5b6c7f1625fb5a2651ff52f3374f90748ba2787e708ae8974
confirmation,60,er_gnm,18,n0060-r0018-er_gnm,fhs5,binary_panel,0,709,10358/7,2364,4728,3073,9456,4728.0,632590df560725f5b6c7f1625fb5a2651ff52f3374f90748ba2787e708ae8974
confirmation,60,er_gnm,18,n0060-r0018-er_gnm,nch,source,0,720,10587/7,7824/7,57444/7,53275/7,459050/7,24115.848154963485,632590df560725f5b6c7f1625fb5a2651ff52f3374f90748ba2787e708ae8974
confirmation,60,er_gnm,18,n0060-r0018-er_gnm,nch,binary_panel,0,5006/7,10473/7,12451/7,24902/7,17457/7,49804/7,3557.4285714285716,632590df560725f5b6c7f1625fb5a2651ff52f3374f90748ba2787e708ae8974
confirmation,60,sbm_fixed_count,18,n0060-r0018-sbm_fixed_count,demand-aware,source,0,720,10587/7,10544/7,7146,43886/7,242304/7,16178.738033229562,2a79ac1c050eb38f1f76e9ef8cdf0e555980cd0982d50c60bb10311f42e4be85
confirmation,60,sbm_fixed_count,18,n0060-r0018-sbm_fixed_count,demand-aware,binary_panel,0,672,1384,18059/7,36118/7,22763/7,72236/7,5159.714285714285,2a79ac1c050eb38f1f76e9ef8cdf0e555980cd0982d50c60bb10311f42e4be85
confirmation,60,sbm_fixed_count,18,n0060-r0018-sbm_fixed_count,fhs3,source,0,4985/7,10438/7,12235/7,35818/7,28494/7,105680/7,7961.78048207872,2a79ac1c050eb38f1f76e9ef8cdf0e555980cd0982d50c60bb10311f42e4be85
confirmation,60,sbm_fixed_count,18,n0060-r0018-sbm_fixed_count,fhs3,binary_panel,0,4754/7,9848/7,15702/7,31404/7,20456/7,62808/7,4486.285714285715,2a79ac1c050eb38f1f76e9ef8cdf0e555980cd0982d50c60bb10311f42e4be85
confirmation,60,sbm_fixed_count,18,n0060-r0018-sbm_fixed_count,fhs5,source,0,720,10587/7,10544/7,7146,43886/7,242304/7,16178.738033229562,2a79ac1c050eb38f1f76e9ef8cdf0e555980cd0982d50c60bb10311f42e4be85
confirmation,60,sbm_fixed_count,18,n0060-r0018-sbm_fixed_count,fhs5,binary_panel,0,672,1384,18059/7,36118/7,22763/7,72236/7,5159.714285714285,2a79ac1c050eb38f1f76e9ef8cdf0e555980cd0982d50c60bb10311f42e4be85
confirmation,60,sbm_fixed_count,18,n0060-r0018-sbm_fixed_count,nch,source,0,720,10587/7,1161,61450/7,8073,489360/7,25971.370267634215,2a79ac1c050eb38f1f76e9ef8cdf0e555980cd0982d50c60bb10311f42e4be85
confirmation,60,sbm_fixed_count,18,n0060-r0018-sbm_fixed_count,nch,binary_panel,0,4867/7,10138/7,12942/7,25884/7,17809/7,51768/7,3697.714285714286,2a79ac1c050eb38f1f76e9ef8cdf0e555980cd0982d50c60bb10311f42e4be85
confirmation,60,barabasi_albert,19,n0060-r0019-barabasi_albert,demand-aware,source,0,720,10659/7,9645/7,47216/7,42290/7,232780/7,15496.77632645832,096aa688d711286266b534c6beff63b5c0cd1972b2c12cf842e3a8ef1c0da508
confirmation,60,barabasi_albert,19,n0060-r0019-barabasi_albert,demand-aware,binary_panel,0,4843/7,10021/7,16365/7,32730/7,21208/7,65460/7,4675.714285714285,096aa688d711286266b534c6beff63b5c0cd1972b2c12cf842e3a8ef1c0da508
confirmation,60,barabasi_albert,19,n0060-r0019-barabasi_albert,fhs3,source,0,5039/7,10653/7,11045/7,32402/7,26342/7,95740/7,7214.057131758527,096aa688d711286266b534c6beff63b5c0cd1972b2c12cf842e3a8ef1c0da508
confirmation,60,barabasi_albert,19,n0060-r0019-barabasi_albert,fhs3,binary_panel,0,4961/7,10407/7,14327/7,28654/7,19288/7,57308/7,4093.4285714285716,096aa688d711286266b534c6beff63b5c0cd1972b2c12cf842e3a8ef1c0da508
confirmation,60,barabasi_albert,19,n0060-r0019-barabasi_albert,fhs5,source,0,720,10659/7,9645/7,47216/7,42290/7,232780/7,15496.77632645832,096aa688d711286266b534c6beff63b5c0cd1972b2c12cf842e3a8ef1c0da508
confirmation,60,barabasi_albert,19,n0060-r0019-barabasi_albert,fhs5,binary_panel,0,4843/7,10021/7,16365/7,32730/7,21208/7,65460/7,4675.714285714285,096aa688d711286266b534c6beff63b5c0cd1972b2c12cf842e3a8ef1c0da508
confirmation,60,barabasi_albert,19,n0060-r0019-barabasi_albert,nch,source,0,720,10659/7,7298/7,10448,9777,131952,36560.08717331772,096aa688d711286266b534c6beff63b5c0cd1972b2c12cf842e3a8ef1c0da508
confirmation,60,barabasi_albert,19,n0060-r0019-barabasi_albert,nch,binary_panel,0,714,10524/7,12287/7,24574/7,17285/7,49148/7,3510.5714285714284,096aa688d711286266b534c6beff63b5c0cd1972b2c12cf842e3a8ef1c0da508
confirmation,60,er_gnm,19,n0060-r0019-er_gnm,demand-aware,source,0,5039/7,10656/7,9715/7,46449/7,41301/7,226591/7,15098.960001602274,5af9d3e15e036336e5dbd4a024d3b1cb257620962c7897b615826e2e05bb514d
confirmation,60,er_gnm,19,n0060-r0019-er_gnm,demand-aware,binary_panel,0,710,10470/7,16741/7,33482/7,21711/7,66964/7,4783.142857142857,5af9d3e15e036336e5dbd4a024d3b1cb257620962c7897b615826e2e05bb514d
confirmation,60,er_gnm,19,n0060-r0019-er_gnm,fhs3,source,0,5037/7,10652/7,11103/7,32556/7,26458/7,96162/7,7245.583663913128,5af9d3e15e036336e5dbd4a024d3b1cb257620962c7897b615826e2e05bb514d
confirmation,60,er_gnm,19,n0060-r0019-er_gnm,fhs3,binary_panel,0,4997/7,10539/7,14442/7,28884/7,2777,57768/7,4126.285714285715,5af9d3e15e036336e5dbd4a024d3b1cb257620962c7897b615826e2e05bb514d
confirmation,60,er_gnm,19,n0060-r0019-er_gnm,fhs5,source,0,5039/7,10656/7,9715/7,46449/7,41301/7,226591/7,15098.960001602274,5af9d3e15e036336e5dbd4a024d3b1cb257620962c7897b615826e2e05bb514d
confirmation,60,er_gnm,19,n0060-r0019-er_gnm,fhs5,binary_panel,0,710,10470/7,16741/7,33482/7,21711/7,66964/7,4783.142857142857,5af9d3e15e036336e5dbd4a024d3b1cb257620962c7897b615826e2e05bb514d
confirmation,60,er_gnm,19,n0060-r0019-er_gnm,nch,source,0,720,10659/7,7879/7,8204,53184/7,441284/7,23830.631712652623,5af9d3e15e036336e5dbd4a024d3b1cb257620962c7897b615826e2e05bb514d
confirmation,60,er_gnm,19,n0060-r0019-er_gnm,nch,binary_panel,0,5024/7,10606/7,12643/7,25286/7,17667/7,50572/7,3612.285714285714,5af9d3e15e036336e5dbd4a024d3b1cb257620962c7897b615826e2e05bb514d
confirmation,60,sbm_fixed_count,19,n0060-r0019-sbm_fixed_count,demand-aware,source,0,720,10659/7,10452/7,49191/7,43170/7,237763/7,15865.407889170607,7af6c32e67cc81c86cddec1ba006d88173361f07ac8f8016a4e5281c6b566bc6
confirmation,60,sbm_fixed_count,19,n0060-r0019-sbm_fixed_count,demand-aware,binary_panel,0,663,9633/7,18164/7,36328/7,22805/7,72656/7,5189.714285714285,7af6c32e67cc81c86cddec1ba006d88173361f07ac8f8016a4e5281c6b566bc6
confirmation,60,sbm_fixed_count,19,n0060-r0019-sbm_fixed_count,fhs3,source,0,4969/7,10467/7,12170/7,35719/7,28415/7,105575/7,7955.409269588301,7af6c32e67cc81c86cddec1ba006d88173361f07ac8f8016a4e5281c6b566bc6
confirmation,60,sbm_fixed_count,19,n0060-r0019-sbm_fixed_count,fhs3,binary_panel,0,4733/7,9874/7,15289/7,30578/7,20022/7,61156/7,4368.285714285715,7af6c32e67cc81c86cddec1ba006d88173361f07ac8f8016a4e5281c6b566bc6
confirmation,60,sbm_fixed_count,19,n0060-r0019-sbm_fixed_count,fhs5,source,0,720,10659/7,10452/7,49191/7,43170/7,237763/7,15865.407889170607,7af6c32e67cc81c86cddec1ba006d88173361f07ac8f8016a4e5281c6b566bc6
confirmation,60,sbm_fixed_count,19,n0060-r0019-sbm_fixed_count,fhs5,binary_panel,0,663,9633/7,18164/7,36328/7,22805/7,72656/7,5189.714285714285,7af6c32e67cc81c86cddec1ba006d88173361f07ac8f8016a4e5281c6b566bc6
confirmation,60,sbm_fixed_count,19,n0060-r0019-sbm_fixed_count,nch,source,0,720,10659/7,1173,8530,54882/7,457596/7,24749.740331506822,7af6c32e67cc81c86cddec1ba006d88173361f07ac8f8016a4e5281c6b566bc6
confirmation,60,sbm_fixed_count,19,n0060-r0019-sbm_fixed_count,nch,binary_panel,0,4836/7,10137/7,13108/7,26216/7,17944/7,52432/7,3745.1428571428573,7af6c32e67cc81c86cddec1ba006d88173361f07ac8f8016a4e5281c6b566bc6
confirmation,120,barabasi_albert,0,n0120-r0000-barabasi_albert,demand-aware,source,0,1440,21012/7,22118/7,107383/7,13579,527213/7,35117.20233975581,a4991c390666dbc429526e0513d21b967dbec1c4f82d064628b81621c97b5fb0
confirmation,120,barabasi_albert,0,n0120-r0000-barabasi_albert,demand-aware,binary_panel,0,9617/7,5605/2,10091/2,10091,89871/14,20182,10091.0,a4991c390666dbc429526e0513d21b967dbec1c4f82d064628b81621c97b5fb0
confirmation,120,barabasi_albert,0,n0120-r0000-barabasi_albert,fhs3,source,0,1440,21012/7,3564,73523/7,58622/7,217927/7,16426.532430516607,a4991c390666dbc429526e0513d21b967dbec1c4f82d064628b81621c97b5fb0
confirmation,120,barabasi_albert,0,n0120-r0000-barabasi_albert,fhs3,binary_panel,0,19457/14,19965/7,31046/7,62092/7,81549/14,124184/7,8870.285714285714,a4991c390666dbc429526e0513d21b967dbec1c4f82d064628b81621c97b5fb0
confirmation,120,barabasi_albert,0,n0120-r0000-barabasi_albert,fhs5,source,0,1440,21012/7,22118/7,107383/7,13579,527213/7,35117.20233975581,a4991c390666dbc429526e0513d21b967dbec1c4f82d064628b81621c97b5fb0
confirmation,120,barabasi_albert,0,n0120-r0000-barabasi_albert,fhs5,binary_panel,0,9617/7,5605/2,10091/2,10091,89871/14,20182,10091.0,a4991c390666dbc429526e0513d21b967dbec1c4f82d064628b81621c97b5fb0
confirmation,120,barabasi_albert,0,n0120-r0000-barabasi_albert,nch,source,0,1440,21012/7,16049/7,227352/7,214670/7,4716392/7,133757.05235070386,a4991c390666dbc429526e0513d21b967dbec1c4f82d064628b81621c97b5fb0
confirmation,120,barabasi_albert,0,n0120-r0000-barabasi_albert,nch,binary_panel,0,9868/7,20368/7,4139,8278,38841/7,16556,8278.0,a4991c390666dbc429526e0513d21b967dbec1c4f82d064628b81621c97b5fb0
confirmation,120,er_gnm,0,n0120-r0000-er_gnm,demand-aware,source,0,1440,21012/7,22593/7,109257/7,96063/7,536611/7,35704.13984143496,f686f2a11613237f6dc19d31411386772b619522bbf24ab97afb90d8b7d659ff
confirmation,120,er_gnm,0,n0120-r0000-er_gnm,demand-aware,binary_panel,0,9976/7,41449/14,39149/7,78298/7,49125/7,156596/7,11185.42857142857,f686f2a11613237f6dc19d31411386772b619522bbf24ab97afb90d8b7d659ff
confirmation,120,er_gnm,0,n0120-r0000-er_gnm,fhs3,source,0,10071/7,20997/7,25955/7,10947,8672,227415/7,17144.009166568398,f686f2a11613237f6dc19d31411386772b619522bbf24ab97afb90d8b7d659ff
confirmation,120,er_gnm,0,n0120-r0000-er_gnm,fhs3,binary_panel,0,20031/14,20807/7,68611/14,68611/7,44321/7,137222/7,9801.57142857143,f686f2a11613237f6dc19d31411386772b619522bbf24ab97afb90d8b7d659ff
confirmation,120,er_gnm,0,n0120-r0000-er_gnm,fhs5,source,0,1440,21012/7,22588/7,109226/7,96035/7,536420/7,35692.36898412715,f686f2a11613237f6dc19d31411386772b619522bbf24ab97afb90d8b7d659ff
confirmation,120,er_gnm,0,n0120-r0000-er_gnm,fhs5,binary_panel,0,9976/7,41449/14,39149/7,78298/7,49125/7,156596/7,11185.42857142857,f686f2a11613237f6dc19d31411386772b619522bbf24ab97afb90d8b7d659ff
confirmation,120,er_gnm,0,n0120-r0000-er_gnm,nch,source,0,1440,21012/7,18035/7,137212/7,126695/7,160346,58498.795528512775,f686f2a11613237f6dc19d31411386772b619522bbf24ab97afb90d8b7d659ff
confirmation,120,er_gnm,0,n0120-r0000-er_gnm,nch,binary_panel,0,20093/14,41823/14,29507/7,59014/7,11301/2,118028/7,8430.57142857143,f686f2a11613237f6dc19d31411386772b619522bbf24ab97afb90d8b7d659ff
confirmation,120,sbm_fixed_count,0,n0120-r0000-sbm_fixed_count,demand-aware,source,0,1432,20821/7,23155/7,113000/7,98834/7,556886/7,37055.07748066782,fe20c3f0c09ea6e77dfc0f0c232e5058f1ff5c5524f96cdabbe77afa9a740995
confirmation,120,sbm_fixed_count,0,n0120-r0000-sbm_fixed_count,demand-aware,binary_panel,0,9328/7,19191/7,38391/7,76782/7,6817,153564/7,10968.857142857143,fe20c3f0c09ea6e77dfc0f0c232e5058f1ff5c5524f96cdabbe77afa9a740995
confirmation,120,sbm_fixed_count,0,n0120-r0000-sbm_fixed_count,fhs3,source,0,9606/7,19834/7,26027/7,76711/7,60178/7,227393/7,17140.180162977802,fe20c3f0c09ea6e77dfc0f0c232e5058f1ff5c5524f96cdabbe77afa9a740995
confirmation,120,sbm_fixed_count,0,n0120-r0000-sbm_fixed_count,fhs3,binary_panel,0,9320/7,19128/7,34002/7,68004/7,43322/7,136008/7,9714.857142857143,fe20c3f0c09ea6e77dfc0f0c232e5058f1ff5c5524f96cdabbe77afa9a740995
confirmation,120,sbm_fixed_count,0,n0120-r0000-sbm_fixed_count,fhs5,source,0,1432,20821/7,23155/7,113000/7,98834/7,556886/7,37055.07748066782,fe20c3f0c09ea6e77dfc0f0c232e5058f1ff5c5524f96cdabbe77afa9a740995
confirmation,120,sbm_fixed_count,0,n0120-r0000-sbm_fixed_count,fhs5,binary_panel,0,9328/7,19191/7,38391/7,76782/7,6817,153564/7,10968.857142857143,fe20c3f0c09ea6e77dfc0f0c232e5058f1ff5c5524f96cdabbe77afa9a740995
confirmation,120,sbm_fixed_count,0,n0120-r0000-sbm_fixed_count,nch,source,0,1440,21012/7,18250/7,140733/7,129739/7,167561,60439.893296746486,fe20c3f0c09ea6e77dfc0f0c232e5058f1ff5c5524f96cdabbe77afa9a740995
confirmation,120,sbm_fixed_count,0,n0120-r0000-sbm_fixed_count,nch,binary_panel,0,9452/7,19457/7,4063,8126,37893/7,16252,8126.0,fe20c3f0c09ea6e77dfc0f0c232e5058f1ff5c5524f96cdabbe77afa9a740995
confirmation,120,barabasi_albert,1,n0120-r0001-barabasi_albert,demand-aware,source,0,1440,20864/7,21969/7,106663/7,94368/7,74887,34896.804920804294,55169003b1824fa64503f6156e3bb24c2e9afdd40529f5ddcb0f68a738901d82
confirmation,120,barabasi_albert,1,n0120-r0001-barabasi_albert,demand-aware,binary_panel,0,9771/7,19860/7,37887/7,75774/7,47658/7,151548/7,10824.857142857143,55169003b1824fa64503f6156e3bb24c2e9afdd40529f5ddcb0f68a738901d82
confirmation,120,barabasi_albert,1,n0120-r0001-barabasi_albert,fhs3,source,0,10078/7,20855/7,25511/7,75058/7,59540/7,222224/7,16748.35371457159,55169003b1824fa64503f6156e3bb24c2e9afdd40529f5ddcb0f68a738901d82
confirmation,120,barabasi_albert,1,n0120-r0001-barabasi_albert,fhs3,binary_panel,0,9893/7,20277/7,33892/7,67784/7,6255,135568/7,9683.42857142857,55169003b1824fa64503f6156e3bb24c2e9afdd40529f5ddcb0f68a738901d82
confirmation,120,barabasi_albert,1,n0120-r0001-barabasi_albert,fhs5,source,0,1440,20864/7,21969/7,106663/7,94368/7,74887,34896.804920804294,55169003b1824fa64503f6156e3bb24c2e9afdd40529f5ddcb0f68a738901d82
confirmation,120,barabasi_albert,1,n0120-r0001-barabasi_albert,fhs5,binary_panel,0,9771/7,19860/7,37887/7,75774/7,47658/7,151548/7,10824.857142857143,55169003b1824fa64503f6156e3bb24c2e9afdd40529f5ddcb0f68a738901d82
confirmation,120,barabasi_albert,1,n0120-r0001-barabasi_albert,nch,source,0,1440,20864/7,16809/7,192960/7,179845/7,3001108/7,103192.389233955,55169003b1824fa64503f6156e3bb24c2e9afdd40529f5ddcb0f68a738901d82
confirmation,120,barabasi_albert,1,n0120-r0001-barabasi_albert,nch,binary_panel,0,10048/7,2966,29000/7,58000/7,39048/7,116000/7,8285.714285714286,55169003b1824fa64503f6156e3bb24c2e9afdd40529f5ddcb0f68a738901d82
confirmation,120,er_gnm,1,n0120-r0001-er_gnm,demand-aware,source,0,10074/7,2978,22444/7,106226/7,93319/7,516156/7,34386.1509575931,8ce35cdf5754d56caf146b65f74df87c6f712f477e5fdd48fca8a92e3dea8def
confirmation,120,er_gnm,1,n0120-r0001-er_gnm,demand-aware,binary_panel,0,9980/7,20540/7,37871/7,75742/7,47851/7,151484/7,10820.285714285714,8ce35cdf5754d56caf146b65f74df87c6f712f477e5fdd48fca8a92e3dea8def
confirmation,120,er_gnm,1,n0120-r0001-er_gnm,fhs3,source,0,10061/7,20801/7,25716/7,75549/7,59797/7,223449/7,16838.803127096624,8ce35cdf5754d56caf146b65f74df87c6f712f477e5fdd48fca8a92e3dea8def
confirmation,120,er_gnm,1,n0120-r0001-er_gnm,fhs3,binary_panel,0,9973/7,20505/7,67539/14,67539/7,87485/14,135078/7,9648.42857142857,8ce35cdf5754d56caf146b65f74df87c6f712f477e5fdd48fca8a92e3dea8def
confirmation,120,er_gnm,1,n0120-r0001-er_gnm,fhs5,source,0,10074/7,2978,22444/7,106226/7,93319/7,516156/7,34386.1509575931,8ce35cdf5754d56caf146b65f74df87c6f712f477e5fdd48fca8a92e3dea8def
confirmation,120,er_gnm,1,n0120-r0001-er_gnm,fhs5,binary_panel,0,9980/7,20540/7,37871/7,75742/7,47851/7,151484/7,10820.285714285714,8ce35cdf5754d56caf146b65f74df87c6f712f477e5fdd48fca8a92e3dea8def
confirmation,120,er_gnm,1,n0120-r0001-er_gnm,nch,source,0,10040/7,20739/7,17937/7,135796/7,17912,156024,57572.48555615694,8ce35cdf5754d56caf146b65f74df87c6f712f477e5fdd48fca8a92e3dea8def
confirmation,120,er_gnm,1,n0120-r0001-er_gnm,nch,binary_panel,0,20017/14,20633/7,58721/14,58721/7,39369/7,117442/7,8388.714285714286,8ce35cdf5754d56caf146b65f74df87c6f712f477e5fdd48fca8a92e3dea8def
confirmation,120,sbm_fixed_count,1,n0120-r0001-sbm_fixed_count,demand-aware,source,0,10074/7,20845/7,23190/7,112613/7,98851/7,554515/7,36876.321430803706,5f1ca2a0154e7fb9a97e8334035355f61bd5d7d9fca6caf2f5f8413e820c73a4
confirmation,120,sbm_fixed_count,1,n0120-r0001-sbm_fixed_count,demand-aware,binary_panel,0,9350/7,19037/7,39304/7,78608/7,48654/7,157216/7,11229.714285714286,5f1ca2a0154e7fb9a97e8334035355f61bd5d7d9fca6caf2f5f8413e820c73a4
confirmation,120,sbm_fixed_count,1,n0120-r0001-sbm_fixed_count,fhs3,source,0,9997/7,20596/7,27227/7,80606/7,63286/7,239668/7,18071.402565225577,5f1ca2a0154e7fb9a97e8334035355f61bd5d7d9fca6caf2f5f8413e820c73a4
confirmation,120,sbm_fixed_count,1,n0120-r0001-sbm_fixed_count,fhs3,binary_panel,0,9473/7,19304/7,34484/7,68968/7,43957/7,137936/7,9852.57142857143,5f1ca2a0154e7fb9a97e8334035355f61bd5d7d9fca6caf2f5f8413e820c73a4
confirmation,120,sbm_fixed_count,1,n0120-r0001-sbm_fixed_count,fhs5,source,0,10074/7,20845/7,23190/7,112613/7,98851/7,554515/7,36876.321430803706,5f1ca2a0154e7fb9a97e8334035355f61bd5d7d9fca6caf2f5f8413e820c73a4
confirmation,120,sbm_fixed_count,1,n0120-r0001-sbm_fixed_count,fhs5,binary_panel,0,9350/7,19037/7,39304/7,78608/7,48654/7,157216/7,11229.714285714286,5f1ca2a0154e7fb9a97e8334035355f61bd5d7d9fca6caf2f5f8413e820c73a4
confirmation,120,sbm_fixed_count,1,n0120-r0001-sbm_fixed_count,nch,source,0,10077/7,20852/7,18199/7,19187,123616/7,1075559/7,56506.80095955093,5f1ca2a0154e7fb9a97e8334035355f61bd5d7d9fca6caf2f5f8413e820c73a4
confirmation,120,sbm_fixed_count,1,n0120-r0001-sbm_fixed_count,nch,binary_panel,0,9687/7,39687/14,57955/14,57955/7,11047/2,115910/7,8279.285714285714,5f1ca2a0154e7fb9a97e8334035355f61bd5d7d9fca6caf2f5f8413e820c73a4
confirmation,120,barabasi_albert,2,n0120-r0002-barabasi_albert,demand-aware,source,0,1440,20984/7,21741/7,105260/7,93193/7,516944/7,34405.900480485194,87532d2d767770849ccd0f29dcfa522a2b28a657a59a07cedb54b5558a651d26
confirmation,120,barabasi_albert,2,n0120-r0002-barabasi_albert,demand-aware,binary_panel,0,9727/7,19949/7,34782/7,69564/7,44509/7,139128/7,9937.714285714286,87532d2d767770849ccd0f29dcfa522a2b28a657a59a07cedb54b5558a651d26
confirmation,120,barabasi_albert,2,n0120-r0002-barabasi_albert,fhs3,source,0,1440,20984/7,24996/7,73330/7,58337/7,216674/7,16326.50921792729,87532d2d767770849ccd0f29dcfa522a2b28a657a59a07cedb54b5558a651d26
confirmation,120,barabasi_albert,2,n0120-r0002-barabasi_albert,fhs3,binary_panel,0,9834/7,20260/7,31020/7,62040/7,40854/7,124080/7,8862.857142857143,87532d2d767770849ccd0f29dcfa522a2b28a657a59a07cedb54b5558a651d26
confirmation,120,barabasi_albert,2,n0120-r0002-barabasi_albert,fhs5,source,0,1440,20984/7,21741/7,105260/7,93193/7,516944/7,34405.900480485194,87532d2d767770849ccd0f29dcfa522a2b28a657a59a07cedb54b5558a651d26
confirmation,120,barabasi_albert,2,n0120-r0002-barabasi_albert,fhs5,binary_panel,0,9727/7,19949/7,34782/7,69564/7,44509/7,139128/7,9937.714285714286,87532d2d767770849ccd0f29dcfa522a2b28a657a59a07cedb54b5558a651d26
confirmation,120,barabasi_albert,2,n0120-r0002-barabasi_albert,nch,source,0,1440,20984/7,16197/7,219507/7,206672/7,4325021/7,127121.90807101058,87532d2d767770849ccd0f29dcfa522a2b28a657a59a07cedb54b5558a651d26
confirmation,120,barabasi_albert,2,n0120-r0002-barabasi_albert,nch,binary_panel,0,19861/14,40983/14,28514/7,57028/7,76889/14,114056/7,8146.857142857143,87532d2d767770849ccd0f29dcfa522a2b28a657a59a07cedb54b5558a651d26
confirmation,120,er_gnm,2,n0120-r0002-er_gnm,demand-aware,source,0,1440,20984/7,22040/7,106821/7,94242/7,525067/7,34938.099692692784,1b1c93f0cea4749c0108ee76eba93a0ee1590309c9a12fcdcb235fb96780d346
confirmation,120,er_gnm,2,n0120-r0002-er_gnm,demand-aware,binary_panel,0,9950/7,20637/7,5628,11256,49346/7,22512,11256.0,1b1c93f0cea4749c0108ee76eba93a0ee1590309c9a12fcdcb235fb96780d346
confirmation,120,er_gnm,2,n0120-r0002-er_gnm,fhs3,source,0,1440,20984/7,25524/7,10779,59939/7,224121/7,16897.289927185633,1b1c93f0cea4749c0108ee76eba93a0ee1590309c9a12fcdcb235fb96780d346
confirmation,120,er_gnm,2,n0120-r0002-er_gnm,fhs3,binary_panel,0,9963/7,2955,34368/7,68736/7,6333,137472/7,9819.42857142857,1b1c93f0cea4749c0108ee76eba93a0ee1590309c9a12fcdcb235fb96780d346
confirmation,120,er_gnm,2,n0120-r0002-er_gnm,fhs5,source,0,1440,20984/7,22040/7,106821/7,94242/7,525067/7,34938.099692692784,1b1c93f0cea4749c0108ee76eba93a0ee1590309c9a12fcdcb235fb96780d346
confirmation,120,er_gnm,2,n0120-r0002-er_gnm,fhs5,binary_panel,0,9950/7,20637/7,5628,11256,49346/7,22512,11256.0,1b1c93f0cea4749c0108ee76eba93a0ee1590309c9a12fcdcb235fb96780d346
confirmation,120,er_gnm,2,n0120-r0002-er_gnm,nch,source,0,1440,20984/7,17859/7,138407/7,128293/7,164697,59520.65501757954,1b1c93f0cea4749c0108ee76eba93a0ee1590309c9a12fcdcb235fb96780d346
confirmation,120,er_gnm,2,n0120-r0002-er_gnm,nch,binary_panel,0,10069/7,20945/7,8573/2,8573,80149/14,17146,8573.0,1b1c93f0cea4749c0108ee76eba93a0ee1590309c9a12fcdcb235fb96780d346
confirmation,120,sbm_fixed_count,2,n0120-r0002-sbm_fixed_count,demand-aware,source,0,1440,20984/7,22867/7,111399/7,97942/7,548903/7,36513.6105854063,4736e7086159de4e0f0ddddc25473a05b473cf89e2a59135e3de54c9e051f01a
confirmation,120,sbm_fixed_count,2,n0120-r0002-sbm_fixed_count,demand-aware,binary_panel,0,19211/14,19739/7,39369/7,78738/7,97949/14,157476/7,11248.285714285714,4736e7086159de4e0f0ddddc25473a05b473cf89e2a59135e3de54c9e051f01a
confirmation,120,sbm_fixed_count,2,n0120-r0002-sbm_fixed_count,fhs3,source,0,10011/7,20771/7,26870/7,11285,62098/7,233755/7,17616.3834095912,4736e7086159de4e0f0ddddc25473a05b473cf89e2a59135e3de54c9e051f01a
confirmation,120,sbm_fixed_count,2,n0120-r0002-sbm_fixed_count,fhs3,binary_panel,0,2763/2,19902/7,10109/2,10109,6436,20218,10109.0,4736e7086159de4e0f0ddddc25473a05b473cf89e2a59135e3de54c9e051f01a
confirmation,120,sbm_fixed_count,2,n0120-r0002-sbm_fixed_count,fhs5,source,0,1440,20984/7,22867/7,111399/7,97942/7,548903/7,36513.6105854063,4736e7086159de4e0f0ddddc25473a05b473cf89e2a59135e3de54c9e051f01a
confirmation,120,sbm_fixed_count,2,n0120-r0002-sbm_fixed_count,fhs5,binary_panel,0,19211/14,19739/7,39369/7,78738/7,97949/14,157476/7,11248.285714285714,4736e7086159de4e0f0ddddc25473a05b473cf89e2a59135e3de54c9e051f01a
confirmation,120,sbm_fixed_count,2,n0120-r0002-sbm_fixed_count,nch,source,0,10078/7,20975/7,18156/7,135951/7,125232/7,1083881/7,57316.08402070215,4736e7086159de4e0f0ddddc25473a05b473cf89e2a59135e3de54c9e051f01a
confirmation,120,sbm_fixed_count,2,n0120-r0002-sbm_fixed_count,nch,binary_panel,0,2821/2,2916,58971/14,58971/7,39359/7,117942/7,8424.42857142857,4736e7086159de4e0f0ddddc25473a05b473cf89e2a59135e3de54c9e051f01a
confirmation,120,barabasi_albert,3,n0120-r0003-barabasi_albert,demand-aware,source,0,1440,21177/7,21874/7,106220/7,94111/7,522532/7,34765.52435428429,31bb90251b1fce3418d3962a0b0dc4b269b2afae5a19b502134575846b1aaf4d
confirmation,120,barabasi_albert,3,n0120-r0003-barabasi_albert,demand-aware,binary_panel,0,19525/14,20177/7,35038/7,70076/7,89601/14,140152/7,10010.857142857143,31bb90251b1fce3418d3962a0b0dc4b269b2afae5a19b502134575846b1aaf4d
confirmation,120,barabasi_albert,3,n0120-r0003-barabasi_albert,fhs3,source,0,1440,21177/7,3568,73604/7,8376,218164/7,16444.371314452907,31bb90251b1fce3418d3962a0b0dc4b269b2afae5a19b502134575846b1aaf4d
confirmation,120,barabasi_albert,3,n0120-r0003-barabasi_albert,fhs3,binary_panel,0,19767/14,20556/7,30986/7,61972/7,11677/2,123944/7,8853.142857142857,31bb90251b1fce3418d3962a0b0dc4b269b2afae5a19b502134575846b1aaf4d
confirmation,120,barabasi_albert,3,n0120-r0003-barabasi_albert,fhs5,source,0,1440,21177/7,21864/7,106170/7,94062/7,522286/7,34749.13308804203,31bb90251b1fce3418d3962a0b0dc4b269b2afae5a19b502134575846b1aaf4d
confirmation,120,barabasi_albert,3,n0120-r0003-barabasi_albert,fhs5,binary_panel,0,19525/14,20177/7,35038/7,70076/7,89601/14,140152/7,10010.857142857143,31bb90251b1fce3418d3962a0b0dc4b269b2afae5a19b502134575846b1aaf4d
confirmation,120,barabasi_albert,3,n0120-r0003-barabasi_albert,nch,source,0,1440,21177/7,16466/7,199519/7,186712/7,3049729/7,107779.46233634627,31bb90251b1fce3418d3962a0b0dc4b269b2afae5a19b502134575846b1aaf4d
confirmation,120,barabasi_albert,3,n0120-r0003-barabasi_albert,nch,binary_panel,0,9955/7,20731/7,4178,8356,39201/7,16712,8356.0,31bb90251b1fce3418d3962a0b0dc4b269b2afae5a19b502134575846b1aaf4d
confirmation,120,er_gnm,3,n0120-r0003-er_gnm,demand-aware,source,0,1440,21177/7,22115/7,106453/7,93937/7,521191/7,34703.61470326574,5583188e2453248ec704377a55b3c7f83251970ebffa6fc6170e5eb3bb12a6b7
confirmation,120,er_gnm,3,n0120-r0003-er_gnm,demand-aware,binary_panel,0,9831/7,2918,38511/7,77022/7,6906,154044/7,11003.142857142857,5583188e2453248ec704377a55b3c7f83251970ebffa6fc6170e5eb3bb12a6b7
confirmation,120,er_gnm,3,n0120-r0003-er_gnm,fhs3,source,0,10077/7,21162/7,25562/7,75276/7,8533,223008/7,16808.577564607443,5583188e2453248ec704377a55b3c7f83251970ebffa6fc6170e5eb3bb12a6b7
confirmation,120,er_gnm,3,n0120-r0003-er_gnm,fhs3,binary_panel,0,19885/14,20760/7,9763/2,9763,44113/7,19526,9763.0,5583188e2453248ec704377a55b3c7f83251970ebffa6fc6170e5eb3bb12a6b7
confirmation,120,er_gnm,3,n0120-r0003-er_gnm,fhs5,source,0,1440,21177/7,3158,106451/7,93971/7,521295/7,34709.2436007936,5583188e2453248ec704377a55b3c7f83251970ebffa6fc6170e5eb3bb12a6b7
confirmation,120,er_gnm,3,n0120-r0003-er_gnm,fhs5,binary_panel,0,9831/7,2918,38511/7,77022/7,6906,154044/7,11003.142857142857,5583188e2453248ec704377a55b3c7f83251970ebffa6fc6170e5eb3bb12a6b7
confirmation,120,er_gnm,3,n0120-r0003-er_gnm,nch,source,0,1440,21177/7,17896/7,137905/7,127370/7,1132983/7,58994.53977742875,5583188e2453248ec704377a55b3c7f83251970ebffa6fc6170e5eb3bb12a6b7
confirmation,120,er_gnm,3,n0120-r0003-er_gnm,nch,binary_panel,0,10014/7,20978/7,29695/7,59390/7,39709/7,118780/7,8484.285714285714,5583188e2453248ec704377a55b3c7f83251970ebffa6fc6170e5eb3bb12a6b7
confirmation,120,sbm_fixed_count,3,n0120-r0003-sbm_fixed_count,demand-aware,source,0,1440,21177/7,22903/7,110570/7,97073/7,542212/7,36094.664726402414,598e27a51f6e2c15a38528e03ed5162fadf21116243f10c44ef8a4307c1a8411
confirmation,120,sbm_fixed_count,3,n0120-r0003-sbm_fixed_count,demand-aware,binary_panel,0,9557/7,19701/7,39817/7,79634/7,49374/7,159268/7,11376.285714285714,598e27a51f6e2c15a38528e03ed5162fadf21116243f10c44ef8a4307c1a8411
confirmation,120,sbm_fixed_count,3,n0120-r0003-sbm_fixed_count,fhs3,source,0,1428,20919/7,3833,78908/7,61952/7,233554/7,17601.698554231272,598e27a51f6e2c15a38528e03ed5162fadf21116243f10c44ef8a4307c1a8411
confirmation,120,sbm_fixed_count,3,n0120-r0003-sbm_fixed_count,fhs3,binary_panel,0,9565/7,19728/7,34470/7,68940/7,44035/7,137880/7,9848.57142857143,598e27a51f6e2c15a38528e03ed5162fadf21116243f10c44ef8a4307c1a8411
confirmation,120,sbm_fixed_count,3,n0120-r0003-sbm_fixed_count,fhs5,source,0,1440,21177/7,22903/7,110570/7,97073/7,542212/7,36094.664726402414,598e27a51f6e2c15a38528e03ed5162fadf21116243f10c44ef8a4307c1a8411
confirmation,120,sbm_fixed_count,3,n0120-r0003-sbm_fixed_count,fhs5,binary_panel,0,9557/7,19701/7,39817/7,79634/7,49374/7,159268/7,11376.285714285714,598e27a51f6e2c15a38528e03ed5162fadf21116243f10c44ef8a4307c1a8411
confirmation,120,sbm_fixed_count,3,n0120-r0003-sbm_fixed_count,nch,source,0,1440,21177/7,17839/7,19432,125638/7,1098534/7,57790.55374486668,598e27a51f6e2c15a38528e03ed5162fadf21116243f10c44ef8a4307c1a8411
confirmation,120,sbm_fixed_count,3,n0120-r0003-sbm_fixed_count,nch,binary_panel,0,9788/7,20311/7,29175/7,58350/7,38963/7,116700/7,8335.714285714286,598e27a51f6e2c15a38528e03ed5162fadf21116243f10c44ef8a4307c1a8411
confirmation,120,barabasi_albert,4,n0120-r0004-barabasi_albert,demand-aware,source,0,1440,21179/7,21920/7,106147/7,94098/7,521449/7,34700.96493828132,ea4f5688edd4e7ea1d0dda6ebaca826c8f2035fc3708efe2feb6cb9d985d2494
confirmation,120,barabasi_albert,4,n0120-r0004-barabasi_albert,demand-aware,binary_panel,0,9806/7,20283/7,34422/7,68844/7,44228/7,137688/7,9834.857142857143,ea4f5688edd4e7ea1d0dda6ebaca826c8f2035fc3708efe2feb6cb9d985d2494
confirmation,120,barabasi_albert,4,n0120-r0004-barabasi_albert,fhs3,source,0,10075/7,21167/7,24978/7,73582/7,8374,218042/7,16434.710303730586,ea4f5688edd4e7ea1d0dda6ebaca826c8f2035fc3708efe2feb6cb9d985d2494
confirmation,120,barabasi_albert,4,n0120-r0004-barabasi_albert,fhs3,binary_panel,0,19797/14,41147/14,31046/7,62092/7,81889/14,124184/7,8870.285714285714,ea4f5688edd4e7ea1d0dda6ebaca826c8f2035fc3708efe2feb6cb9d985d2494
confirmation,120,barabasi_albert,4,n0120-r0004-barabasi_albert,fhs5,source,0,1440,21179/7,21920/7,106147/7,94098/7,521449/7,34700.96493828132,ea4f5688edd4e7ea1d0dda6ebaca826c8f2035fc3708efe2feb6cb9d985d2494
confirmation,120,barabasi_albert,4,n0120-r0004-barabasi_albert,fhs5,binary_panel,0,9806/7,20283/7,34422/7,68844/7,44228/7,137688/7,9834.857142857143,ea4f5688edd4e7ea1d0dda6ebaca826c8f2035fc3708efe2feb6cb9d985d2494
confirmation,120,barabasi_albert,4,n0120-r0004-barabasi_albert,nch,source,0,1440,21179/7,16211/7,220263/7,207142/7,4446447/7,127485.22371919,ea4f5688edd4e7ea1d0dda6ebaca826c8f2035fc3708efe2feb6cb9d985d2494
confirmation,120,barabasi_albert,4,n0120-r0004-barabasi_albert,nch,binary_panel,0,9939/7,2958,28923/7,57846/7,38862/7,115692/7,8263.714285714286,ea4f5688edd4e7ea1d0dda6ebaca826c8f2035fc3708efe2feb6cb9d985d2494
confirmation,120,er_gnm,4,n0120-r0004-er_gnm,demand-aware,source,0,1440,21179/7,22096/7,106962/7,13495,75068,34966.51839312944,68aa0c955b67b1e8c1cd4bc52db73983a4a8049025ecd02a61149064bc2260ae
confirmation,120,er_gnm,4,n0120-r0004-er_gnm,demand-aware,binary_panel,0,9950/7,20788/7,37984/7,75968/7,47934/7,151936/7,10852.57142857143,68aa0c955b67b1e8c1cd4bc52db73983a4a8049025ecd02a61149064bc2260ae
confirmation,120,er_gnm,4,n0120-r0004-er_gnm,fhs3,source,0,10075/7,21166/7,25481/7,75133/7,59690/7,222779/7,16792.912259256173,68aa0c955b67b1e8c1cd4bc52db73983a4a8049025ecd02a61149064bc2260ae
confirmation,120,er_gnm,4,n0120-r0004-er_gnm,fhs3,binary_panel,0,10014/7,41899/14,67171/14,67171/7,12457/2,134342/7,9595.857142857143,68aa0c955b67b1e8c1cd4bc52db73983a4a8049025ecd02a61149064bc2260ae
confirmation,120,er_gnm,4,n0120-r0004-er_gnm,fhs5,source,0,1440,21179/7,22096/7,106962/7,13495,75068,34966.51839312944,68aa0c955b67b1e8c1cd4bc52db73983a4a8049025ecd02a61149064bc2260ae
confirmation,120,er_gnm,4,n0120-r0004-er_gnm,fhs5,binary_panel,0,9950/7,20788/7,37984/7,75968/7,47934/7,151936/7,10852.57142857143,68aa0c955b67b1e8c1cd4bc52db73983a4a8049025ecd02a61149064bc2260ae
confirmation,120,er_gnm,4,n0120-r0004-er_gnm,nch,source,0,1440,21179/7,17663/7,139270/7,129104/7,1187600/7,60475.32999752806,68aa0c955b67b1e8c1cd4bc52db73983a4a8049025ecd02a61149064bc2260ae
confirmation,120,er_gnm,4,n0120-r0004-er_gnm,nch,binary_panel,0,10042/7,21062/7,58005/14,58005/7,78089/14,116010/7,8286.42857142857,68aa0c955b67b1e8c1cd4bc52db73983a4a8049025ecd02a61149064bc2260ae
confirmation,120,sbm_fixed_count,4,n0120-r0004-sbm_fixed_count,demand-aware,source,0,1440,21179/7,22861/7,15889,97639/7,548403/7,36457.567164399945,a983a6cc080ce967cc752bc6d1b7733b11f856989a295d0bec68f87c7117c141
confirmation,120,sbm_fixed_count,4,n0120-r0004-sbm_fixed_count,demand-aware,binary_panel,0,9474/7,19583/7,41179/7,82358/7,50653/7,164716/7,11765.42857142857,a983a6cc080ce967cc752bc6d1b7733b11f856989a295d0bec68f87c7117c141
confirmation,120,sbm_fixed_count,4,n0120-r0004-sbm_fixed_count,fhs3,source,0,9943/7,20813/7,27619/7,81379/7,9069,241181/7,18179.073456293605,a983a6cc080ce967cc752bc6d1b7733b11f856989a295d0bec68f87c7117c141
confirmation,120,sbm_fixed_count,4,n0120-r0004-sbm_fixed_count,fhs3,binary_panel,0,19343/14,40345/14,34599/7,69198/7,88541/14,138396/7,9885.42857142857,a983a6cc080ce967cc752bc6d1b7733b11f856989a295d0bec68f87c7117c141
confirmation,120,sbm_fixed_count,4,n0120-r0004-sbm_fixed_count,fhs5,source,0,1440,21179/7,22861/7,15889,97639/7,548403/7,36457.567164399945,a983a6cc080ce967cc752bc6d1b7733b11f856989a295d0bec68f87c7117c141
confirmation,120,sbm_fixed_count,4,n0120-r0004-sbm_fixed_count,fhs5,binary_panel,0,9474/7,19583/7,41179/7,82358/7,50653/7,164716/7,11765.42857142857,a983a6cc080ce967cc752bc6d1b7733b11f856989a295d0bec68f87c7117c141
confirmation,120,sbm_fixed_count,4,n0120-r0004-sbm_fixed_count,nch,source,0,1440,21179/7,17851/7,134859/7,124378/7,1085141/7,57110.06189564913,a983a6cc080ce967cc752bc6d1b7733b11f856989a295d0bec68f87c7117c141
confirmation,120,sbm_fixed_count,4,n0120-r0004-sbm_fixed_count,nch,binary_panel,0,9733/7,20281/7,4212,8424,39217/7,16848,8424.0,a983a6cc080ce967cc752bc6d1b7733b11f856989a295d0bec68f87c7117c141
confirmation,120,barabasi_albert,5,n0120-r0005-barabasi_albert,demand-aware,source,0,1440,21158/7,21946/7,107207/7,94965/7,529129/7,35186.94881689747,1fb6a11e878e4061c5f3ef89376d5527233010d34a058bdf271dbdaddfc30219
confirmation,120,barabasi_albert,5,n0120-r0005-barabasi_albert,demand-aware,binary_panel,0,9658/7,19900/7,5152,10304,45722/7,20608,10304.0,1fb6a11e878e4061c5f3ef89376d5527233010d34a058bdf271dbdaddfc30219
confirmation,120,barabasi_albert,5,n0120-r0005-barabasi_albert,fhs3,source,0,10070/7,21122/7,3600,74468/7,59243/7,221140/7,16672.090343152908,1fb6a11e878e4061c5f3ef89376d5527233010d34a058bdf271dbdaddfc30219
confirmation,120,barabasi_albert,5,n0120-r0005-barabasi_albert,fhs3,binary_panel,0,9805/7,40637/14,63447/14,63447/7,83057/14,126894/7,9063.857142857143,1fb6a11e878e4061c5f3ef89376d5527233010d34a058bdf271dbdaddfc30219
confirmation,120,barabasi_albert,5,n0120-r0005-barabasi_albert,fhs5,source,0,1440,21158/7,21946/7,107207/7,94965/7,529129/7,35186.94881689747,1fb6a11e878e4061c5f3ef89376d5527233010d34a058bdf271dbdaddfc30219
confirmation,120,barabasi_albert,5,n0120-r0005-barabasi_albert,fhs5,binary_panel,0,9658/7,19900/7,5152,10304,45722/7,20608,10304.0,1fb6a11e878e4061c5f3ef89376d5527233010d34a058bdf271dbdaddfc30219
confirmation,120,barabasi_albert,5,n0120-r0005-barabasi_albert,nch,source,0,1440,21158/7,16497/7,207710/7,194515/7,3640414/7,115614.6209007818,1fb6a11e878e4061c5f3ef89376d5527233010d34a058bdf271dbdaddfc30219
confirmation,120,barabasi_albert,5,n0120-r0005-barabasi_albert,nch,binary_panel,0,19791/14,20528/7,28880/7,57760/7,77551/14,115520/7,8251.42857142857,1fb6a11e878e4061c5f3ef89376d5527233010d34a058bdf271dbdaddfc30219
confirmation,120,er_gnm,5,n0120-r0005-er_gnm,demand-aware,source,0,1440,21158/7,22161/7,107384/7,94652/7,527712/7,35116.85522201778,4ad1ce5120466b897e4b032179bebe151737ec402769ba6ba344af569c6d4084
confirmation,120,er_gnm,5,n0120-r0005-er_gnm,demand-aware,binary_panel,0,9974/7,20855/7,38335/7,76670/7,48309/7,153340/7,10952.857142857143,4ad1ce5120466b897e4b032179bebe151737ec402769ba6ba344af569c6d4084
confirmation,120,er_gnm,5,n0120-r0005-er_gnm,fhs3,source,0,10068/7,21124/7,25638/7,75226/7,59618/7,222302/7,16750.793668116436,4ad1ce5120466b897e4b032179bebe151737ec402769ba6ba344af569c6d4084
confirmation,120,er_gnm,5,n0120-r0005-er_gnm,fhs3,binary_panel,0,10043/7,42103/14,68755/14,68755/7,88841/14,137510/7,9822.142857142857,4ad1ce5120466b897e4b032179bebe151737ec402769ba6ba344af569c6d4084
confirmation,120,er_gnm,5,n0120-r0005-er_gnm,fhs5,source,0,1440,21158/7,22174/7,107529/7,13542,75513,35174.843968522175,4ad1ce5120466b897e4b032179bebe151737ec402769ba6ba344af569c6d4084
confirmation,120,er_gnm,5,n0120-r0005-er_gnm,fhs5,binary_panel,0,9974/7,20855/7,38335/7,76670/7,48309/7,153340/7,10952.857142857143,4ad1ce5120466b897e4b032179bebe151737ec402769ba6ba344af569c6d4084
confirmation,120,er_gnm,5,n0120-r0005-er_gnm,nch,source,0,1440,21158/7,17904/7,19694,127478/7,164782,59197.21896923531,4ad1ce5120466b897e4b032179bebe151737ec402769ba6ba344af569c6d4084
confirmation,120,er_gnm,5,n0120-r0005-er_gnm,nch,binary_panel,0,1438,21129/7,30113/7,60226/7,40179/7,120452/7,8603.714285714286,4ad1ce5120466b897e4b032179bebe151737ec402769ba6ba344af569c6d4084
confirmation,120,sbm_fixed_count,5,n0120-r0005-sbm_fixed_count,demand-aware,source,0,1440,21158/7,23001/7,111801/7,98344/7,549533/7,36591.01766233453,a41c535b5ec4a5d25fd86c655a59d077722b25bfdf1d16c8d1b684f073823661
confirmation,120,sbm_fixed_count,5,n0120-r0005-sbm_fixed_count,demand-aware,binary_panel,0,9204/7,2712,5559,11118,48117/7,22236,11118.0,a41c535b5ec4a5d25fd86c655a59d077722b25bfdf1d16c8d1b684f073823661
confirmation,120,sbm_fixed_count,5,n0120-r0005-sbm_fixed_count,fhs3,source,0,9724/7,20332/7,26428/7,77664/7,60878/7,229752/7,17314.178450524476,a41c535b5ec4a5d25fd86c655a59d077722b25bfdf1d16c8d1b684f073823661
confirmation,120,sbm_fixed_count,5,n0120-r0005-sbm_fixed_count,fhs3,binary_panel,0,18691/14,5547/2,4931,9862,87725/14,19724,9862.0,a41c535b5ec4a5d25fd86c655a59d077722b25bfdf1d16c8d1b684f073823661
confirmation,120,sbm_fixed_count,5,n0120-r0005-sbm_fixed_count,fhs5,source,0,1440,21158/7,23001/7,111801/7,98344/7,549533/7,36591.01766233453,a41c535b5ec4a5d25fd86c655a59d077722b25bfdf1d16c8d1b684f073823661
confirmation,120,sbm_fixed_count,5,n0120-r0005-sbm_fixed_count,fhs5,binary_panel,0,9204/7,2712,5559,11118,48117/7,22236,11118.0,a41c535b5ec4a5d25fd86c655a59d077722b25bfdf1d16c8d1b684f073823661
confirmation,120,sbm_fixed_count,5,n0120-r0005-sbm_fixed_count,nch,source,0,1440,21158/7,2587,134979/7,17759,151427,56647.33045690343,a41c535b5ec4a5d25fd86c655a59d077722b25bfdf1d16c8d1b684f073823661
confirmation,120,sbm_fixed_count,5,n0120-r0005-sbm_fixed_count,nch,binary_panel,0,1367,19919/7,4132,8264,5499,16528,8264.0,a41c535b5ec4a5d25fd86c655a59d077722b25bfdf1d16c8d1b684f073823661
confirmation,120,barabasi_albert,6,n0120-r0006-barabasi_albert,demand-aware,source,0,1440,2991,22202/7,107728/7,13597,529896/7,35254.459442706124,77aba0a2ecd21930c52302fae0f2443fbaefee929fbe9172fb0f073ffcb88180
confirmation,120,barabasi_albert,6,n0120-r0006-barabasi_albert,demand-aware,binary_panel,0,19595/14,20025/7,73889/14,73889/7,46742/7,147778/7,10555.57142857143,77aba0a2ecd21930c52302fae0f2443fbaefee929fbe9172fb0f073ffcb88180
confirmation,120,barabasi_albert,6,n0120-r0006-barabasi_albert,fhs3,source,0,1440,2991,25111/7,73555/7,58490/7,217109/7,16357.39858399717,77aba0a2ecd21930c52302fae0f2443fbaefee929fbe9172fb0f073ffcb88180
confirmation,120,barabasi_albert,6,n0120-r0006-barabasi_albert,fhs3,binary_panel,0,1415,20360/7,32030/7,64060/7,41935/7,128120/7,9151.42857142857,77aba0a2ecd21930c52302fae0f2443fbaefee929fbe9172fb0f073ffcb88180
confirmation,120,barabasi_albert,6,n0120-r0006-barabasi_albert,fhs5,source,0,1440,2991,22202/7,107728/7,13597,529896/7,35254.459442706124,77aba0a2ecd21930c52302fae0f2443fbaefee929fbe9172fb0f073ffcb88180
confirmation,120,barabasi_albert,6,n0120-r0006-barabasi_albert,fhs5,binary_panel,0,19595/14,20025/7,73889/14,73889/7,46742/7,147778/7,10555.57142857143,77aba0a2ecd21930c52302fae0f2443fbaefee929fbe9172fb0f073ffcb88180
confirmation,120,barabasi_albert,6,n0120-r0006-barabasi_albert,nch,source,0,1440,2991,16414/7,221929/7,208619/7,4149511/7,127235.02461350303,77aba0a2ecd21930c52302fae0f2443fbaefee929fbe9172fb0f073ffcb88180
confirmation,120,barabasi_albert,6,n0120-r0006-barabasi_albert,nch,binary_panel,0,1420,20436/7,29143/7,58286/7,39083/7,116572/7,8326.57142857143,77aba0a2ecd21930c52302fae0f2443fbaefee929fbe9172fb0f073ffcb88180
confirmation,120,er_gnm,6,n0120-r0006-er_gnm,demand-aware,source,0,1440,2991,21974/7,106868/7,94578/7,525862/7,34994.82106610478,5f972c1e51c85879380cd3f14ce11f404bfd68ebd4d1aa603a6be462b8797a7a
confirmation,120,er_gnm,6,n0120-r0006-er_gnm,demand-aware,binary_panel,0,9883/7,20395/7,37944/7,75888/7,47827/7,151776/7,10841.142857142857,5f972c1e51c85879380cd3f14ce11f404bfd68ebd4d1aa603a6be462b8797a7a
confirmation,120,er_gnm,6,n0120-r0006-er_gnm,fhs3,source,0,10075/7,20915/7,25791/7,76365/7,60595/7,227079/7,17122.339566588176,5f972c1e51c85879380cd3f14ce11f404bfd68ebd4d1aa603a6be462b8797a7a
confirmation,120,er_gnm,6,n0120-r0006-er_gnm,fhs3,binary_panel,0,1423,20577/7,34136/7,68272/7,44097/7,136544/7,9753.142857142857,5f972c1e51c85879380cd3f14ce11f404bfd68ebd4d1aa603a6be462b8797a7a
confirmation,120,er_gnm,6,n0120-r0006-er_gnm,fhs5,source,0,1440,2991,21974/7,106868/7,94578/7,525862/7,34994.82106610478,5f972c1e51c85879380cd3f14ce11f404bfd68ebd4d1aa603a6be462b8797a7a
confirmation,120,er_gnm,6,n0120-r0006-er_gnm,fhs5,binary_panel,0,9883/7,20395/7,37944/7,75888/7,47827/7,151776/7,10841.142857142857,5f972c1e51c85879380cd3f14ce11f404bfd68ebd4d1aa603a6be462b8797a7a
confirmation,120,er_gnm,6,n0120-r0006-er_gnm,nch,source,0,1440,2991,17900/7,140337/7,129846/7,1182145/7,60655.995469740235,5f972c1e51c85879380cd3f14ce11f404bfd68ebd4d1aa603a6be462b8797a7a
confirmation,120,er_gnm,6,n0120-r0006-er_gnm,nch,binary_panel,0,10047/7,20840/7,29500/7,59000/7,39547/7,118000/7,8428.57142857143,5f972c1e51c85879380cd3f14ce11f404bfd68ebd4d1aa603a6be462b8797a7a
confirmation,120,sbm_fixed_count,6,n0120-r0006-sbm_fixed_count,demand-aware,source,0,10070/7,20921/7,23157/7,109752/7,95832/7,531546/7,35486.760497613424,c2a5cbad2c2768dc571cc23b4f2c653dc079c7b73de67e7c81647b901b749898
confirmation,120,sbm_fixed_count,6,n0120-r0006-sbm_fixed_count,demand-aware,binary_panel,0,19091/14,38881/14,82483/14,82483/7,50787/7,164966/7,11783.285714285714,c2a5cbad2c2768dc571cc23b4f2c653dc079c7b73de67e7c81647b901b749898
confirmation,120,sbm_fixed_count,6,n0120-r0006-sbm_fixed_count,fhs3,source,0,1427,20660/7,27313/7,80370/7,62964/7,33996,17935.40340795662,c2a5cbad2c2768dc571cc23b4f2c653dc079c7b73de67e7c81647b901b749898
confirmation,120,sbm_fixed_count,6,n0120-r0006-sbm_fixed_count,fhs3,binary_panel,0,19221/14,39385/14,71069/14,71069/7,45145/7,142138/7,10152.714285714286,c2a5cbad2c2768dc571cc23b4f2c653dc079c7b73de67e7c81647b901b749898
confirmation,120,sbm_fixed_count,6,n0120-r0006-sbm_fixed_count,fhs5,source,0,1439,20921/7,3318,110120/7,96125/7,533452/7,35612.327778884166,c2a5cbad2c2768dc571cc23b4f2c653dc079c7b73de67e7c81647b901b749898
confirmation,120,sbm_fixed_count,6,n0120-r0006-sbm_fixed_count,fhs5,binary_panel,0,19091/14,38881/14,82483/14,82483/7,50787/7,164966/7,11783.285714285714,c2a5cbad2c2768dc571cc23b4f2c653dc079c7b73de67e7c81647b901b749898
confirmation,120,sbm_fixed_count,6,n0120-r0006-sbm_fixed_count,nch,source,0,1440,2991,18273/7,138896/7,127697/7,1144146/7,59269.589100306424,c2a5cbad2c2768dc571cc23b4f2c653dc079c7b73de67e7c81647b901b749898
confirmation,120,sbm_fixed_count,6,n0120-r0006-sbm_fixed_count,nch,binary_panel,0,1402,40401/14,29643/7,59286/7,39457/7,118572/7,8469.42857142857,c2a5cbad2c2768dc571cc23b4f2c653dc079c7b73de67e7c81647b901b749898
confirmation,120,barabasi_albert,7,n0120-r0007-barabasi_albert,demand-aware,source,0,1440,21108/7,21807/7,15179,94265/7,523275/7,34820.15352563902,5a231bdba12f7035b690436c572974d69f4e082cabbbeaacc97364ce210e61c0
confirmation,120,barabasi_albert,7,n0120-r0007-barabasi_albert,demand-aware,binary_panel,0,19501/14,20085/7,69813/14,69813/7,44657/7,139626/7,9973.285714285714,5a231bdba12f7035b690436c572974d69f4e082cabbbeaacc97364ce210e61c0
confirmation,120,barabasi_albert,7,n0120-r0007-barabasi_albert,fhs3,source,0,1440,21108/7,3563,10437,58181/7,30807,16247.432519663244,5a231bdba12f7035b690436c572974d69f4e082cabbbeaacc97364ce210e61c0
confirmation,120,barabasi_albert,7,n0120-r0007-barabasi_albert,fhs3,binary_panel,0,9917/7,20613/7,4528,9056,41613/7,18112,9056.0,5a231bdba12f7035b690436c572974d69f4e082cabbbeaacc97364ce210e61c0
confirmation,120,barabasi_albert,7,n0120-r0007-barabasi_albert,fhs5,source,0,1440,21108/7,21807/7,15179,94265/7,523275/7,34820.15352563902,5a231bdba12f7035b690436c572974d69f4e082cabbbeaacc97364ce210e61c0
confirmation,120,barabasi_albert,7,n0120-r0007-barabasi_albert,fhs5,binary_panel,0,19501/14,20085/7,69813/14,69813/7,44657/7,139626/7,9973.285714285714,5a231bdba12f7035b690436c572974d69f4e082cabbbeaacc97364ce210e61c0
confirmation,120,barabasi_albert,7,n0120-r0007-barabasi_albert,nch,source,0,1440,21108/7,16410/7,190048/7,178592/7,3064934/7,102449.6300863926,5a231bdba12f7035b690436c572974d69f4e082cabbbeaacc97364ce210e61c0
confirmation,120,barabasi_albert,7,n0120-r0007-barabasi_albert,nch,binary_panel,0,9953/7,20704/7,28520/7,57040/7,38473/7,114080/7,8148.571428571428,5a231bdba12f7035b690436c572974d69f4e082cabbbeaacc97364ce210e61c0
confirmation,120,er_gnm,7,n0120-r0007-er_gnm,demand-aware,source,0,1440,21108/7,3126,105691/7,93601/7,517229/7,34473.38683858943,27dbd2e436ede93c21b1652b6c3c7b819fbd2422c1f250c24f41c23e6c28160f
confirmation,120,er_gnm,7,n0120-r0007-er_gnm,demand-aware,binary_panel,0,9979/7,20803/7,38093/7,76186/7,48072/7,152372/7,10883.714285714286,27dbd2e436ede93c21b1652b6c3c7b819fbd2422c1f250c24f41c23e6c28160f
confirmation,120,er_gnm,7,n0120-r0007-er_gnm,fhs3,source,0,10079/7,21107/7,3618,74747/7,59412/7,221779/7,16718.71633780411,27dbd2e436ede93c21b1652b6c3c7b819fbd2422c1f250c24f41c23e6c28160f
confirmation,120,er_gnm,7,n0120-r0007-er_gnm,fhs3,binary_panel,0,1434,20987/7,33958/7,67916/7,43996/7,135832/7,9702.285714285714,27dbd2e436ede93c21b1652b6c3c7b819fbd2422c1f250c24f41c23e6c28160f
confirmation,120,er_gnm,7,n0120-r0007-er_gnm,fhs5,source,0,1440,21108/7,3126,105691/7,93601/7,517229/7,34473.38683858943,27dbd2e436ede93c21b1652b6c3c7b819fbd2422c1f250c24f41c23e6c28160f
confirmation,120,er_gnm,7,n0120-r0007-er_gnm,fhs5,binary_panel,0,9979/7,20803/7,38093/7,76186/7,48072/7,152372/7,10883.714285714286,27dbd2e436ede93c21b1652b6c3c7b819fbd2422c1f250c24f41c23e6c28160f
confirmation,120,er_gnm,7,n0120-r0007-er_gnm,nch,source,0,1440,21108/7,2545,132749/7,17552,1064095/7,55990.388071197136,27dbd2e436ede93c21b1652b6c3c7b819fbd2422c1f250c24f41c23e6c28160f
confirmation,120,er_gnm,7,n0120-r0007-er_gnm,nch,binary_panel,0,10071/7,21088/7,29143/7,58286/7,5602,116572/7,8326.57142857143,27dbd2e436ede93c21b1652b6c3c7b819fbd2422c1f250c24f41c23e6c28160f
confirmation,120,sbm_fixed_count,7,n0120-r0007-sbm_fixed_count,demand-aware,source,0,10074/7,21094/7,22970/7,15789,97095/7,541199/7,36031.79626446792,af5a1636768d8e5c67a3acd58c578182c6a3eecaf1ce7cb37c35870db6624884
confirmation,120,sbm_fixed_count,7,n0120-r0007-sbm_fixed_count,demand-aware,binary_panel,0,9371/7,2762,39735/7,79470/7,49106/7,158940/7,11352.857142857143,af5a1636768d8e5c67a3acd58c578182c6a3eecaf1ce7cb37c35870db6624884
confirmation,120,sbm_fixed_count,7,n0120-r0007-sbm_fixed_count,fhs3,source,0,10013/7,20913/7,26802/7,78719/7,61879/7,232783/7,17541.85708811936,af5a1636768d8e5c67a3acd58c578182c6a3eecaf1ce7cb37c35870db6624884
confirmation,120,sbm_fixed_count,7,n0120-r0007-sbm_fixed_count,fhs3,binary_panel,0,9479/7,39197/14,34679/7,69358/7,44158/7,138716/7,9908.285714285714,af5a1636768d8e5c67a3acd58c578182c6a3eecaf1ce7cb37c35870db6624884
confirmation,120,sbm_fixed_count,7,n0120-r0007-sbm_fixed_count,fhs5,source,0,10074/7,21094/7,23004/7,110779/7,13897,542681/7,36128.49442550097,af5a1636768d8e5c67a3acd58c578182c6a3eecaf1ce7cb37c35870db6624884
confirmation,120,sbm_fixed_count,7,n0120-r0007-sbm_fixed_count,fhs5,binary_panel,0,9371/7,2762,39735/7,79470/7,49106/7,158940/7,11352.857142857143,af5a1636768d8e5c67a3acd58c578182c6a3eecaf1ce7cb37c35870db6624884
confirmation,120,sbm_fixed_count,7,n0120-r0007-sbm_fixed_count,nch,source,0,1440,21108/7,17918/7,132131/7,121977/7,1036591/7,55267.50044663872,af5a1636768d8e5c67a3acd58c578182c6a3eecaf1ce7cb37c35870db6624884
confirmation,120,sbm_fixed_count,7,n0120-r0007-sbm_fixed_count,nch,binary_panel,0,9808/7,40823/14,58473/14,58473/7,78089/14,116946/7,8353.285714285714,af5a1636768d8e5c67a3acd58c578182c6a3eecaf1ce7cb37c35870db6624884
confirmation,120,barabasi_albert,8,n0120-r0008-barabasi_albert,demand-aware,source,0,1440,2992,21911/7,15009,92930/7,512069/7,34154.631644954905,d924bc11b4b4e02a977deccebc17ea57dcbcc4316436bb535f9ac87fb40d84d3
confirmation,120,barabasi_albert,8,n0120-r0008-barabasi_albert,demand-aware,binary_panel,0,19389/14,19692/7,67775/14,67775/7,6226,135550/7,9682.142857142857,d924bc11b4b4e02a977deccebc17ea57dcbcc4316436bb535f9ac87fb40d84d3
confirmation,120,barabasi_albert,8,n0120-r0008-barabasi_albert,fhs3,source,0,10079/7,20938/7,25156/7,74664/7,59547/7,222384/7,16771.288636097826,d924bc11b4b4e02a977deccebc17ea57dcbcc4316436bb535f9ac87fb40d84d3
confirmation,120,barabasi_albert,8,n0120-r0008-barabasi_albert,fhs3,binary_panel,0,19641/14,2877,31232/7,62464/7,82105/14,124928/7,8923.42857142857,d924bc11b4b4e02a977deccebc17ea57dcbcc4316436bb535f9ac87fb40d84d3
confirmation,120,barabasi_albert,8,n0120-r0008-barabasi_albert,fhs5,source,0,1440,2992,21911/7,15009,92930/7,512069/7,34154.631644954905,d924bc11b4b4e02a977deccebc17ea57dcbcc4316436bb535f9ac87fb40d84d3
confirmation,120,barabasi_albert,8,n0120-r0008-barabasi_albert,fhs5,binary_panel,0,19389/14,19692/7,67775/14,67775/7,6226,135550/7,9682.142857142857,d924bc11b4b4e02a977deccebc17ea57dcbcc4316436bb535f9ac87fb40d84d3
confirmation,120,barabasi_albert,8,n0120-r0008-barabasi_albert,nch,source,0,10078/7,20932/7,16410/7,194958/7,26243,468416,106484.46337368489,d924bc11b4b4e02a977deccebc17ea57dcbcc4316436bb535f9ac87fb40d84d3
confirmation,120,barabasi_albert,8,n0120-r0008-barabasi_albert,nch,binary_panel,0,9945/7,20467/7,4116,8232,38757/7,16464,8232.0,d924bc11b4b4e02a977deccebc17ea57dcbcc4316436bb535f9ac87fb40d84d3
confirmation,120,er_gnm,8,n0120-r0008-er_gnm,demand-aware,source,0,10070/7,2988,21832/7,106157/7,93847/7,522839/7,34776.16354374881,dc4e9675209677f8a390e347f5b158aad7a8f67c6dc2a85e86646173d49f73dd
confirmation,120,er_gnm,8,n0120-r0008-er_gnm,demand-aware,binary_panel,0,9979/7,20645/7,38869/7,77738/7,48848/7,155476/7,11105.42857142857,dc4e9675209677f8a390e347f5b158aad7a8f67c6dc2a85e86646173d49f73dd
confirmation,120,er_gnm,8,n0120-r0008-er_gnm,fhs3,source,0,10072/7,20920/7,25321/7,10596,58847/7,218934/7,16494.928989415203,dc4e9675209677f8a390e347f5b158aad7a8f67c6dc2a85e86646173d49f73dd
confirmation,120,er_gnm,8,n0120-r0008-er_gnm,fhs3,binary_panel,0,1431,20751/7,4804,9608,6235,19216,9608.0,dc4e9675209677f8a390e347f5b158aad7a8f67c6dc2a85e86646173d49f73dd
confirmation,120,er_gnm,8,n0120-r0008-er_gnm,fhs5,source,0,10070/7,2988,21853/7,15174,93903/7,523002/7,34789.170621987534,dc4e9675209677f8a390e347f5b158aad7a8f67c6dc2a85e86646173d49f73dd
confirmation,120,er_gnm,8,n0120-r0008-er_gnm,fhs5,binary_panel,0,9979/7,20645/7,38869/7,77738/7,48848/7,155476/7,11105.42857142857,dc4e9675209677f8a390e347f5b158aad7a8f67c6dc2a85e86646173d49f73dd
confirmation,120,er_gnm,8,n0120-r0008-er_gnm,nch,source,0,1440,2992,17693/7,144048/7,19091,1279316/7,63591.76461133877,dc4e9675209677f8a390e347f5b158aad7a8f67c6dc2a85e86646173d49f73dd
confirmation,120,er_gnm,8,n0120-r0008-er_gnm,nch,binary_panel,0,10042/7,20829/7,4172,8344,39246/7,16688,8344.0,dc4e9675209677f8a390e347f5b158aad7a8f67c6dc2a85e86646173d49f73dd
confirmation,120,sbm_fixed_count,8,n0120-r0008-sbm_fixed_count,demand-aware,source,0,1440,2992,23089/7,110865/7,97124/7,541619/7,36088.909094606446,73c78b5339c0b208bb0d2154da6c5753d8ca36bb5f8eabb61460edf3a08f7646
confirmation,120,sbm_fixed_count,8,n0120-r0008-sbm_fixed_count,demand-aware,binary_panel,0,9328/7,19053/7,40494/7,80988/7,49822/7,161976/7,11569.714285714286,73c78b5339c0b208bb0d2154da6c5753d8ca36bb5f8eabb61460edf3a08f7646
confirmation,120,sbm_fixed_count,8,n0120-r0008-sbm_fixed_count,fhs3,source,0,10053/7,20844/7,27142/7,79545/7,62408/7,234873/7,17696.459027450197,73c78b5339c0b208bb0d2154da6c5753d8ca36bb5f8eabb61460edf3a08f7646
confirmation,120,sbm_fixed_count,8,n0120-r0008-sbm_fixed_count,fhs3,binary_panel,0,9423/7,38583/14,34879/7,69758/7,44302/7,139516/7,9965.42857142857,73c78b5339c0b208bb0d2154da6c5753d8ca36bb5f8eabb61460edf3a08f7646
confirmation,120,sbm_fixed_count,8,n0120-r0008-sbm_fixed_count,fhs5,source,0,1440,2992,23089/7,110865/7,97124/7,541619/7,36088.909094606446,73c78b5339c0b208bb0d2154da6c5753d8ca36bb5f8eabb61460edf3a08f7646
confirmation,120,sbm_fixed_count,8,n0120-r0008-sbm_fixed_count,fhs5,binary_panel,0,9328/7,19053/7,40494/7,80988/7,49822/7,161976/7,11569.714285714286,73c78b5339c0b208bb0d2154da6c5753d8ca36bb5f8eabb61460edf3a08f7646
confirmation,120,sbm_fixed_count,8,n0120-r0008-sbm_fixed_count,nch,source,0,1440,2992,17912/7,137182/7,126541/7,1125822/7,58584.5608856351,73c78b5339c0b208bb0d2154da6c5753d8ca36bb5f8eabb61460edf3a08f7646
confirmation,120,sbm_fixed_count,8,n0120-r0008-sbm_fixed_count,nch,binary_panel,0,9801/7,20149/7,29181/7,58362/7,38982/7,116724/7,8337.42857142857,73c78b5339c0b208bb0d2154da6c5753d8ca36bb5f8eabb61460edf3a08f7646
confirmation,120,barabasi_albert,9,n0120-r0009-barabasi_albert,demand-aware,source,0,10075/7,21130/7,21978/7,106212/7,93928/7,74382,34678.207904642935,a4d5ce1327319b7cd5b16774c8aa05d911261b29184fbc19bcbafe5067eac7ca
confirmation,120,barabasi_albert,9,n0120-r0009-barabasi_albert,demand-aware,binary_panel,0,9845/7,20484/7,34812/7,69624/7,44657/7,139248/7,9946.285714285714,a4d5ce1327319b7cd5b16774c8aa05d911261b29184fbc19bcbafe5067eac7ca
confirmation,120,barabasi_albert,9,n0120-r0009-barabasi_albert,fhs3,source,0,1440,3022,25218/7,74450/7,59231/7,220942/7,16655.98121099336,a4d5ce1327319b7cd5b16774c8aa05d911261b29184fbc19bcbafe5067eac7ca
confirmation,120,barabasi_albert,9,n0120-r0009-barabasi_albert,fhs3,binary_panel,0,9907/7,20613/7,31653/7,63306/7,41560/7,126612/7,9043.714285714286,a4d5ce1327319b7cd5b16774c8aa05d911261b29184fbc19bcbafe5067eac7ca
confirmation,120,barabasi_albert,9,n0120-r0009-barabasi_albert,fhs5,source,0,10075/7,21130/7,21978/7,106212/7,93928/7,74382,34678.207904642935,a4d5ce1327319b7cd5b16774c8aa05d911261b29184fbc19bcbafe5067eac7ca
confirmation,120,barabasi_albert,9,n0120-r0009-barabasi_albert,fhs5,binary_panel,0,9845/7,20484/7,34812/7,69624/7,44657/7,139248/7,9946.285714285714,a4d5ce1327319b7cd5b16774c8aa05d911261b29184fbc19bcbafe5067eac7ca
confirmation,120,barabasi_albert,9,n0120-r0009-barabasi_albert,nch,source,0,1440,3022,2374,201371/7,188364/7,3171825/7,109382.8391765574,a4d5ce1327319b7cd5b16774c8aa05d911261b29184fbc19bcbafe5067eac7ca
confirmation,120,barabasi_albert,9,n0120-r0009-barabasi_albert,nch,binary_panel,0,9979/7,20823/7,28815/7,57630/7,5542,115260/7,8232.857142857143,a4d5ce1327319b7cd5b16774c8aa05d911261b29184fbc19bcbafe5067eac7ca
confirmation,120,er_gnm,9,n0120-r0009-er_gnm,demand-aware,source,0,1440,3022,21858/7,105477/7,93375/7,515735/7,34385.83547068601,16bdbcf99966638aa72a2f772476182b8b90637058c7e8d3133a75537034e2f8
confirmation,120,er_gnm,9,n0120-r0009-er_gnm,demand-aware,binary_panel,0,9972/7,20877/7,37776/7,75552/7,47748/7,151104/7,10793.142857142857,16bdbcf99966638aa72a2f772476182b8b90637058c7e8d3133a75537034e2f8
confirmation,120,er_gnm,9,n0120-r0009-er_gnm,fhs3,source,0,1440,3022,25324/7,74547/7,59229/7,220791/7,16641.008059172105,16bdbcf99966638aa72a2f772476182b8b90637058c7e8d3133a75537034e2f8
confirmation,120,er_gnm,9,n0120-r0009-er_gnm,fhs3,binary_panel,0,1433,21010/7,4764,9528,6197,19056,9528.0,16bdbcf99966638aa72a2f772476182b8b90637058c7e8d3133a75537034e2f8
confirmation,120,er_gnm,9,n0120-r0009-er_gnm,fhs5,source,0,1440,3022,21858/7,105477/7,93375/7,515735/7,34385.83547068601,16bdbcf99966638aa72a2f772476182b8b90637058c7e8d3133a75537034e2f8
confirmation,120,er_gnm,9,n0120-r0009-er_gnm,fhs5,binary_panel,0,9972/7,20877/7,37776/7,75552/7,47748/7,151104/7,10793.142857142857,16bdbcf99966638aa72a2f772476182b8b90637058c7e8d3133a75537034e2f8
confirmation,120,er_gnm,9,n0120-r0009-er_gnm,nch,source,0,1440,3022,17641/7,144614/7,134389/7,1265228/7,63728.016845982114,16bdbcf99966638aa72a2f772476182b8b90637058c7e8d3133a75537034e2f8
confirmation,120,er_gnm,9,n0120-r0009-er_gnm,nch,binary_panel,0,10053/7,3012,4182,8364,39327/7,16728,8364.0,16bdbcf99966638aa72a2f772476182b8b90637058c7e8d3133a75537034e2f8
confirmation,120,sbm_fixed_count,9,n0120-r0009-sbm_fixed_count,demand-aware,source,0,1440,3022,23169/7,112486/7,98545/7,552298/7,36787.15345090803,3ded6376baa6b011d9f660b7a722ec9ee4b85a844a32099cf310f85504bb2372
confirmation,120,sbm_fixed_count,9,n0120-r0009-sbm_fixed_count,demand-aware,binary_panel,0,9290/7,19206/7,39945/7,79890/7,49235/7,159780/7,11412.857142857143,3ded6376baa6b011d9f660b7a722ec9ee4b85a844a32099cf310f85504bb2372
confirmation,120,sbm_fixed_count,9,n0120-r0009-sbm_fixed_count,fhs3,source,0,9904/7,20700/7,3840,11234,61550/7,33130,17470.870182688966,3ded6376baa6b011d9f660b7a722ec9ee4b85a844a32099cf310f85504bb2372
confirmation,120,sbm_fixed_count,9,n0120-r0009-sbm_fixed_count,fhs3,binary_panel,0,18905/14,19629/7,69031/14,69031/7,43968/7,138062/7,9861.57142857143,3ded6376baa6b011d9f660b7a722ec9ee4b85a844a32099cf310f85504bb2372
confirmation,120,sbm_fixed_count,9,n0120-r0009-sbm_fixed_count,fhs5,source,0,1440,3022,23169/7,112486/7,98545/7,552298/7,36787.15345090803,3ded6376baa6b011d9f660b7a722ec9ee4b85a844a32099cf310f85504bb2372
confirmation,120,sbm_fixed_count,9,n0120-r0009-sbm_fixed_count,fhs5,binary_panel,0,9290/7,19206/7,39945/7,79890/7,49235/7,159780/7,11412.857142857143,3ded6376baa6b011d9f660b7a722ec9ee4b85a844a32099cf310f85504bb2372
confirmation,120,sbm_fixed_count,9,n0120-r0009-sbm_fixed_count,nch,source,0,1440,3022,2554,143414/7,132451/7,1232200/7,62602.14097746245,3ded6376baa6b011d9f660b7a722ec9ee4b85a844a32099cf310f85504bb2372
confirmation,120,sbm_fixed_count,9,n0120-r0009-sbm_fixed_count,nch,binary_panel,0,19431/14,20275/7,28738/7,57476/7,76907/14,114952/7,8210.857142857143,3ded6376baa6b011d9f660b7a722ec9ee4b85a844a32099cf310f85504bb2372
confirmation,120,barabasi_albert,10,n0120-r0010-barabasi_albert,demand-aware,source,0,1440,3032,21906/7,106490/7,94275/7,74888,34874.319678924185,3755cababfd31576a637709fcb9896a8907b065ab5f828542bd4033a3200a36c
confirmation,120,barabasi_albert,10,n0120-r0010-barabasi_albert,demand-aware,binary_panel,0,9713/7,20108/7,34385/7,68770/7,44098/7,137540/7,9824.285714285714,3755cababfd31576a637709fcb9896a8907b065ab5f828542bd4033a3200a36c
confirmation,120,barabasi_albert,10,n0120-r0010-barabasi_albert,fhs3,source,0,1440,3032,24841/7,10470,58414/7,217404/7,16388.48345015359,3755cababfd31576a637709fcb9896a8907b065ab5f828542bd4033a3200a36c
confirmation,120,barabasi_albert,10,n0120-r0010-barabasi_albert,fhs3,binary_panel,0,19647/14,40793/14,30612/7,61224/7,11553/2,122448/7,8746.285714285714,3755cababfd31576a637709fcb9896a8907b065ab5f828542bd4033a3200a36c
confirmation,120,barabasi_albert,10,n0120-r0010-barabasi_albert,fhs5,source,0,1440,3032,21906/7,106490/7,94275/7,74888,34874.319678924185,3755cababfd31576a637709fcb9896a8907b065ab5f828542bd4033a3200a36c
confirmation,120,barabasi_albert,10,n0120-r0010-barabasi_albert,fhs5,binary_panel,0,9713/7,20108/7,34385/7,68770/7,44098/7,137540/7,9824.285714285714,3755cababfd31576a637709fcb9896a8907b065ab5f828542bd4033a3200a36c
confirmation,120,barabasi_albert,10,n0120-r0010-barabasi_albert,nch,source,0,10078/7,21212/7,16181/7,213186/7,28575,3878100/7,121171.59682252469,3755cababfd31576a637709fcb9896a8907b065ab5f828542bd4033a3200a36c
confirmation,120,barabasi_albert,10,n0120-r0010-barabasi_albert,nch,binary_panel,0,9883/7,2934,28351/7,56702/7,5462,113404/7,8100.285714285715,3755cababfd31576a637709fcb9896a8907b065ab5f828542bd4033a3200a36c
confirmation,120,er_gnm,10,n0120-r0010-er_gnm,demand-aware,source,0,10069/7,21191/7,3162,15177,93467/7,518709/7,34573.44869295954,8d7b8392b5d852086ea3d213a5c538d1f10d602a3e6beab48d54cefbd643e2b0
confirmation,120,er_gnm,10,n0120-r0010-er_gnm,demand-aware,binary_panel,0,9990/7,20996/7,5592,11184,49134/7,22368,11184.0,8d7b8392b5d852086ea3d213a5c538d1f10d602a3e6beab48d54cefbd643e2b0
confirmation,120,er_gnm,10,n0120-r0010-er_gnm,fhs3,source,0,1438,21188/7,25286/7,74407/7,59118/7,220319/7,16604.96337343804,8d7b8392b5d852086ea3d213a5c538d1f10d602a3e6beab48d54cefbd643e2b0
confirmation,120,er_gnm,10,n0120-r0010-er_gnm,fhs3,binary_panel,0,10032/7,21080/7,33900/7,67800/7,6276,135600/7,9685.714285714286,8d7b8392b5d852086ea3d213a5c538d1f10d602a3e6beab48d54cefbd643e2b0
confirmation,120,er_gnm,10,n0120-r0010-er_gnm,fhs5,source,0,10069/7,21191/7,22177/7,106476/7,93659/7,519888/7,34653.32091761322,8d7b8392b5d852086ea3d213a5c538d1f10d602a3e6beab48d54cefbd643e2b0
confirmation,120,er_gnm,10,n0120-r0010-er_gnm,fhs5,binary_panel,0,9990/7,20996/7,5592,11184,49134/7,22368,11184.0,8d7b8392b5d852086ea3d213a5c538d1f10d602a3e6beab48d54cefbd643e2b0
confirmation,120,er_gnm,10,n0120-r0010-er_gnm,nch,source,0,1440,3032,17568/7,135524/7,125553/7,1117376/7,58012.81015374936,8d7b8392b5d852086ea3d213a5c538d1f10d602a3e6beab48d54cefbd643e2b0
confirmation,120,er_gnm,10,n0120-r0010-er_gnm,nch,binary_panel,0,20123/14,42353/14,58285/14,58285/7,39204/7,116570/7,8326.42857142857,8d7b8392b5d852086ea3d213a5c538d1f10d602a3e6beab48d54cefbd643e2b0
confirmation,120,sbm_fixed_count,10,n0120-r0010-sbm_fixed_count,demand-aware,source,0,1440,3032,22964/7,111635/7,98076/7,550005/7,36572.44965408603,0059fd4a6e552812720b776d8f9e488a3f40975721e0adf8dab1d9739b8eede5
confirmation,120,sbm_fixed_count,10,n0120-r0010-sbm_fixed_count,demand-aware,binary_panel,0,9431/7,19500/7,40498/7,80996/7,49929/7,161992/7,11570.857142857143,0059fd4a6e552812720b776d8f9e488a3f40975721e0adf8dab1d9739b8eede5
confirmation,120,sbm_fixed_count,10,n0120-r0010-sbm_fixed_count,fhs3,source,0,9943/7,20833/7,26861/7,79397/7,8913,235819/7,17779.10523114958,0059fd4a6e552812720b776d8f9e488a3f40975721e0adf8dab1d9739b8eede5
confirmation,120,sbm_fixed_count,10,n0120-r0010-sbm_fixed_count,fhs3,binary_panel,0,9435/7,2795,69683/14,69683/7,88553/14,139366/7,9954.714285714286,0059fd4a6e552812720b776d8f9e488a3f40975721e0adf8dab1d9739b8eede5
confirmation,120,sbm_fixed_count,10,n0120-r0010-sbm_fixed_count,fhs5,source,0,1440,3032,22964/7,111635/7,98076/7,550005/7,36572.44965408603,0059fd4a6e552812720b776d8f9e488a3f40975721e0adf8dab1d9739b8eede5
confirmation,120,sbm_fixed_count,10,n0120-r0010-sbm_fixed_count,fhs5,binary_panel,0,9431/7,19500/7,40498/7,80996/7,49929/7,161992/7,11570.857142857143,0059fd4a6e552812720b776d8f9e488a3f40975721e0adf8dab1d9739b8eede5
confirmation,120,sbm_fixed_count,10,n0120-r0010-sbm_fixed_count,nch,source,0,1440,3032,17972/7,137617/7,126944/7,1119271/7,58615.54433175682,0059fd4a6e552812720b776d8f9e488a3f40975721e0adf8dab1d9739b8eede5
confirmation,120,sbm_fixed_count,10,n0120-r0010-sbm_fixed_count,nch,binary_panel,0,9559/7,19847/7,28936/7,57872/7,38495/7,115744/7,8267.42857142857,0059fd4a6e552812720b776d8f9e488a3f40975721e0adf8dab1d9739b8eede5
confirmation,120,barabasi_albert,11,n0120-r0011-barabasi_albert,demand-aware,source,0,1440,21321/7,21824/7,105482/7,93363/7,517694/7,34457.29413629674,cee380ebe27435f057762ab1554fa4b66f2517da81294e40c78b378e372e8da2
confirmation,120,barabasi_albert,11,n0120-r0011-barabasi_albert,demand-aware,binary_panel,0,19725/14,20570/7,36423/7,72846/7,92571/14,145692/7,10406.57142857143,cee380ebe27435f057762ab1554fa4b66f2517da81294e40c78b378e372e8da2
confirmation,120,barabasi_albert,11,n0120-r0011-barabasi_albert,fhs3,source,0,1440,21321/7,25036/7,73676/7,58658/7,218164/7,16442.62351443807,cee380ebe27435f057762ab1554fa4b66f2517da81294e40c78b378e372e8da2
confirmation,120,barabasi_albert,11,n0120-r0011-barabasi_albert,fhs3,binary_panel,0,19853/14,20785/7,32017/7,64034/7,83887/14,128068/7,9147.714285714286,cee380ebe27435f057762ab1554fa4b66f2517da81294e40c78b378e372e8da2
confirmation,120,barabasi_albert,11,n0120-r0011-barabasi_albert,fhs5,source,0,1440,21321/7,3119,105501/7,93370/7,517715/7,34459.70245253932,cee380ebe27435f057762ab1554fa4b66f2517da81294e40c78b378e372e8da2
confirmation,120,barabasi_albert,11,n0120-r0011-barabasi_albert,fhs5,binary_panel,0,19725/14,20570/7,36423/7,72846/7,92571/14,145692/7,10406.57142857143,cee380ebe27435f057762ab1554fa4b66f2517da81294e40c78b378e372e8da2
confirmation,120,barabasi_albert,11,n0120-r0011-barabasi_albert,nch,source,0,1440,21321/7,16577/7,201242/7,188379/7,3064470/7,108726.00321228142,cee380ebe27435f057762ab1554fa4b66f2517da81294e40c78b378e372e8da2
confirmation,120,barabasi_albert,11,n0120-r0011-barabasi_albert,nch,binary_panel,0,9971/7,20971/7,28989/7,57978/7,38960/7,115956/7,8282.57142857143,cee380ebe27435f057762ab1554fa4b66f2517da81294e40c78b378e372e8da2
confirmation,120,er_gnm,11,n0120-r0011-er_gnm,demand-aware,source,0,1440,21321/7,22142/7,106940/7,94365/7,524928/7,34929.03355241637,4cee99d108683851a7e326c63c010ee672ad99161bc85760d174b3f0664187d8
confirmation,120,er_gnm,11,n0120-r0011-er_gnm,demand-aware,binary_panel,0,9973/7,20962/7,38460/7,76920/7,6919,153840/7,10988.57142857143,4cee99d108683851a7e326c63c010ee672ad99161bc85760d174b3f0664187d8
confirmation,120,er_gnm,11,n0120-r0011-er_gnm,fhs3,source,0,1438,21271/7,25720/7,75321/7,59618/7,31755,16747.06691988083,4cee99d108683851a7e326c63c010ee672ad99161bc85760d174b3f0664187d8
confirmation,120,er_gnm,11,n0120-r0011-er_gnm,fhs3,binary_panel,0,20057/14,21127/7,68643/14,68643/7,44350/7,137286/7,9806.142857142857,4cee99d108683851a7e326c63c010ee672ad99161bc85760d174b3f0664187d8
confirmation,120,er_gnm,11,n0120-r0011-er_gnm,fhs5,source,0,1440,21321/7,22135/7,106978/7,94461/7,525312/7,34952.300129020725,4cee99d108683851a7e326c63c010ee672ad99161bc85760d174b3f0664187d8
confirmation,120,er_gnm,11,n0120-r0011-er_gnm,fhs5,binary_panel,0,9973/7,20962/7,38460/7,76920/7,6919,153840/7,10988.57142857143,4cee99d108683851a7e326c63c010ee672ad99161bc85760d174b3f0664187d8
confirmation,120,er_gnm,11,n0120-r0011-er_gnm,nch,source,0,1440,21321/7,17993/7,138623/7,18289,1168287/7,59686.48633726897,4cee99d108683851a7e326c63c010ee672ad99161bc85760d174b3f0664187d8
confirmation,120,er_gnm,11,n0120-r0011-er_gnm,nch,binary_panel,0,10043/7,21172/7,29636/7,59272/7,39679/7,118544/7,8467.42857142857,4cee99d108683851a7e326c63c010ee672ad99161bc85760d174b3f0664187d8
confirmation,120,sbm_fixed_count,11,n0120-r0011-sbm_fixed_count,demand-aware,source,0,1440,21321/7,23351/7,112983/7,98921/7,555035/7,36931.28544264454,715227cab5d87cb2cdaedc21abf7585a20ceece48dafe1f7af02955910cacfe5
confirmation,120,sbm_fixed_count,11,n0120-r0011-sbm_fixed_count,demand-aware,binary_panel,0,9529/7,19783/7,40832/7,81664/7,50361/7,163328/7,11666.285714285714,715227cab5d87cb2cdaedc21abf7585a20ceece48dafe1f7af02955910cacfe5
confirmation,120,sbm_fixed_count,11,n0120-r0011-sbm_fixed_count,fhs3,source,0,9957/7,20981/7,27102/7,79972/7,62736/7,237248/7,17884.56302224975,715227cab5d87cb2cdaedc21abf7585a20ceece48dafe1f7af02955910cacfe5
confirmation,120,sbm_fixed_count,11,n0120-r0011-sbm_fixed_count,fhs3,binary_panel,0,9518/7,19819/7,35451/7,70902/7,44969/7,141804/7,10128.857142857143,715227cab5d87cb2cdaedc21abf7585a20ceece48dafe1f7af02955910cacfe5
confirmation,120,sbm_fixed_count,11,n0120-r0011-sbm_fixed_count,fhs5,source,0,1440,21321/7,23351/7,112983/7,98921/7,555035/7,36931.28544264454,715227cab5d87cb2cdaedc21abf7585a20ceece48dafe1f7af02955910cacfe5
confirmation,120,sbm_fixed_count,11,n0120-r0011-sbm_fixed_count,fhs5,binary_panel,0,9529/7,19783/7,40832/7,81664/7,50361/7,163328/7,11666.285714285714,715227cab5d87cb2cdaedc21abf7585a20ceece48dafe1f7af02955910cacfe5
confirmation,120,sbm_fixed_count,11,n0120-r0011-sbm_fixed_count,nch,source,0,1440,21321/7,17979/7,139504/7,128455/7,164788,59836.25972042534,715227cab5d87cb2cdaedc21abf7585a20ceece48dafe1f7af02955910cacfe5
confirmation,120,sbm_fixed_count,11,n0120-r0011-sbm_fixed_count,nch,binary_panel,0,9862/7,20680/7,57597/14,57597/7,77321/14,115194/7,8228.142857142857,715227cab5d87cb2cdaedc21abf7585a20ceece48dafe1f7af02955910cacfe5
confirmation,120,barabasi_albert,12,n0120-r0012-barabasi_albert,demand-aware,source,0,1440,3005,21652/7,105186/7,93437/7,74028,34453.986439487446,0739f0624e1e56e9688a7af19219fbdcd62cdc178bcacc3ad83fb7a966919554
confirmation,120,barabasi_albert,12,n0120-r0012-barabasi_albert,demand-aware,binary_panel,0,9589/7,19526/7,36362/7,72724/7,45951/7,145448/7,10389.142857142857,0739f0624e1e56e9688a7af19219fbdcd62cdc178bcacc3ad83fb7a966919554
confirmation,120,barabasi_albert,12,n0120-r0012-barabasi_albert,fhs3,source,0,1440,3005,3570,73483/7,58494/7,217475/7,16389.73156619257,0739f0624e1e56e9688a7af19219fbdcd62cdc178bcacc3ad83fb7a966919554
confirmation,120,barabasi_albert,12,n0120-r0012-barabasi_albert,fhs3,binary_panel,0,9972/7,2952,32041/7,64082/7,42013/7,128164/7,9154.57142857143,0739f0624e1e56e9688a7af19219fbdcd62cdc178bcacc3ad83fb7a966919554
confirmation,120,barabasi_albert,12,n0120-r0012-barabasi_albert,fhs5,source,0,1440,3005,21652/7,105186/7,93437/7,74028,34453.986439487446,0739f0624e1e56e9688a7af19219fbdcd62cdc178bcacc3ad83fb7a966919554
confirmation,120,barabasi_albert,12,n0120-r0012-barabasi_albert,fhs5,binary_panel,0,9589/7,19526/7,36362/7,72724/7,45951/7,145448/7,10389.142857142857,0739f0624e1e56e9688a7af19219fbdcd62cdc178bcacc3ad83fb7a966919554
confirmation,120,barabasi_albert,12,n0120-r0012-barabasi_albert,nch,source,0,1440,3005,16329/7,206478/7,193911/7,508040,114896.29368336407,0739f0624e1e56e9688a7af19219fbdcd62cdc178bcacc3ad83fb7a966919554
confirmation,120,barabasi_albert,12,n0120-r0012-barabasi_albert,nch,binary_panel,0,1430,20809/7,4161,8322,5591,16644,8322.0,0739f0624e1e56e9688a7af19219fbdcd62cdc178bcacc3ad83fb7a966919554
confirmation,120,er_gnm,12,n0120-r0012-er_gnm,demand-aware,source,0,1440,3005,3175,107855/7,95167/7,530693/7,35300.05577048606,6508cfd29db5488053e660b7fcf40a304864257d0d721e6a0cc29c467cf0bf52
confirmation,120,er_gnm,12,n0120-r0012-er_gnm,demand-aware,binary_panel,0,9998/7,2970,38909/7,77818/7,48907/7,155636/7,11116.857142857143,6508cfd29db5488053e660b7fcf40a304864257d0d721e6a0cc29c467cf0bf52
confirmation,120,er_gnm,12,n0120-r0012-er_gnm,fhs3,source,0,1440,3005,3623,74863/7,59547/7,222149/7,16746.8198842469,6508cfd29db5488053e660b7fcf40a304864257d0d721e6a0cc29c467cf0bf52
confirmation,120,er_gnm,12,n0120-r0012-er_gnm,fhs3,binary_panel,0,20081/14,20910/7,34026/7,68052/7,88133/14,136104/7,9721.714285714286,6508cfd29db5488053e660b7fcf40a304864257d0d721e6a0cc29c467cf0bf52
confirmation,120,er_gnm,12,n0120-r0012-er_gnm,fhs5,source,0,1440,3005,3175,107855/7,95167/7,530693/7,35300.05577048606,6508cfd29db5488053e660b7fcf40a304864257d0d721e6a0cc29c467cf0bf52
confirmation,120,er_gnm,12,n0120-r0012-er_gnm,fhs5,binary_panel,0,9998/7,2970,38909/7,77818/7,48907/7,155636/7,11116.857142857143,6508cfd29db5488053e660b7fcf40a304864257d0d721e6a0cc29c467cf0bf52
confirmation,120,er_gnm,12,n0120-r0012-er_gnm,nch,source,0,1440,3005,17765/7,139574/7,128936/7,1183150/7,60447.98217114712,6508cfd29db5488053e660b7fcf40a304864257d0d721e6a0cc29c467cf0bf52
confirmation,120,er_gnm,12,n0120-r0012-er_gnm,nch,binary_panel,0,1438,20994/7,57941/14,57941/7,78073/14,115882/7,8277.285714285714,6508cfd29db5488053e660b7fcf40a304864257d0d721e6a0cc29c467cf0bf52
confirmation,120,sbm_fixed_count,12,n0120-r0012-sbm_fixed_count,demand-aware,source,0,10078/7,21023/7,3286,111409/7,97835/7,78173,36421.316774235216,a35bbda96e971aa257c74bbed42165e4254faf9ed87d084288bd78c304f24928
confirmation,120,sbm_fixed_count,12,n0120-r0012-sbm_fixed_count,demand-aware,binary_panel,0,18821/14,19287/7,41967/7,83934/7,102755/14,167868/7,11990.57142857143,a35bbda96e971aa257c74bbed42165e4254faf9ed87d084288bd78c304f24928
confirmation,120,sbm_fixed_count,12,n0120-r0012-sbm_fixed_count,fhs3,source,0,10013/7,20816/7,27035/7,11330,62201/7,234340/7,17657.622936372274,a35bbda96e971aa257c74bbed42165e4254faf9ed87d084288bd78c304f24928
confirmation,120,sbm_fixed_count,12,n0120-r0012-sbm_fixed_count,fhs3,binary_panel,0,1355,19494/7,35076/7,70152/7,44561/7,140304/7,10021.714285714286,a35bbda96e971aa257c74bbed42165e4254faf9ed87d084288bd78c304f24928
confirmation,120,sbm_fixed_count,12,n0120-r0012-sbm_fixed_count,fhs5,source,0,10078/7,21023/7,3286,111409/7,97835/7,78173,36421.316774235216,a35bbda96e971aa257c74bbed42165e4254faf9ed87d084288bd78c304f24928
confirmation,120,sbm_fixed_count,12,n0120-r0012-sbm_fixed_count,fhs5,binary_panel,0,18821/14,19287/7,41967/7,83934/7,102755/14,167868/7,11990.57142857143,a35bbda96e971aa257c74bbed42165e4254faf9ed87d084288bd78c304f24928
confirmation,120,sbm_fixed_count,12,n0120-r0012-sbm_fixed_count,nch,source,0,1440,3005,18042/7,139725/7,128774/7,1163419/7,60040.262116450365,a35bbda96e971aa257c74bbed42165e4254faf9ed87d084288bd78c304f24928
confirmation,120,sbm_fixed_count,12,n0120-r0012-sbm_fixed_count,nch,binary_panel,0,9750/7,40297/14,58721/14,58721/7,78221/14,117442/7,8388.714285714286,a35bbda96e971aa257c74bbed42165e4254faf9ed87d084288bd78c304f24928
confirmation,120,barabasi_albert,13,n0120-r0013-barabasi_albert,demand-aware,source,0,1440,3010,22053/7,106168/7,93799/7,518928/7,34587.58468307239,8f95e97db4cf405fa402662bea0afce97c038cc895c1af179ec00df038500aaf
confirmation,120,barabasi_albert,13,n0120-r0013-barabasi_albert,demand-aware,binary_panel,0,2733/2,19524/7,35040/7,70080/7,89211/14,140160/7,10011.42857142857,8f95e97db4cf405fa402662bea0afce97c038cc895c1af179ec00df038500aaf
confirmation,120,barabasi_albert,13,n0120-r0013-barabasi_albert,fhs3,source,0,1440,3010,24790/7,73323/7,58532/7,31125,16427.041994838175,8f95e97db4cf405fa402662bea0afce97c038cc895c1af179ec00df038500aaf
confirmation,120,barabasi_albert,13,n0120-r0013-barabasi_albert,fhs3,binary_panel,0,9729/7,40015/14,60619/14,60619/7,80077/14,121238/7,8659.857142857143,8f95e97db4cf405fa402662bea0afce97c038cc895c1af179ec00df038500aaf
confirmation,120,barabasi_albert,13,n0120-r0013-barabasi_albert,fhs5,source,0,1440,3010,22053/7,106168/7,93799/7,518928/7,34587.58468307239,8f95e97db4cf405fa402662bea0afce97c038cc895c1af179ec00df038500aaf
confirmation,120,barabasi_albert,13,n0120-r0013-barabasi_albert,fhs5,binary_panel,0,2733/2,19524/7,35040/7,70080/7,89211/14,140160/7,10011.42857142857,8f95e97db4cf405fa402662bea0afce97c038cc895c1af179ec00df038500aaf
confirmation,120,barabasi_albert,13,n0120-r0013-barabasi_albert,nch,source,0,1440,3010,15968/7,234883/7,31722,4789135/7,139081.1304021167,8f95e97db4cf405fa402662bea0afce97c038cc895c1af179ec00df038500aaf
confirmation,120,barabasi_albert,13,n0120-r0013-barabasi_albert,nch,binary_panel,0,1406,20323/7,28347/7,56694/7,38189/7,113388/7,8099.142857142857,8f95e97db4cf405fa402662bea0afce97c038cc895c1af179ec00df038500aaf
confirmation,120,er_gnm,13,n0120-r0013-er_gnm,demand-aware,source,0,1440,3010,21990/7,106058/7,93573/7,520476/7,34626.07140630835,65114fb02512ef30f0e27285d3a6e743b915899615e1cfa873085284ff1cfdc5
confirmation,120,er_gnm,13,n0120-r0013-er_gnm,demand-aware,binary_panel,0,9991/7,2974,38366/7,76732/7,48357/7,153464/7,10961.714285714286,65114fb02512ef30f0e27285d3a6e743b915899615e1cfa873085284ff1cfdc5
confirmation,120,er_gnm,13,n0120-r0013-er_gnm,fhs3,source,0,1440,3010,25177/7,74520/7,59379/7,221538/7,16704.087339611768,65114fb02512ef30f0e27285d3a6e743b915899615e1cfa873085284ff1cfdc5
confirmation,120,er_gnm,13,n0120-r0013-er_gnm,fhs3,binary_panel,0,2861/2,41733/14,68307/14,68307/7,44167/7,136614/7,9758.142857142857,65114fb02512ef30f0e27285d3a6e743b915899615e1cfa873085284ff1cfdc5
confirmation,120,er_gnm,13,n0120-r0013-er_gnm,fhs5,source,0,1440,3010,21990/7,106058/7,93573/7,520476/7,34626.07140630835,65114fb02512ef30f0e27285d3a6e743b915899615e1cfa873085284ff1cfdc5
confirmation,120,er_gnm,13,n0120-r0013-er_gnm,fhs5,binary_panel,0,9991/7,2974,38366/7,76732/7,48357/7,153464/7,10961.714285714286,65114fb02512ef30f0e27285d3a6e743b915899615e1cfa873085284ff1cfdc5
confirmation,120,er_gnm,13,n0120-r0013-er_gnm,nch,source,0,10079/7,21064/7,17888/7,135762/7,125469/7,1099410/7,57694.75877771472,65114fb02512ef30f0e27285d3a6e743b915899615e1cfa873085284ff1cfdc5
confirmation,120,er_gnm,13,n0120-r0013-er_gnm,nch,binary_panel,0,10069/7,21023/7,28942/7,57884/7,5573,115768/7,8269.142857142857,65114fb02512ef30f0e27285d3a6e743b915899615e1cfa873085284ff1cfdc5
confirmation,120,sbm_fixed_count,13,n0120-r0013-sbm_fixed_count,demand-aware,source,0,10072/7,21036/7,22886/7,15796,13848,542154/7,36101.506447423235,296ff7ce8754d40cd44429c0800a60546936f3fc83fb0e3d610115cee673934b
confirmation,120,sbm_fixed_count,13,n0120-r0013-sbm_fixed_count,demand-aware,binary_panel,0,9453/7,38841/14,79381/14,79381/7,14041/2,158762/7,11340.142857142857,296ff7ce8754d40cd44429c0800a60546936f3fc83fb0e3d610115cee673934b
confirmation,120,sbm_fixed_count,13,n0120-r0013-sbm_fixed_count,fhs3,source,0,9818/7,20443/7,26505/7,78451/7,8809,233225/7,17585.298991791544,296ff7ce8754d40cd44429c0800a60546936f3fc83fb0e3d610115cee673934b
confirmation,120,sbm_fixed_count,13,n0120-r0013-sbm_fixed_count,fhs3,binary_panel,0,9502/7,39191/14,69249/14,69249/7,88253/14,138498/7,9892.714285714286,296ff7ce8754d40cd44429c0800a60546936f3fc83fb0e3d610115cee673934b
confirmation,120,sbm_fixed_count,13,n0120-r0013-sbm_fixed_count,fhs5,source,0,10072/7,21036/7,22886/7,15796,13848,542154/7,36101.506447423235,296ff7ce8754d40cd44429c0800a60546936f3fc83fb0e3d610115cee673934b
confirmation,120,sbm_fixed_count,13,n0120-r0013-sbm_fixed_count,fhs5,binary_panel,0,9453/7,38841/14,79381/14,79381/7,14041/2,158762/7,11340.142857142857,296ff7ce8754d40cd44429c0800a60546936f3fc83fb0e3d610115cee673934b
confirmation,120,sbm_fixed_count,13,n0120-r0013-sbm_fixed_count,nch,source,0,1440,3010,17868/7,138975/7,128340/7,1142599/7,59590.306579578704,296ff7ce8754d40cd44429c0800a60546936f3fc83fb0e3d610115cee673934b
confirmation,120,sbm_fixed_count,13,n0120-r0013-sbm_fixed_count,nch,binary_panel,0,9651/7,20002/7,28363/7,56726/7,38014/7,113452/7,8103.714285714285,296ff7ce8754d40cd44429c0800a60546936f3fc83fb0e3d610115cee673934b
confirmation,120,barabasi_albert,14,n0120-r0014-barabasi_albert,demand-aware,source,0,1440,20872/7,21937/7,105312/7,13300,514944/7,34296.05995447143,c2ba3fbd68791e1d39ed6ecb121be00d7ddeacbb7213cb0727cb75b643f0d5e3
confirmation,120,barabasi_albert,14,n0120-r0014-barabasi_albert,demand-aware,binary_panel,0,9903/7,40569/14,72851/14,72851/7,92657/14,145702/7,10407.285714285714,c2ba3fbd68791e1d39ed6ecb121be00d7ddeacbb7213cb0727cb75b643f0d5e3
confirmation,120,barabasi_albert,14,n0120-r0014-barabasi_albert,fhs3,source,0,1440,20872/7,25141/7,73817/7,58705/7,31177,16445.46819477389,c2ba3fbd68791e1d39ed6ecb121be00d7ddeacbb7213cb0727cb75b643f0d5e3
confirmation,120,barabasi_albert,14,n0120-r0014-barabasi_albert,fhs3,binary_panel,0,9965/7,20455/7,64581/14,64581/7,12073/2,129162/7,9225.857142857143,c2ba3fbd68791e1d39ed6ecb121be00d7ddeacbb7213cb0727cb75b643f0d5e3
confirmation,120,barabasi_albert,14,n0120-r0014-barabasi_albert,fhs5,source,0,1440,20872/7,21937/7,105312/7,13300,514944/7,34296.05995447143,c2ba3fbd68791e1d39ed6ecb121be00d7ddeacbb7213cb0727cb75b643f0d5e3
confirmation,120,barabasi_albert,14,n0120-r0014-barabasi_albert,fhs5,binary_panel,0,9903/7,40569/14,72851/14,72851/7,92657/14,145702/7,10407.285714285714,c2ba3fbd68791e1d39ed6ecb121be00d7ddeacbb7213cb0727cb75b643f0d5e3
confirmation,120,barabasi_albert,14,n0120-r0014-barabasi_albert,nch,source,0,1440,20872/7,16601/7,196043/7,26231,3053283/7,105478.65216020438,c2ba3fbd68791e1d39ed6ecb121be00d7ddeacbb7213cb0727cb75b643f0d5e3
confirmation,120,barabasi_albert,14,n0120-r0014-barabasi_albert,nch,binary_panel,0,10012/7,20620/7,4146,8292,39034/7,16584,8292.0,c2ba3fbd68791e1d39ed6ecb121be00d7ddeacbb7213cb0727cb75b643f0d5e3
confirmation,120,er_gnm,14,n0120-r0014-er_gnm,demand-aware,source,0,10079/7,20866/7,21746/7,106062/7,94039/7,522658/7,34775.97185176472,b0ee4cc6eee68944b6d8daef4638f856f1ded77831f95fec9447b504222aada1
confirmation,120,er_gnm,14,n0120-r0014-er_gnm,demand-aware,binary_panel,0,9958/7,20490/7,11279/2,11279,98869/14,22558,11279.0,b0ee4cc6eee68944b6d8daef4638f856f1ded77831f95fec9447b504222aada1
confirmation,120,er_gnm,14,n0120-r0014-er_gnm,fhs3,source,0,10079/7,20866/7,25385/7,74264/7,58897/7,219010/7,16499.04671083264,b0ee4cc6eee68944b6d8daef4638f856f1ded77831f95fec9447b504222aada1
confirmation,120,er_gnm,14,n0120-r0014-er_gnm,fhs3,binary_panel,0,10020/7,20684/7,34089/7,68178/7,44109/7,136356/7,9739.714285714286,b0ee4cc6eee68944b6d8daef4638f856f1ded77831f95fec9447b504222aada1
confirmation,120,er_gnm,14,n0120-r0014-er_gnm,fhs5,source,0,10079/7,20866/7,21746/7,106062/7,94039/7,522658/7,34775.97185176472,b0ee4cc6eee68944b6d8daef4638f856f1ded77831f95fec9447b504222aada1
confirmation,120,er_gnm,14,n0120-r0014-er_gnm,fhs5,binary_panel,0,9958/7,20490/7,11279/2,11279,98869/14,22558,11279.0,b0ee4cc6eee68944b6d8daef4638f856f1ded77831f95fec9447b504222aada1
confirmation,120,er_gnm,14,n0120-r0014-er_gnm,nch,source,0,1440,20872/7,2535,134627/7,124741/7,1091691/7,57190.169363936606,b0ee4cc6eee68944b6d8daef4638f856f1ded77831f95fec9447b504222aada1
confirmation,120,er_gnm,14,n0120-r0014-er_gnm,nch,binary_panel,0,20145/14,5955/2,29703/7,59406/7,79551/14,118812/7,8486.57142857143,b0ee4cc6eee68944b6d8daef4638f856f1ded77831f95fec9447b504222aada1
confirmation,120,sbm_fixed_count,14,n0120-r0014-sbm_fixed_count,demand-aware,source,0,1440,20872/7,23092/7,111438/7,97486/7,546106/7,36365.23877414386,a41866e05c616111c85eb32b0d664b39c2f71054a14dcec4ef31c974dd48187c
confirmation,120,sbm_fixed_count,14,n0120-r0014-sbm_fixed_count,demand-aware,binary_panel,0,9442/7,38547/14,40367/7,80734/7,49809/7,161468/7,11533.42857142857,a41866e05c616111c85eb32b0d664b39c2f71054a14dcec4ef31c974dd48187c
confirmation,120,sbm_fixed_count,14,n0120-r0014-sbm_fixed_count,fhs3,source,0,9992/7,2946,27320/7,80618/7,63131/7,239170/7,18029.495361600366,a41866e05c616111c85eb32b0d664b39c2f71054a14dcec4ef31c974dd48187c
confirmation,120,sbm_fixed_count,14,n0120-r0014-sbm_fixed_count,fhs3,binary_panel,0,9580/7,2805,5024,10048,44748/7,20096,10048.0,a41866e05c616111c85eb32b0d664b39c2f71054a14dcec4ef31c974dd48187c
confirmation,120,sbm_fixed_count,14,n0120-r0014-sbm_fixed_count,fhs5,source,0,1440,20872/7,23092/7,111438/7,97486/7,546106/7,36365.23877414386,a41866e05c616111c85eb32b0d664b39c2f71054a14dcec4ef31c974dd48187c
confirmation,120,sbm_fixed_count,14,n0120-r0014-sbm_fixed_count,fhs5,binary_panel,0,9442/7,38547/14,40367/7,80734/7,49809/7,161468/7,11533.42857142857,a41866e05c616111c85eb32b0d664b39c2f71054a14dcec4ef31c974dd48187c
confirmation,120,sbm_fixed_count,14,n0120-r0014-sbm_fixed_count,nch,source,0,1440,20872/7,17925/7,136110/7,125586/7,1102006/7,57800.51339785163,a41866e05c616111c85eb32b0d664b39c2f71054a14dcec4ef31c974dd48187c
confirmation,120,sbm_fixed_count,14,n0120-r0014-sbm_fixed_count,nch,binary_panel,0,9755/7,20003/7,29391/7,58782/7,39146/7,117564/7,8397.42857142857,a41866e05c616111c85eb32b0d664b39c2f71054a14dcec4ef31c974dd48187c
confirmation,120,barabasi_albert,15,n0120-r0015-barabasi_albert,demand-aware,source,0,1440,21095/7,21997/7,106182/7,93977/7,519642/7,34631.634387109945,10c67e7b21cc72b4f1a22817d38f5d5b2a1dbb97f9322d974148156f8d469a99
confirmation,120,barabasi_albert,15,n0120-r0015-barabasi_albert,demand-aware,binary_panel,0,2797/2,20151/7,72115/14,72115/7,45847/7,144230/7,10302.142857142857,10c67e7b21cc72b4f1a22817d38f5d5b2a1dbb97f9322d974148156f8d469a99
confirmation,120,barabasi_albert,15,n0120-r0015-barabasi_albert,fhs3,source,0,10069/7,21057/7,25054/7,74017/7,59016/7,219761/7,16567.800755603766,10c67e7b21cc72b4f1a22817d38f5d5b2a1dbb97f9322d974148156f8d469a99
confirmation,120,barabasi_albert,15,n0120-r0015-barabasi_albert,fhs3,binary_panel,0,19753/14,20393/7,63813/14,63813/7,5969,127626/7,9116.142857142857,10c67e7b21cc72b4f1a22817d38f5d5b2a1dbb97f9322d974148156f8d469a99
confirmation,120,barabasi_albert,15,n0120-r0015-barabasi_albert,fhs5,source,0,1440,21095/7,21997/7,106182/7,93977/7,519642/7,34631.634387109945,10c67e7b21cc72b4f1a22817d38f5d5b2a1dbb97f9322d974148156f8d469a99
confirmation,120,barabasi_albert,15,n0120-r0015-barabasi_albert,fhs5,binary_panel,0,2797/2,20151/7,72115/14,72115/7,45847/7,144230/7,10302.142857142857,10c67e7b21cc72b4f1a22817d38f5d5b2a1dbb97f9322d974148156f8d469a99
confirmation,120,barabasi_albert,15,n0120-r0015-barabasi_albert,nch,source,0,1440,21095/7,16479/7,194564/7,182240/7,2905044/7,104199.90076248001,10c67e7b21cc72b4f1a22817d38f5d5b2a1dbb97f9322d974148156f8d469a99
confirmation,120,barabasi_albert,15,n0120-r0015-barabasi_albert,nch,binary_panel,0,9929/7,2940,4143,8286,38930/7,16572,8286.0,10c67e7b21cc72b4f1a22817d38f5d5b2a1dbb97f9322d974148156f8d469a99
confirmation,120,er_gnm,15,n0120-r0015-er_gnm,demand-aware,source,0,1440,21095/7,21866/7,107076/7,94902/7,529300/7,35185.48349068955,da5d1fc3a409a88e680e2a2209fb98e6ee25582b0fb97040bfb6d115f52684be
confirmation,120,er_gnm,15,n0120-r0015-er_gnm,demand-aware,binary_panel,0,9995/7,41635/14,38706/7,77412/7,48701/7,154824/7,11058.857142857143,da5d1fc3a409a88e680e2a2209fb98e6ee25582b0fb97040bfb6d115f52684be
confirmation,120,er_gnm,15,n0120-r0015-er_gnm,fhs3,source,0,1440,21095/7,25236/7,74526/7,59336/7,31602,16676.866282434294,da5d1fc3a409a88e680e2a2209fb98e6ee25582b0fb97040bfb6d115f52684be
confirmation,120,er_gnm,15,n0120-r0015-er_gnm,fhs3,binary_panel,0,1433,41877/14,34288/7,68576/7,44319/7,137152/7,9796.57142857143,da5d1fc3a409a88e680e2a2209fb98e6ee25582b0fb97040bfb6d115f52684be
confirmation,120,er_gnm,15,n0120-r0015-er_gnm,fhs5,source,0,1440,21095/7,21866/7,107076/7,94902/7,529300/7,35185.48349068955,da5d1fc3a409a88e680e2a2209fb98e6ee25582b0fb97040bfb6d115f52684be
confirmation,120,er_gnm,15,n0120-r0015-er_gnm,fhs5,binary_panel,0,9995/7,41635/14,38706/7,77412/7,48701/7,154824/7,11058.857142857143,da5d1fc3a409a88e680e2a2209fb98e6ee25582b0fb97040bfb6d115f52684be
confirmation,120,er_gnm,15,n0120-r0015-er_gnm,nch,source,0,1440,21095/7,17758/7,134562/7,124632/7,1102082/7,57293.04280186248,da5d1fc3a409a88e680e2a2209fb98e6ee25582b0fb97040bfb6d115f52684be
confirmation,120,er_gnm,15,n0120-r0015-er_gnm,nch,binary_panel,0,10067/7,21041/7,4170,8340,39257/7,16680,8340.0,da5d1fc3a409a88e680e2a2209fb98e6ee25582b0fb97040bfb6d115f52684be
confirmation,120,sbm_fixed_count,15,n0120-r0015-sbm_fixed_count,demand-aware,source,0,1440,21095/7,3308,112244/7,98477/7,551204/7,36696.1884320016,39904e4ace1c20f688d9abc2321e0062f9da1ac7c801c13e208895f98f8f7e87
confirmation,120,sbm_fixed_count,15,n0120-r0015-sbm_fixed_count,demand-aware,binary_panel,0,18929/14,38831/14,80345/14,80345/7,7091,160690/7,11477.857142857143,39904e4ace1c20f688d9abc2321e0062f9da1ac7c801c13e208895f98f8f7e87
confirmation,120,sbm_fixed_count,15,n0120-r0015-sbm_fixed_count,fhs3,source,0,9935/7,2957,26840/7,79236/7,8884,235140/7,17726.272143612798,39904e4ace1c20f688d9abc2321e0062f9da1ac7c801c13e208895f98f8f7e87
confirmation,120,sbm_fixed_count,15,n0120-r0015-sbm_fixed_count,fhs3,binary_panel,0,2701/2,19400/7,34326/7,68652/7,87559/14,137304/7,9807.42857142857,39904e4ace1c20f688d9abc2321e0062f9da1ac7c801c13e208895f98f8f7e87
confirmation,120,sbm_fixed_count,15,n0120-r0015-sbm_fixed_count,fhs5,source,0,1440,21095/7,23133/7,112152/7,98410/7,550778/7,36668.23091993116,39904e4ace1c20f688d9abc2321e0062f9da1ac7c801c13e208895f98f8f7e87
confirmation,120,sbm_fixed_count,15,n0120-r0015-sbm_fixed_count,fhs5,binary_panel,0,18929/14,38831/14,80345/14,80345/7,7091,160690/7,11477.857142857143,39904e4ace1c20f688d9abc2321e0062f9da1ac7c801c13e208895f98f8f7e87
confirmation,120,sbm_fixed_count,15,n0120-r0015-sbm_fixed_count,nch,source,0,1440,21095/7,2538,135463/7,125462/7,1118625/7,57854.09989965712,39904e4ace1c20f688d9abc2321e0062f9da1ac7c801c13e208895f98f8f7e87
confirmation,120,sbm_fixed_count,15,n0120-r0015-sbm_fixed_count,nch,binary_panel,0,9690/7,20037/7,28923/7,57846/7,38613/7,115692/7,8263.714285714286,39904e4ace1c20f688d9abc2321e0062f9da1ac7c801c13e208895f98f8f7e87
confirmation,120,barabasi_albert,16,n0120-r0016-barabasi_albert,demand-aware,source,0,1440,21176/7,22108/7,107397/7,95030/7,527547/7,35133.50464706762,909d6493566c21bbf98746def30f8933a73a27032d628eee54a37608c9a58529
confirmation,120,barabasi_albert,16,n0120-r0016-barabasi_albert,demand-aware,binary_panel,0,9736/7,20225/7,35068/7,70136/7,44804/7,140272/7,10019.42857142857,909d6493566c21bbf98746def30f8933a73a27032d628eee54a37608c9a58529
confirmation,120,barabasi_albert,16,n0120-r0016-barabasi_albert,fhs3,source,0,1440,21176/7,25217/7,74443/7,59242/7,31559,16653.72771992039,909d6493566c21bbf98746def30f8933a73a27032d628eee54a37608c9a58529
confirmation,120,barabasi_albert,16,n0120-r0016-barabasi_albert,fhs3,binary_panel,0,9876/7,2938,31498/7,62996/7,41374/7,125992/7,8999.42857142857,909d6493566c21bbf98746def30f8933a73a27032d628eee54a37608c9a58529
confirmation,120,barabasi_albert,16,n0120-r0016-barabasi_albert,fhs5,source,0,1440,21176/7,22108/7,107397/7,95030/7,527547/7,35133.50464706762,909d6493566c21bbf98746def30f8933a73a27032d628eee54a37608c9a58529
confirmation,120,barabasi_albert,16,n0120-r0016-barabasi_albert,fhs5,binary_panel,0,9736/7,20225/7,35068/7,70136/7,44804/7,140272/7,10019.42857142857,909d6493566c21bbf98746def30f8933a73a27032d628eee54a37608c9a58529
confirmation,120,barabasi_albert,16,n0120-r0016-barabasi_albert,nch,source,0,1440,21176/7,16672/7,195105/7,182174/7,2910417/7,103862.62429414832,909d6493566c21bbf98746def30f8933a73a27032d628eee54a37608c9a58529
confirmation,120,barabasi_albert,16,n0120-r0016-barabasi_albert,nch,binary_panel,0,9929/7,20710/7,28794/7,57588/7,38723/7,115176/7,8226.857142857143,909d6493566c21bbf98746def30f8933a73a27032d628eee54a37608c9a58529
confirmation,120,er_gnm,16,n0120-r0016-er_gnm,demand-aware,source,0,10079/7,21170/7,3159,106355/7,93734/7,519947/7,34644.18281451116,c1a195e03af3ee9de27e6d8b4c375073306a83fbf7b768452377b35fd5f7b6c2
confirmation,120,er_gnm,16,n0120-r0016-er_gnm,demand-aware,binary_panel,0,9960/7,5953/2,5653,11306,49531/7,22612,11306.0,c1a195e03af3ee9de27e6d8b4c375073306a83fbf7b768452377b35fd5f7b6c2
confirmation,120,er_gnm,16,n0120-r0016-er_gnm,fhs3,source,0,1440,21176/7,25776/7,75962/7,60227/7,225154/7,16971.257703972897,c1a195e03af3ee9de27e6d8b4c375073306a83fbf7b768452377b35fd5f7b6c2
confirmation,120,er_gnm,16,n0120-r0016-er_gnm,fhs3,binary_panel,0,19989/14,2989,69743/14,69743/7,44866/7,139486/7,9963.285714285714,c1a195e03af3ee9de27e6d8b4c375073306a83fbf7b768452377b35fd5f7b6c2
confirmation,120,er_gnm,16,n0120-r0016-er_gnm,fhs5,source,0,10079/7,21170/7,3159,106355/7,93734/7,519947/7,34644.18281451116,c1a195e03af3ee9de27e6d8b4c375073306a83fbf7b768452377b35fd5f7b6c2
confirmation,120,er_gnm,16,n0120-r0016-er_gnm,fhs5,binary_panel,0,9960/7,5953/2,5653,11306,49531/7,22612,11306.0,c1a195e03af3ee9de27e6d8b4c375073306a83fbf7b768452377b35fd5f7b6c2
confirmation,120,er_gnm,16,n0120-r0016-er_gnm,nch,source,0,10076/7,21163/7,17890/7,137621/7,127278/7,1132819/7,58940.84798399493,c1a195e03af3ee9de27e6d8b4c375073306a83fbf7b768452377b35fd5f7b6c2
confirmation,120,er_gnm,16,n0120-r0016-er_gnm,nch,binary_panel,0,10034/7,21052/7,29451/7,58902/7,39485/7,117804/7,8414.57142857143,c1a195e03af3ee9de27e6d8b4c375073306a83fbf7b768452377b35fd5f7b6c2
confirmation,120,sbm_fixed_count,16,n0120-r0016-sbm_fixed_count,demand-aware,source,0,1440,21176/7,22864/7,109835/7,96394/7,537043/7,35770.24824811349,bf64c7daf6917baf7777e84390bdee139e8b2825d976b1107027b92f2999d9d5
confirmation,120,sbm_fixed_count,16,n0120-r0016-sbm_fixed_count,demand-aware,binary_panel,0,18803/14,19441/7,39910/7,79820/7,14089/2,159640/7,11402.857142857143,bf64c7daf6917baf7777e84390bdee139e8b2825d976b1107027b92f2999d9d5
confirmation,120,sbm_fixed_count,16,n0120-r0016-sbm_fixed_count,fhs3,source,0,1426,20883/7,26351/7,77710/7,61259/7,230444/7,17370.88952201486,bf64c7daf6917baf7777e84390bdee139e8b2825d976b1107027b92f2999d9d5
confirmation,120,sbm_fixed_count,16,n0120-r0016-sbm_fixed_count,fhs3,binary_panel,0,18983/14,19689/7,34409/7,68818/7,12543/2,137636/7,9831.142857142857,bf64c7daf6917baf7777e84390bdee139e8b2825d976b1107027b92f2999d9d5
confirmation,120,sbm_fixed_count,16,n0120-r0016-sbm_fixed_count,fhs5,source,0,1440,21176/7,22864/7,109835/7,96394/7,537043/7,35770.24824811349,bf64c7daf6917baf7777e84390bdee139e8b2825d976b1107027b92f2999d9d5
confirmation,120,sbm_fixed_count,16,n0120-r0016-sbm_fixed_count,fhs5,binary_panel,0,18803/14,19441/7,39910/7,79820/7,14089/2,159640/7,11402.857142857143,bf64c7daf6917baf7777e84390bdee139e8b2825d976b1107027b92f2999d9d5
confirmation,120,sbm_fixed_count,16,n0120-r0016-sbm_fixed_count,nch,source,0,1440,21176/7,17856/7,141511/7,130824/7,1202099/7,61431.01396535721,bf64c7daf6917baf7777e84390bdee139e8b2825d976b1107027b92f2999d9d5
confirmation,120,sbm_fixed_count,16,n0120-r0016-sbm_fixed_count,nch,binary_panel,0,9717/7,20246/7,29027/7,58054/7,38744/7,116108/7,8293.42857142857,bf64c7daf6917baf7777e84390bdee139e8b2825d976b1107027b92f2999d9d5
confirmation,120,barabasi_albert,17,n0120-r0017-barabasi_albert,demand-aware,source,0,1440,21074/7,21936/7,105536/7,93300/7,516272/7,34387.73277929163,1247d910e0193215a108adf30a287610ec0bbf429a2c7fc8f256b36e0f40c5b1
confirmation,120,barabasi_albert,17,n0120-r0017-barabasi_albert,demand-aware,binary_panel,0,9666/7,39603/14,35730/7,71460/7,45396/7,142920/7,10208.57142857143,1247d910e0193215a108adf30a287610ec0bbf429a2c7fc8f256b36e0f40c5b1
confirmation,120,barabasi_albert,17,n0120-r0017-barabasi_albert,fhs3,source,0,1440,21074/7,25091/7,73543/7,58466/7,217169/7,16362.703848291541,1247d910e0193215a108adf30a287610ec0bbf429a2c7fc8f256b36e0f40c5b1
confirmation,120,barabasi_albert,17,n0120-r0017-barabasi_albert,fhs3,binary_panel,0,9844/7,20360/7,31123/7,62246/7,40967/7,124492/7,8892.285714285714,1247d910e0193215a108adf30a287610ec0bbf429a2c7fc8f256b36e0f40c5b1
confirmation,120,barabasi_albert,17,n0120-r0017-barabasi_albert,fhs5,source,0,1440,21074/7,21936/7,105536/7,93300/7,516272/7,34387.73277929163,1247d910e0193215a108adf30a287610ec0bbf429a2c7fc8f256b36e0f40c5b1
confirmation,120,barabasi_albert,17,n0120-r0017-barabasi_albert,fhs5,binary_panel,0,9666/7,39603/14,35730/7,71460/7,45396/7,142920/7,10208.57142857143,1247d910e0193215a108adf30a287610ec0bbf429a2c7fc8f256b36e0f40c5b1
confirmation,120,barabasi_albert,17,n0120-r0017-barabasi_albert,nch,source,0,1440,21074/7,16524/7,189729/7,177871/7,2728825/7,100053.11444351102,1247d910e0193215a108adf30a287610ec0bbf429a2c7fc8f256b36e0f40c5b1
confirmation,120,barabasi_albert,17,n0120-r0017-barabasi_albert,nch,binary_panel,0,9907/7,41103/14,29245/7,58490/7,39152/7,116980/7,8355.714285714286,1247d910e0193215a108adf30a287610ec0bbf429a2c7fc8f256b36e0f40c5b1
confirmation,120,er_gnm,17,n0120-r0017-er_gnm,demand-aware,source,0,1440,21074/7,21822/7,106654/7,94440/7,527078/7,35028.62175089443,8c7aa32e8f623ac45eacb377ead6f1b34bd78222eb04640c292db4b5fda6137e
confirmation,120,er_gnm,17,n0120-r0017-er_gnm,demand-aware,binary_panel,0,10014/7,20907/7,39450/7,78900/7,49464/7,157800/7,11271.42857142857,8c7aa32e8f623ac45eacb377ead6f1b34bd78222eb04640c292db4b5fda6137e
confirmation,120,er_gnm,17,n0120-r0017-er_gnm,fhs3,source,0,1440,21074/7,25132/7,74346/7,59233/7,220938/7,16658.171546728663,8c7aa32e8f623ac45eacb377ead6f1b34bd78222eb04640c292db4b5fda6137e
confirmation,120,er_gnm,17,n0120-r0017-er_gnm,fhs3,binary_panel,0,10057/7,42013/14,68207/14,68207/7,88321/14,136414/7,9743.857142857143,8c7aa32e8f623ac45eacb377ead6f1b34bd78222eb04640c292db4b5fda6137e
confirmation,120,er_gnm,17,n0120-r0017-er_gnm,fhs5,source,0,1440,21074/7,21822/7,106654/7,94440/7,527078/7,35028.62175089443,8c7aa32e8f623ac45eacb377ead6f1b34bd78222eb04640c292db4b5fda6137e
confirmation,120,er_gnm,17,n0120-r0017-er_gnm,fhs5,binary_panel,0,10014/7,20907/7,39450/7,78900/7,49464/7,157800/7,11271.42857142857,8c7aa32e8f623ac45eacb377ead6f1b34bd78222eb04640c292db4b5fda6137e
confirmation,120,er_gnm,17,n0120-r0017-er_gnm,nch,source,0,10079/7,21068/7,17926/7,133068/7,122915/7,1073378/7,56149.23745851421,8c7aa32e8f623ac45eacb377ead6f1b34bd78222eb04640c292db4b5fda6137e
confirmation,120,er_gnm,17,n0120-r0017-er_gnm,nch,binary_panel,0,20135/14,21034/7,59365/14,59365/7,39750/7,118730/7,8480.714285714286,8c7aa32e8f623ac45eacb377ead6f1b34bd78222eb04640c292db4b5fda6137e
confirmation,120,sbm_fixed_count,17,n0120-r0017-sbm_fixed_count,demand-aware,source,0,1440,21074/7,3263,111443/7,97873/7,550325/7,36577.03470871605,042113cf0dbd91a0916510f22d97c6523055fb564b205eef16da1b9d097319bb
confirmation,120,sbm_fixed_count,17,n0120-r0017-sbm_fixed_count,demand-aware,binary_panel,0,9505/7,2784,40960/7,81920/7,50465/7,163840/7,11702.857142857143,042113cf0dbd91a0916510f22d97c6523055fb564b205eef16da1b9d097319bb
confirmation,120,sbm_fixed_count,17,n0120-r0017-sbm_fixed_count,fhs3,source,0,1424,20729/7,26969/7,79444/7,62339/7,235406/7,17743.451518597347,042113cf0dbd91a0916510f22d97c6523055fb564b205eef16da1b9d097319bb
confirmation,120,sbm_fixed_count,17,n0120-r0017-sbm_fixed_count,fhs3,binary_panel,0,19227/14,39639/14,35128/7,70256/7,89483/14,140512/7,10036.57142857143,042113cf0dbd91a0916510f22d97c6523055fb564b205eef16da1b9d097319bb
confirmation,120,sbm_fixed_count,17,n0120-r0017-sbm_fixed_count,fhs5,source,0,1440,21074/7,23046/7,112774/7,98967/7,557490/7,37054.18618508986,042113cf0dbd91a0916510f22d97c6523055fb564b205eef16da1b9d097319bb
confirmation,120,sbm_fixed_count,17,n0120-r0017-sbm_fixed_count,fhs5,binary_panel,0,9505/7,2784,40960/7,81920/7,50465/7,163840/7,11702.857142857143,042113cf0dbd91a0916510f22d97c6523055fb564b205eef16da1b9d097319bb
confirmation,120,sbm_fixed_count,17,n0120-r0017-sbm_fixed_count,nch,source,0,1440,21074/7,18105/7,133608/7,123113/7,1066428/7,56118.470408260844,042113cf0dbd91a0916510f22d97c6523055fb564b205eef16da1b9d097319bb
confirmation,120,sbm_fixed_count,17,n0120-r0017-sbm_fixed_count,nch,binary_panel,0,9620/7,19869/7,29730/7,59460/7,39350/7,118920/7,8494.285714285714,042113cf0dbd91a0916510f22d97c6523055fb564b205eef16da1b9d097319bb
confirmation,120,barabasi_albert,18,n0120-r0018-barabasi_albert,demand-aware,source,0,1440,21134/7,21956/7,106385/7,13451,521819/7,34758.896781330885,6399f842090b75d8f5571ce9a05f8d8df9cad34df1111a895768f6d78b807332
confirmation,120,barabasi_albert,18,n0120-r0018-barabasi_albert,demand-aware,binary_panel,0,9671/7,19871/7,34723/7,69446/7,6342,138892/7,9920.857142857143,6399f842090b75d8f5571ce9a05f8d8df9cad34df1111a895768f6d78b807332
confirmation,120,barabasi_albert,18,n0120-r0018-barabasi_albert,fhs3,source,0,10074/7,21117/7,24889/7,10511,58715/7,218551/7,16477.366809141193,6399f842090b75d8f5571ce9a05f8d8df9cad34df1111a895768f6d78b807332
confirmation,120,barabasi_albert,18,n0120-r0018-barabasi_albert,fhs3,binary_panel,0,19669/14,20330/7,62109/14,62109/7,40889/7,124218/7,8872.714285714286,6399f842090b75d8f5571ce9a05f8d8df9cad34df1111a895768f6d78b807332
confirmation,120,barabasi_albert,18,n0120-r0018-barabasi_albert,fhs5,source,0,1440,21134/7,21956/7,106385/7,13451,521819/7,34758.896781330885,6399f842090b75d8f5571ce9a05f8d8df9cad34df1111a895768f6d78b807332
confirmation,120,barabasi_albert,18,n0120-r0018-barabasi_albert,fhs5,binary_panel,0,9671/7,19871/7,34723/7,69446/7,6342,138892/7,9920.857142857143,6399f842090b75d8f5571ce9a05f8d8df9cad34df1111a895768f6d78b807332
confirmation,120,barabasi_albert,18,n0120-r0018-barabasi_albert,nch,source,0,1440,21134/7,16143/7,30294,28471,3853708/7,120399.36253815153,6399f842090b75d8f5571ce9a05f8d8df9cad34df1111a895768f6d78b807332
confirmation,120,barabasi_albert,18,n0120-r0018-barabasi_albert,nch,binary_panel,0,9900/7,20532/7,28613/7,57226/7,38513/7,114452/7,8175.142857142857,6399f842090b75d8f5571ce9a05f8d8df9cad34df1111a895768f6d78b807332
confirmation,120,er_gnm,18,n0120-r0018-er_gnm,demand-aware,source,0,1440,21134/7,21911/7,106985/7,94723/7,527993/7,35109.654705329034,86773b2b58a7513ddc10469dc3c40f1809c300eead810eeba78ab0c6df3c3cc4
confirmation,120,er_gnm,18,n0120-r0018-er_gnm,demand-aware,binary_panel,0,10040/7,3001,39455/7,78910/7,49495/7,157820/7,11272.857142857143,86773b2b58a7513ddc10469dc3c40f1809c300eead810eeba78ab0c6df3c3cc4
confirmation,120,er_gnm,18,n0120-r0018-er_gnm,fhs3,source,0,1440,21134/7,3611,74180/7,58935/7,219238/7,16520.138875159155,86773b2b58a7513ddc10469dc3c40f1809c300eead810eeba78ab0c6df3c3cc4
confirmation,120,er_gnm,18,n0120-r0018-er_gnm,fhs3,binary_panel,0,20123/14,21064/7,68743/14,68743/7,44433/7,137486/7,9820.42857142857,86773b2b58a7513ddc10469dc3c40f1809c300eead810eeba78ab0c6df3c3cc4
confirmation,120,er_gnm,18,n0120-r0018-er_gnm,fhs5,source,0,1440,21134/7,3115,106067/7,93907/7,522335/7,34747.47197591888,86773b2b58a7513ddc10469dc3c40f1809c300eead810eeba78ab0c6df3c3cc4
confirmation,120,er_gnm,18,n0120-r0018-er_gnm,fhs5,binary_panel,0,10040/7,3001,39455/7,78910/7,49495/7,157820/7,11272.857142857143,86773b2b58a7513ddc10469dc3c40f1809c300eead810eeba78ab0c6df3c3cc4
confirmation,120,er_gnm,18,n0120-r0018-er_gnm,nch,source,0,1440,21134/7,17686/7,135110/7,125355/7,1114616/7,57698.73610930038,86773b2b58a7513ddc10469dc3c40f1809c300eead810eeba78ab0c6df3c3cc4
confirmation,120,er_gnm,18,n0120-r0018-er_gnm,nch,binary_panel,0,20155/14,21122/7,29206/7,58412/7,78567/14,116824/7,8344.57142857143,86773b2b58a7513ddc10469dc3c40f1809c300eead810eeba78ab0c6df3c3cc4
confirmation,120,sbm_fixed_count,18,n0120-r0018-sbm_fixed_count,demand-aware,source,0,1440,21134/7,22640/7,110469/7,97213/7,544991/7,36242.96488353843,5888d35d2aa996f1bdea9da870e6ea7824742538f8bf2b921f85d803d5f15a8f
confirmation,120,sbm_fixed_count,18,n0120-r0018-sbm_fixed_count,demand-aware,binary_panel,0,9446/7,19538/7,38358/7,76716/7,47804/7,153432/7,10959.42857142857,5888d35d2aa996f1bdea9da870e6ea7824742538f8bf2b921f85d803d5f15a8f
confirmation,120,sbm_fixed_count,18,n0120-r0018-sbm_fixed_count,fhs3,source,0,10042/7,20995/7,26402/7,78152/7,61746/7,232348/7,17519.26977211994,5888d35d2aa996f1bdea9da870e6ea7824742538f8bf2b921f85d803d5f15a8f
confirmation,120,sbm_fixed_count,18,n0120-r0018-sbm_fixed_count,fhs3,binary_panel,0,2729/2,19780/7,33766/7,67532/7,86635/14,135064/7,9647.42857142857,5888d35d2aa996f1bdea9da870e6ea7824742538f8bf2b921f85d803d5f15a8f
confirmation,120,sbm_fixed_count,18,n0120-r0018-sbm_fixed_count,fhs5,source,0,1440,21134/7,22640/7,110469/7,97213/7,544991/7,36242.96488353843,5888d35d2aa996f1bdea9da870e6ea7824742538f8bf2b921f85d803d5f15a8f
confirmation,120,sbm_fixed_count,18,n0120-r0018-sbm_fixed_count,fhs5,binary_panel,0,9446/7,19538/7,38358/7,76716/7,47804/7,153432/7,10959.42857142857,5888d35d2aa996f1bdea9da870e6ea7824742538f8bf2b921f85d803d5f15a8f
confirmation,120,sbm_fixed_count,18,n0120-r0018-sbm_fixed_count,nch,source,0,1440,21134/7,17706/7,141642/7,18725,1211244/7,61737.63880649077,5888d35d2aa996f1bdea9da870e6ea7824742538f8bf2b921f85d803d5f15a8f
confirmation,120,sbm_fixed_count,18,n0120-r0018-sbm_fixed_count,nch,binary_panel,0,9797/7,2909,8267/2,8267,77463/14,16534,8267.0,5888d35d2aa996f1bdea9da870e6ea7824742538f8bf2b921f85d803d5f15a8f
confirmation,120,barabasi_albert,19,n0120-r0019-barabasi_albert,demand-aware,source,0,1440,21085/7,21687/7,106240/7,94300/7,526370/7,34949.798233952206,3b06d5033259dd5ce191728dd35298812d104fb1322b8478477f41484fefad5e
confirmation,120,barabasi_albert,19,n0120-r0019-barabasi_albert,demand-aware,binary_panel,0,9745/7,20052/7,34918/7,69836/7,44663/7,139672/7,9976.57142857143,3b06d5033259dd5ce191728dd35298812d104fb1322b8478477f41484fefad5e
confirmation,120,barabasi_albert,19,n0120-r0019-barabasi_albert,fhs3,source,0,1440,21085/7,24972/7,73650/7,58692/7,218418/7,16464.480446612455,3b06d5033259dd5ce191728dd35298812d104fb1322b8478477f41484fefad5e
confirmation,120,barabasi_albert,19,n0120-r0019-barabasi_albert,fhs3,binary_panel,0,9796/7,20145/7,31116/7,62232/7,40912/7,124464/7,8890.285714285714,3b06d5033259dd5ce191728dd35298812d104fb1322b8478477f41484fefad5e
confirmation,120,barabasi_albert,19,n0120-r0019-barabasi_albert,fhs5,source,0,1440,21085/7,21687/7,106240/7,94300/7,526370/7,34949.798233952206,3b06d5033259dd5ce191728dd35298812d104fb1322b8478477f41484fefad5e
confirmation,120,barabasi_albert,19,n0120-r0019-barabasi_albert,fhs5,binary_panel,0,9745/7,20052/7,34918/7,69836/7,44663/7,139672/7,9976.57142857143,3b06d5033259dd5ce191728dd35298812d104fb1322b8478477f41484fefad5e
confirmation,120,barabasi_albert,19,n0120-r0019-barabasi_albert,nch,source,0,1440,21085/7,16260/7,223011/7,209796/7,4157747/7,127840.51982903187,3b06d5033259dd5ce191728dd35298812d104fb1322b8478477f41484fefad5e
confirmation,120,barabasi_albert,19,n0120-r0019-barabasi_albert,nch,binary_panel,0,9899/7,20509/7,4197,8394,39278/7,16788,8394.0,3b06d5033259dd5ce191728dd35298812d104fb1322b8478477f41484fefad5e
confirmation,120,er_gnm,19,n0120-r0019-er_gnm,demand-aware,source,0,1440,21085/7,22294/7,15398,95035/7,529272/7,35217.38600446999,f2f3ec0aae8271f3ae8fed91b791945028600632b268d4803d9f6199f07f8cc2
confirmation,120,er_gnm,19,n0120-r0019-er_gnm,demand-aware,binary_panel,0,20021/14,20862/7,40115/7,80230/7,100251/14,160460/7,11461.42857142857,f2f3ec0aae8271f3ae8fed91b791945028600632b268d4803d9f6199f07f8cc2
confirmation,120,er_gnm,19,n0120-r0019-er_gnm,fhs3,source,0,1440,21085/7,25671/7,75963/7,60314/7,225789/7,17024.29788439525,f2f3ec0aae8271f3ae8fed91b791945028600632b268d4803d9f6199f07f8cc2
confirmation,120,er_gnm,19,n0120-r0019-er_gnm,fhs3,binary_panel,0,10053/7,3000,34844/7,69688/7,44897/7,139376/7,9955.42857142857,f2f3ec0aae8271f3ae8fed91b791945028600632b268d4803d9f6199f07f8cc2
confirmation,120,er_gnm,19,n0120-r0019-er_gnm,fhs5,source,0,1440,21085/7,22294/7,15398,95035/7,529272/7,35217.38600446999,f2f3ec0aae8271f3ae8fed91b791945028600632b268d4803d9f6199f07f8cc2
confirmation,120,er_gnm,19,n0120-r0019-er_gnm,fhs5,binary_panel,0,20021/14,20862/7,40115/7,80230/7,100251/14,160460/7,11461.42857142857,f2f3ec0aae8271f3ae8fed91b791945028600632b268d4803d9f6199f07f8cc2
confirmation,120,er_gnm,19,n0120-r0019-er_gnm,nch,source,0,1440,21085/7,2551,139719/7,18440,1177179/7,60352.45929449761,f2f3ec0aae8271f3ae8fed91b791945028600632b268d4803d9f6199f07f8cc2
confirmation,120,er_gnm,19,n0120-r0019-er_gnm,nch,binary_panel,0,10065/7,3004,58589/14,58589/7,78719/14,117178/7,8369.857142857143,f2f3ec0aae8271f3ae8fed91b791945028600632b268d4803d9f6199f07f8cc2
confirmation,120,sbm_fixed_count,19,n0120-r0019-sbm_fixed_count,demand-aware,source,0,1440,21085/7,23237/7,112152/7,14032,549904/7,36605.302564493395,8cf563968cc3f8765a5a4410ae25bb9ec3a8b98e57220b52e4e437f0122d27fc
confirmation,120,sbm_fixed_count,19,n0120-r0019-sbm_fixed_count,demand-aware,binary_panel,0,9448/7,19440/7,41422/7,82844/7,50870/7,165688/7,11834.857142857143,8cf563968cc3f8765a5a4410ae25bb9ec3a8b98e57220b52e4e437f0122d27fc
confirmation,120,sbm_fixed_count,19,n0120-r0019-sbm_fixed_count,fhs3,source,0,9980/7,20791/7,26870/7,79068/7,62043/7,234120/7,17645.11295068519,8cf563968cc3f8765a5a4410ae25bb9ec3a8b98e57220b52e4e437f0122d27fc
confirmation,120,sbm_fixed_count,19,n0120-r0019-sbm_fixed_count,fhs3,binary_panel,0,9589/7,39555/14,72043/14,72043/7,91221/14,144086/7,10291.857142857143,8cf563968cc3f8765a5a4410ae25bb9ec3a8b98e57220b52e4e437f0122d27fc
confirmation,120,sbm_fixed_count,19,n0120-r0019-sbm_fixed_count,fhs5,source,0,1440,21085/7,23237/7,112152/7,14032,549904/7,36605.302564493395,8cf563968cc3f8765a5a4410ae25bb9ec3a8b98e57220b52e4e437f0122d27fc
confirmation,120,sbm_fixed_count,19,n0120-r0019-sbm_fixed_count,fhs5,binary_panel,0,9448/7,19440/7,41422/7,82844/7,50870/7,165688/7,11834.857142857143,8cf563968cc3f8765a5a4410ae25bb9ec3a8b98e57220b52e4e437f0122d27fc
confirmation,120,sbm_fixed_count,19,n0120-r0019-sbm_fixed_count,nch,source,0,1440,21085/7,18008/7,19652,126775/7,1125428/7,58630.76104843849,8cf563968cc3f8765a5a4410ae25bb9ec3a8b98e57220b52e4e437f0122d27fc
confirmation,120,sbm_fixed_count,19,n0120-r0019-sbm_fixed_count,nch,binary_panel,0,9725/7,20105/7,4294,8588,39783/7,17176,8588.0,8cf563968cc3f8765a5a4410ae25bb9ec3a8b98e57220b52e4e437f0122d27fc
confirmation,240,barabasi_albert,0,n0240-r0000-barabasi_albert,demand-aware,source,0,2880,42250/7,49479/7,241879/7,212041/7,170425,79375.60775420807,fd331158d7432d916a9f7163890dbe1b8f99e7f7ed8683cdb6a049932876df24
confirmation,240,barabasi_albert,0,n0240-r0000-barabasi_albert,demand-aware,binary_panel,0,18960/7,5474,76894/7,153788/7,95854/7,307576/7,21969.714285714286,fd331158d7432d916a9f7163890dbe1b8f99e7f7ed8683cdb6a049932876df24
confirmation,240,barabasi_albert,0,n0240-r0000-barabasi_albert,fhs3,source,0,20157/7,42240/7,55712/7,165262/7,18516,492038/7,37105.94762021097,fd331158d7432d916a9f7163890dbe1b8f99e7f7ed8683cdb6a049932876df24
confirmation,240,barabasi_albert,0,n0240-r0000-barabasi_albert,fhs3,binary_panel,0,39185/14,80869/14,19973/2,19973,89498/7,39946,19973.0,fd331158d7432d916a9f7163890dbe1b8f99e7f7ed8683cdb6a049932876df24
confirmation,240,barabasi_albert,0,n0240-r0000-barabasi_albert,fhs5,source,0,2880,42250/7,49479/7,241879/7,212041/7,170425,79375.60775420807,fd331158d7432d916a9f7163890dbe1b8f99e7f7ed8683cdb6a049932876df24
confirmation,240,barabasi_albert,0,n0240-r0000-barabasi_albert,fhs5,binary_panel,0,18960/7,5474,76894/7,153788/7,95854/7,307576/7,21969.714285714286,fd331158d7432d916a9f7163890dbe1b8f99e7f7ed8683cdb6a049932876df24
confirmation,240,barabasi_albert,0,n0240-r0000-barabasi_albert,nch,source,0,2880,42250/7,5076,611438/7,579109/7,15519634/7,386608.30125656957,fd331158d7432d916a9f7163890dbe1b8f99e7f7ed8683cdb6a049932876df24
confirmation,240,barabasi_albert,0,n0240-r0000-barabasi_albert,nch,binary_panel,0,19802/7,82063/14,65690/7,131380/7,85492/7,262760/7,18768.571428571428,fd331158d7432d916a9f7163890dbe1b8f99e7f7ed8683cdb6a049932876df24
confirmation,240,er_gnm,0,n0240-r0000-er_gnm,demand-aware,source,0,20157/7,6035,49716/7,34384,210608/7,1180646/7,78631.31661896677,16a6eb940707cb838960c0f956fa64d0d7e9bbbcd86f29c36d101aae416e15d3
confirmation,240,er_gnm,0,n0240-r0000-er_gnm,demand-aware,binary_panel,0,19986/7,41707/7,87289/7,174578/7,15325,349156/7,24939.714285714286,16a6eb940707cb838960c0f956fa64d0d7e9bbbcd86f29c36d101aae416e15d3
confirmation,240,er_gnm,0,n0240-r0000-er_gnm,fhs3,source,0,20137/7,42178/7,57846/7,24443,19050,508429/7,38333.93737248223,16a6eb940707cb838960c0f956fa64d0d7e9bbbcd86f29c36d101aae416e15d3
confirmation,240,er_gnm,0,n0240-r0000-er_gnm,fhs3,binary_panel,0,20047/7,41922/7,77800/7,155600/7,97847/7,311200/7,22228.571428571428,16a6eb940707cb838960c0f956fa64d0d7e9bbbcd86f29c36d101aae416e15d3
confirmation,240,er_gnm,0,n0240-r0000-er_gnm,fhs5,source,0,20157/7,6035,49716/7,34384,210608/7,1180646/7,78631.31661896677,16a6eb940707cb838960c0f956fa64d0d7e9bbbcd86f29c36d101aae416e15d3
confirmation,240,er_gnm,0,n0240-r0000-er_gnm,fhs5,binary_panel,0,19986/7,41707/7,87289/7,174578/7,15325,349156/7,24939.714285714286,16a6eb940707cb838960c0f956fa64d0d7e9bbbcd86f29c36d101aae416e15d3
confirmation,240,er_gnm,0,n0240-r0000-er_gnm,nch,source,0,2880,42250/7,39464/7,45552,295164/7,2768364/7,139756.55131732518,16a6eb940707cb838960c0f956fa64d0d7e9bbbcd86f29c36d101aae416e15d3
confirmation,240,er_gnm,0,n0240-r0000-er_gnm,nch,binary_panel,0,20108/7,42086/7,134399/14,134399/7,24945/2,268798/7,19199.85714285714,16a6eb940707cb838960c0f956fa64d0d7e9bbbcd86f29c36d101aae416e15d3
confirmation,240,sbm_fixed_count,0,n0240-r0000-sbm_fixed_count,demand-aware,source,0,2880,42250/7,51806/7,252332/7,219438/7,1242576/7,82685.299540572,ff46dff713bc9a21fd865f22c0d906322e2b90834444b4b19e97c4c3310ba066
confirmation,240,sbm_fixed_count,0,n0240-r0000-sbm_fixed_count,demand-aware,binary_panel,0,19147/7,39595/7,89907/7,179814/7,109054/7,359628/7,25687.714285714286,ff46dff713bc9a21fd865f22c0d906322e2b90834444b4b19e97c4c3310ba066
confirmation,240,sbm_fixed_count,0,n0240-r0000-sbm_fixed_count,fhs3,source,0,2850,41676/7,60335/7,177350/7,136805/7,524740/7,39545.28908894648,ff46dff713bc9a21fd865f22c0d906322e2b90834444b4b19e97c4c3310ba066
confirmation,240,sbm_fixed_count,0,n0240-r0000-sbm_fixed_count,fhs3,binary_panel,0,19322/7,40014/7,78637/7,157274/7,97959/7,314548/7,22467.714285714286,ff46dff713bc9a21fd865f22c0d906322e2b90834444b4b19e97c4c3310ba066
confirmation,240,sbm_fixed_count,0,n0240-r0000-sbm_fixed_count,fhs5,source,0,2880,42250/7,51806/7,252332/7,219438/7,1242576/7,82685.299540572,ff46dff713bc9a21fd865f22c0d906322e2b90834444b4b19e97c4c3310ba066
confirmation,240,sbm_fixed_count,0,n0240-r0000-sbm_fixed_count,fhs5,binary_panel,0,19147/7,39595/7,89907/7,179814/7,109054/7,359628/7,25687.714285714286,ff46dff713bc9a21fd865f22c0d906322e2b90834444b4b19e97c4c3310ba066
confirmation,240,sbm_fixed_count,0,n0240-r0000-sbm_fixed_count,nch,source,0,2880,42250/7,39741/7,324105/7,299277/7,2855185/7,142848.23631100458,ff46dff713bc9a21fd865f22c0d906322e2b90834444b4b19e97c4c3310ba066
confirmation,240,sbm_fixed_count,0,n0240-r0000-sbm_fixed_count,nch,binary_panel,0,19540/7,40569/7,66713/7,133426/7,86253/7,266852/7,19060.85714285714,ff46dff713bc9a21fd865f22c0d906322e2b90834444b4b19e97c4c3310ba066
confirmation,240,barabasi_albert,1,n0240-r0001-barabasi_albert,demand-aware,source,0,2880,42431/7,49067/7,236638/7,207343/7,165804,77240.03573664503,5b9c3323dd3c5668e8858b960b2ab1bc26168d55644e0fd4bac1529c3daf986e
confirmation,240,barabasi_albert,1,n0240-r0001-barabasi_albert,demand-aware,binary_panel,0,19445/7,40178/7,76527/7,153054/7,95972/7,306108/7,21864.85714285714,5b9c3323dd3c5668e8858b960b2ab1bc26168d55644e0fd4bac1529c3daf986e
confirmation,240,barabasi_albert,1,n0240-r0001-barabasi_albert,fhs3,source,0,20154/7,42398/7,55761/7,164252/7,128598/7,486694/7,36683.88828415424,5b9c3323dd3c5668e8858b960b2ab1bc26168d55644e0fd4bac1529c3daf986e
confirmation,240,barabasi_albert,1,n0240-r0001-barabasi_albert,fhs3,binary_panel,0,19612/7,40713/7,138955/14,138955/7,178179/14,277910/7,19850.714285714286,5b9c3323dd3c5668e8858b960b2ab1bc26168d55644e0fd4bac1529c3daf986e
confirmation,240,barabasi_albert,1,n0240-r0001-barabasi_albert,fhs5,source,0,2880,42431/7,49067/7,236638/7,207343/7,165804,77240.03573664503,5b9c3323dd3c5668e8858b960b2ab1bc26168d55644e0fd4bac1529c3daf986e
confirmation,240,barabasi_albert,1,n0240-r0001-barabasi_albert,fhs5,binary_panel,0,19445/7,40178/7,76527/7,153054/7,95972/7,306108/7,21864.85714285714,5b9c3323dd3c5668e8858b960b2ab1bc26168d55644e0fd4bac1529c3daf986e
confirmation,240,barabasi_albert,1,n0240-r0001-barabasi_albert,nch,source,0,2880,42431/7,5061,588190/7,558542/7,15821886/7,371274.36720814544,5b9c3323dd3c5668e8858b960b2ab1bc26168d55644e0fd4bac1529c3daf986e
confirmation,240,barabasi_albert,1,n0240-r0001-barabasi_albert,nch,binary_panel,0,19813/7,41166/7,64634/7,129268/7,84447/7,258536/7,18466.85714285714,5b9c3323dd3c5668e8858b960b2ab1bc26168d55644e0fd4bac1529c3daf986e
confirmation,240,er_gnm,1,n0240-r0001-er_gnm,demand-aware,source,0,2880,42431/7,49229/7,239269/7,209655/7,1177181/7,78337.46952387689,1c6681c5c759bc60ca850160ba07ed14ddab7b007cba6aa5eefa73a05c2313f8
confirmation,240,er_gnm,1,n0240-r0001-er_gnm,demand-aware,binary_panel,0,39989/14,83889/14,173319/14,173319/7,106654/7,346638/7,24759.85714285714,1c6681c5c759bc60ca850160ba07ed14ddab7b007cba6aa5eefa73a05c2313f8
confirmation,240,er_gnm,1,n0240-r0001-er_gnm,fhs3,source,0,20156/7,6060,57404/7,168874/7,131591/7,499946/7,37679.106813138584,1c6681c5c759bc60ca850160ba07ed14ddab7b007cba6aa5eefa73a05c2313f8
confirmation,240,er_gnm,1,n0240-r0001-er_gnm,fhs3,binary_panel,0,20075/7,42174/7,76431/7,152862/7,96506/7,305724/7,21837.428571428572,1c6681c5c759bc60ca850160ba07ed14ddab7b007cba6aa5eefa73a05c2313f8
confirmation,240,er_gnm,1,n0240-r0001-er_gnm,fhs5,source,0,2880,42431/7,49229/7,239269/7,209655/7,1177181/7,78337.46952387689,1c6681c5c759bc60ca850160ba07ed14ddab7b007cba6aa5eefa73a05c2313f8
confirmation,240,er_gnm,1,n0240-r0001-er_gnm,fhs5,binary_panel,0,39989/14,83889/14,173319/14,173319/7,106654/7,346638/7,24759.85714285714,1c6681c5c759bc60ca850160ba07ed14ddab7b007cba6aa5eefa73a05c2313f8
confirmation,240,er_gnm,1,n0240-r0001-er_gnm,nch,source,0,2880,42431/7,38755/7,310329/7,287974/7,2703817/7,135896.57930209796,1c6681c5c759bc60ca850160ba07ed14ddab7b007cba6aa5eefa73a05c2313f8
confirmation,240,er_gnm,1,n0240-r0001-er_gnm,nch,binary_panel,0,20086/7,42221/7,9453,18906,86257/7,37812,18906.0,1c6681c5c759bc60ca850160ba07ed14ddab7b007cba6aa5eefa73a05c2313f8
confirmation,240,sbm_fixed_count,1,n0240-r0001-sbm_fixed_count,demand-aware,source,0,2880,42431/7,50858/7,247396/7,215769/7,1217546/7,81022.87585925285,671b30d895f147cc7ca9d593a576c2fd07cfbf91911ec12380b5622021ab002d
confirmation,240,sbm_fixed_count,1,n0240-r0001-sbm_fixed_count,demand-aware,binary_panel,0,2719,39412/7,89658/7,179316/7,108691/7,358632/7,25616.571428571428,671b30d895f147cc7ca9d593a576c2fd07cfbf91911ec12380b5622021ab002d
confirmation,240,sbm_fixed_count,1,n0240-r0001-sbm_fixed_count,fhs3,source,0,20019/7,41954/7,59953/7,176818/7,19531,524372/7,39527.45107473247,671b30d895f147cc7ca9d593a576c2fd07cfbf91911ec12380b5622021ab002d
confirmation,240,sbm_fixed_count,1,n0240-r0001-sbm_fixed_count,fhs3,binary_panel,0,19161/7,39799/7,78364/7,156728/7,97525/7,313456/7,22389.714285714286,671b30d895f147cc7ca9d593a576c2fd07cfbf91911ec12380b5622021ab002d
confirmation,240,sbm_fixed_count,1,n0240-r0001-sbm_fixed_count,fhs5,source,0,2880,42431/7,50858/7,247396/7,215769/7,1217546/7,81022.87585925285,671b30d895f147cc7ca9d593a576c2fd07cfbf91911ec12380b5622021ab002d
confirmation,240,sbm_fixed_count,1,n0240-r0001-sbm_fixed_count,fhs5,binary_panel,0,2719,39412/7,89658/7,179316/7,108691/7,358632/7,25616.571428571428,671b30d895f147cc7ca9d593a576c2fd07cfbf91911ec12380b5622021ab002d
confirmation,240,sbm_fixed_count,1,n0240-r0001-sbm_fixed_count,nch,source,0,20158/7,42422/7,39190/7,309574/7,286276/7,2641456/7,134476.8439039748,671b30d895f147cc7ca9d593a576c2fd07cfbf91911ec12380b5622021ab002d
confirmation,240,sbm_fixed_count,1,n0240-r0001-sbm_fixed_count,nch,binary_panel,0,39241/14,81849/14,66134/7,132268/7,171509/14,264536/7,18895.428571428572,671b30d895f147cc7ca9d593a576c2fd07cfbf91911ec12380b5622021ab002d
confirmation,240,barabasi_albert,2,n0240-r0002-barabasi_albert,demand-aware,source,0,2880,42108/7,49951/7,242892/7,212644/7,1195052/7,79532.10383948372,943483f6f990e1ac048417d6e29d7190b8daf54d0c428c04d27eaebd02e98160
confirmation,240,barabasi_albert,2,n0240-r0002-barabasi_albert,demand-aware,binary_panel,0,37281/14,74309/14,76969/7,153938/7,27317/2,307876/7,21991.14285714286,943483f6f990e1ac048417d6e29d7190b8daf54d0c428c04d27eaebd02e98160
confirmation,240,barabasi_albert,2,n0240-r0002-barabasi_albert,fhs3,source,0,20158/7,42099/7,56184/7,166517/7,18629,70783,37363.20047923566,943483f6f990e1ac048417d6e29d7190b8daf54d0c428c04d27eaebd02e98160
confirmation,240,barabasi_albert,2,n0240-r0002-barabasi_albert,fhs3,binary_panel,0,5475/2,77401/14,71578/7,143156/7,181481/14,286312/7,20450.85714285714,943483f6f990e1ac048417d6e29d7190b8daf54d0c428c04d27eaebd02e98160
confirmation,240,barabasi_albert,2,n0240-r0002-barabasi_albert,fhs5,source,0,2880,42108/7,49951/7,242892/7,212644/7,1195052/7,79532.10383948372,943483f6f990e1ac048417d6e29d7190b8daf54d0c428c04d27eaebd02e98160
confirmation,240,barabasi_albert,2,n0240-r0002-barabasi_albert,fhs5,binary_panel,0,37281/14,74309/14,76969/7,153938/7,27317/2,307876/7,21991.14285714286,943483f6f990e1ac048417d6e29d7190b8daf54d0c428c04d27eaebd02e98160
confirmation,240,barabasi_albert,2,n0240-r0002-barabasi_albert,nch,source,0,2880,42108/7,35797/7,82394,78052,14333710/7,358009.95262558106,943483f6f990e1ac048417d6e29d7190b8daf54d0c428c04d27eaebd02e98160
confirmation,240,barabasi_albert,2,n0240-r0002-barabasi_albert,nch,binary_panel,0,19822/7,40954/7,65095/7,130190/7,12131,260380/7,18598.571428571428,943483f6f990e1ac048417d6e29d7190b8daf54d0c428c04d27eaebd02e98160
confirmation,240,er_gnm,2,n0240-r0002-er_gnm,demand-aware,source,0,2880,42108/7,49396/7,240228/7,210410/7,168934,78677.8764340089,6a1d434df11bd2deb5b02f3b665c723f3dd0c2a902375b8590c02759c5ec4751
confirmation,240,er_gnm,2,n0240-r0002-er_gnm,demand-aware,binary_panel,0,2860,41718/7,87623/7,175246/7,107643/7,350492/7,25035.14285714286,6a1d434df11bd2deb5b02f3b665c723f3dd0c2a902375b8590c02759c5ec4751
confirmation,240,er_gnm,2,n0240-r0002-er_gnm,fhs3,source,0,20149/7,6011,57354/7,169147/7,18837,501611/7,37811.61724718243,6a1d434df11bd2deb5b02f3b665c723f3dd0c2a902375b8590c02759c5ec4751
confirmation,240,er_gnm,2,n0240-r0002-er_gnm,fhs3,binary_panel,0,2867,41849/7,10904,21808,13771,43616,21808.0,6a1d434df11bd2deb5b02f3b665c723f3dd0c2a902375b8590c02759c5ec4751
confirmation,240,er_gnm,2,n0240-r0002-er_gnm,fhs5,source,0,2880,42108/7,49396/7,240228/7,210410/7,168934,78677.8764340089,6a1d434df11bd2deb5b02f3b665c723f3dd0c2a902375b8590c02759c5ec4751
confirmation,240,er_gnm,2,n0240-r0002-er_gnm,fhs5,binary_panel,0,2860,41718/7,87623/7,175246/7,107643/7,350492/7,25035.14285714286,6a1d434df11bd2deb5b02f3b665c723f3dd0c2a902375b8590c02759c5ec4751
confirmation,240,er_gnm,2,n0240-r0002-er_gnm,nch,source,0,2880,42108/7,39135/7,322064/7,298750/7,2865404/7,142606.7191332661,6a1d434df11bd2deb5b02f3b665c723f3dd0c2a902375b8590c02759c5ec4751
confirmation,240,er_gnm,2,n0240-r0002-er_gnm,nch,binary_panel,0,2872,5992,9587,19174,12459,38348,19174.0,6a1d434df11bd2deb5b02f3b665c723f3dd0c2a902375b8590c02759c5ec4751
confirmation,240,sbm_fixed_count,2,n0240-r0002-sbm_fixed_count,demand-aware,source,0,2880,42108/7,51594/7,250895/7,31205,176417,82168.23867264822,d1986b799387c3912d49364405d1a7e4ba953f86dc598e1a4e227376008c5c1b
confirmation,240,sbm_fixed_count,2,n0240-r0002-sbm_fixed_count,demand-aware,binary_panel,0,18919/7,77779/14,181337/14,181337/7,219175/14,362674/7,25905.285714285714,d1986b799387c3912d49364405d1a7e4ba953f86dc598e1a4e227376008c5c1b
confirmation,240,sbm_fixed_count,2,n0240-r0002-sbm_fixed_count,fhs3,source,0,19703/7,40949/7,8623,25457,19626,75547,39866.381280264235,d1986b799387c3912d49364405d1a7e4ba953f86dc598e1a4e227376008c5c1b
confirmation,240,sbm_fixed_count,2,n0240-r0002-sbm_fixed_count,fhs3,binary_panel,0,19072/7,39310/7,158477/14,158477/7,196621/14,316954/7,22639.571428571428,d1986b799387c3912d49364405d1a7e4ba953f86dc598e1a4e227376008c5c1b
confirmation,240,sbm_fixed_count,2,n0240-r0002-sbm_fixed_count,fhs5,source,0,2880,42108/7,51594/7,250895/7,31205,176417,82168.23867264822,d1986b799387c3912d49364405d1a7e4ba953f86dc598e1a4e227376008c5c1b
confirmation,240,sbm_fixed_count,2,n0240-r0002-sbm_fixed_count,fhs5,binary_panel,0,18919/7,77779/14,181337/14,181337/7,219175/14,362674/7,25905.285714285714,d1986b799387c3912d49364405d1a7e4ba953f86dc598e1a4e227376008c5c1b
confirmation,240,sbm_fixed_count,2,n0240-r0002-sbm_fixed_count,nch,source,0,2880,42108/7,39532/7,45838,296788/7,2801206/7,141002.55161349438,d1986b799387c3912d49364405d1a7e4ba953f86dc598e1a4e227376008c5c1b
confirmation,240,sbm_fixed_count,2,n0240-r0002-sbm_fixed_count,nch,binary_panel,0,19218/7,5675,132845/14,132845/7,171281/14,265690/7,18977.85714285714,d1986b799387c3912d49364405d1a7e4ba953f86dc598e1a4e227376008c5c1b
confirmation,240,barabasi_albert,3,n0240-r0003-barabasi_albert,demand-aware,source,0,2880,6042,49302/7,238025/7,208450/7,1165629/7,77656.1130265604,1b694504995ef251c5e4889d6a30d54c3f8efdf3f7695d8f31a29a919822f27f
confirmation,240,barabasi_albert,3,n0240-r0003-barabasi_albert,demand-aware,binary_panel,0,18842/7,38032/7,79041/7,158082/7,97883/7,316164/7,22583.14285714286,1b694504995ef251c5e4889d6a30d54c3f8efdf3f7695d8f31a29a919822f27f
confirmation,240,barabasi_albert,3,n0240-r0003-barabasi_albert,fhs3,source,0,20154/7,42267/7,56034/7,165874/7,129867/7,493166/7,37185.35384877251,1b694504995ef251c5e4889d6a30d54c3f8efdf3f7695d8f31a29a919822f27f
confirmation,240,barabasi_albert,3,n0240-r0003-barabasi_albert,fhs3,binary_panel,0,19202/7,39084/7,70800/7,141600/7,90002/7,283200/7,20228.571428571428,1b694504995ef251c5e4889d6a30d54c3f8efdf3f7695d8f31a29a919822f27f
confirmation,240,barabasi_albert,3,n0240-r0003-barabasi_albert,fhs5,source,0,2880,6042,49302/7,238025/7,208450/7,1165629/7,77656.1130265604,1b694504995ef251c5e4889d6a30d54c3f8efdf3f7695d8f31a29a919822f27f
confirmation,240,barabasi_albert,3,n0240-r0003-barabasi_albert,fhs5,binary_panel,0,18842/7,38032/7,79041/7,158082/7,97883/7,316164/7,22583.14285714286,1b694504995ef251c5e4889d6a30d54c3f8efdf3f7695d8f31a29a919822f27f
confirmation,240,barabasi_albert,3,n0240-r0003-barabasi_albert,nch,source,0,2880,6042,35464/7,594667/7,563233/7,16090535/7,376983.2628572305,1b694504995ef251c5e4889d6a30d54c3f8efdf3f7695d8f31a29a919822f27f
confirmation,240,barabasi_albert,3,n0240-r0003-barabasi_albert,nch,binary_panel,0,19794/7,81981/14,65613/7,131226/7,12201,262452/7,18746.571428571428,1b694504995ef251c5e4889d6a30d54c3f8efdf3f7695d8f31a29a919822f27f
confirmation,240,er_gnm,3,n0240-r0003-er_gnm,demand-aware,source,0,2880,6042,49194/7,237981/7,208464/7,1166231/7,77700.1176045804,b7c85f1384e7dd2a6e48c3459f510f212a7331eb670c2aed92c20fd9174dba8c
confirmation,240,er_gnm,3,n0240-r0003-er_gnm,demand-aware,binary_panel,0,19987/7,41782/7,87313/7,174626/7,107300/7,349252/7,24946.571428571428,b7c85f1384e7dd2a6e48c3459f510f212a7331eb670c2aed92c20fd9174dba8c
confirmation,240,er_gnm,3,n0240-r0003-er_gnm,fhs3,source,0,2880,6042,57220/7,168815/7,131696/7,500755/7,37748.1439900198,b7c85f1384e7dd2a6e48c3459f510f212a7331eb670c2aed92c20fd9174dba8c
confirmation,240,er_gnm,3,n0240-r0003-er_gnm,fhs3,binary_panel,0,2871,42089/7,154005/14,154005/7,194199/14,308010/7,22000.714285714286,b7c85f1384e7dd2a6e48c3459f510f212a7331eb670c2aed92c20fd9174dba8c
confirmation,240,er_gnm,3,n0240-r0003-er_gnm,fhs5,source,0,2880,6042,49199/7,237892/7,208325/7,1165428/7,77652.33793776775,b7c85f1384e7dd2a6e48c3459f510f212a7331eb670c2aed92c20fd9174dba8c
confirmation,240,er_gnm,3,n0240-r0003-er_gnm,fhs5,binary_panel,0,19987/7,41782/7,87313/7,174626/7,107300/7,349252/7,24946.571428571428,b7c85f1384e7dd2a6e48c3459f510f212a7331eb670c2aed92c20fd9174dba8c
confirmation,240,er_gnm,3,n0240-r0003-er_gnm,nch,source,0,2880,6042,38618/7,315667/7,292956/7,2766793/7,139042.64306487792,b7c85f1384e7dd2a6e48c3459f510f212a7331eb670c2aed92c20fd9174dba8c
confirmation,240,er_gnm,3,n0240-r0003-er_gnm,nch,binary_panel,0,2878,42243/7,65434/7,130868/7,85580/7,261736/7,18695.428571428572,b7c85f1384e7dd2a6e48c3459f510f212a7331eb670c2aed92c20fd9174dba8c
confirmation,240,sbm_fixed_count,3,n0240-r0003-sbm_fixed_count,demand-aware,source,0,2880,6042,50972/7,248219/7,216339/7,174659,81341.24265200141,86288082a27538cf9d1d7f5e17022702e1b42f38ea9951d8d10f4848d4499c1b
confirmation,240,sbm_fixed_count,3,n0240-r0003-sbm_fixed_count,demand-aware,binary_panel,0,18960/7,39148/7,91715/7,183430/7,110675/7,366860/7,26204.285714285714,86288082a27538cf9d1d7f5e17022702e1b42f38ea9951d8d10f4848d4499c1b
confirmation,240,sbm_fixed_count,3,n0240-r0003-sbm_fixed_count,fhs3,source,0,20077/7,42017/7,60313/7,178394/7,138049/7,530092/7,39967.191603568455,86288082a27538cf9d1d7f5e17022702e1b42f38ea9951d8d10f4848d4499c1b
confirmation,240,sbm_fixed_count,3,n0240-r0003-sbm_fixed_count,fhs3,binary_panel,0,19092/7,79111/14,77579/7,155158/7,96671/7,310316/7,22165.428571428572,86288082a27538cf9d1d7f5e17022702e1b42f38ea9951d8d10f4848d4499c1b
confirmation,240,sbm_fixed_count,3,n0240-r0003-sbm_fixed_count,fhs5,source,0,2880,6042,50972/7,248219/7,216339/7,174659,81341.24265200141,86288082a27538cf9d1d7f5e17022702e1b42f38ea9951d8d10f4848d4499c1b
confirmation,240,sbm_fixed_count,3,n0240-r0003-sbm_fixed_count,fhs5,binary_panel,0,18960/7,39148/7,91715/7,183430/7,110675/7,366860/7,26204.285714285714,86288082a27538cf9d1d7f5e17022702e1b42f38ea9951d8d10f4848d4499c1b
confirmation,240,sbm_fixed_count,3,n0240-r0003-sbm_fixed_count,nch,source,0,2880,6042,39527/7,320703/7,296495/7,397759,140719.9570802311,86288082a27538cf9d1d7f5e17022702e1b42f38ea9951d8d10f4848d4499c1b
confirmation,240,sbm_fixed_count,3,n0240-r0003-sbm_fixed_count,nch,binary_panel,0,39217/14,5833,66314/7,132628/7,171845/14,265256/7,18946.85714285714,86288082a27538cf9d1d7f5e17022702e1b42f38ea9951d8d10f4848d4499c1b
confirmation,240,barabasi_albert,4,n0240-r0004-barabasi_albert,demand-aware,source,0,2880,42222/7,48956/7,236989/7,207790/7,1163079/7,77437.59061715286,f734541d57e48b8b0324472b166ec463ca9a5ecebaf5c83ac8554efe07624f04
confirmation,240,barabasi_albert,4,n0240-r0004-barabasi_albert,demand-aware,binary_panel,0,19559/7,40459/7,77394/7,154788/7,96953/7,309576/7,22112.571428571428,f734541d57e48b8b0324472b166ec463ca9a5ecebaf5c83ac8554efe07624f04
confirmation,240,barabasi_albert,4,n0240-r0004-barabasi_albert,fhs3,source,0,2880,42222/7,55581/7,164176/7,128673/7,487394/7,36744.229434242014,f734541d57e48b8b0324472b166ec463ca9a5ecebaf5c83ac8554efe07624f04
confirmation,240,barabasi_albert,4,n0240-r0004-barabasi_albert,fhs3,binary_panel,0,19639/7,40606/7,69462/7,138924/7,89101/7,277848/7,19846.285714285714,f734541d57e48b8b0324472b166ec463ca9a5ecebaf5c83ac8554efe07624f04
confirmation,240,barabasi_albert,4,n0240-r0004-barabasi_albert,fhs5,source,0,2880,42222/7,48956/7,236989/7,207790/7,1163079/7,77437.59061715286,f734541d57e48b8b0324472b166ec463ca9a5ecebaf5c83ac8554efe07624f04
confirmation,240,barabasi_albert,4,n0240-r0004-barabasi_albert,fhs5,binary_panel,0,19559/7,40459/7,77394/7,154788/7,96953/7,309576/7,22112.571428571428,f734541d57e48b8b0324472b166ec463ca9a5ecebaf5c83ac8554efe07624f04
confirmation,240,barabasi_albert,4,n0240-r0004-barabasi_albert,nch,source,0,2880,42222/7,5056,592861/7,561392/7,16120071/7,376037.5171485535,f734541d57e48b8b0324472b166ec463ca9a5ecebaf5c83ac8554efe07624f04
confirmation,240,barabasi_albert,4,n0240-r0004-barabasi_albert,nch,binary_panel,0,19472/7,40011/7,66105/7,132210/7,85577/7,264420/7,18887.14285714286,f734541d57e48b8b0324472b166ec463ca9a5ecebaf5c83ac8554efe07624f04
confirmation,240,er_gnm,4,n0240-r0004-er_gnm,demand-aware,source,0,2880,42222/7,49319/7,237536/7,207890/7,1163080/7,77450.79698667946,c593e93fb4340400fd1bca376205e74f12ba45071d9a6ccd1bd3e1fc7f24dbd3
confirmation,240,er_gnm,4,n0240-r0004-er_gnm,demand-aware,binary_panel,0,20057/7,41883/7,87929/7,175858/7,107986/7,351716/7,25122.571428571428,c593e93fb4340400fd1bca376205e74f12ba45071d9a6ccd1bd3e1fc7f24dbd3
confirmation,240,er_gnm,4,n0240-r0004-er_gnm,fhs3,source,0,2880,42222/7,8187,169067/7,18840,501481/7,37802.695657899814,c593e93fb4340400fd1bca376205e74f12ba45071d9a6ccd1bd3e1fc7f24dbd3
confirmation,240,er_gnm,4,n0240-r0004-er_gnm,fhs3,binary_panel,0,20110/7,42054/7,11069,22138,97593/7,44276,22138.0,c593e93fb4340400fd1bca376205e74f12ba45071d9a6ccd1bd3e1fc7f24dbd3
confirmation,240,er_gnm,4,n0240-r0004-er_gnm,fhs5,source,0,2880,42222/7,49319/7,237536/7,207890/7,1163080/7,77450.79698667946,c593e93fb4340400fd1bca376205e74f12ba45071d9a6ccd1bd3e1fc7f24dbd3
confirmation,240,er_gnm,4,n0240-r0004-er_gnm,fhs5,binary_panel,0,20057/7,41883/7,87929/7,175858/7,107986/7,351716/7,25122.571428571428,c593e93fb4340400fd1bca376205e74f12ba45071d9a6ccd1bd3e1fc7f24dbd3
confirmation,240,er_gnm,4,n0240-r0004-er_gnm,nch,source,0,2880,42222/7,38879/7,300894/7,278401/7,2501084/7,129196.15050703348,c593e93fb4340400fd1bca376205e74f12ba45071d9a6ccd1bd3e1fc7f24dbd3
confirmation,240,er_gnm,4,n0240-r0004-er_gnm,nch,binary_panel,0,20157/7,42207/7,66257/7,132514/7,86414/7,265028/7,18930.571428571428,c593e93fb4340400fd1bca376205e74f12ba45071d9a6ccd1bd3e1fc7f24dbd3
confirmation,240,sbm_fixed_count,4,n0240-r0004-sbm_fixed_count,demand-aware,source,0,2880,42222/7,51407/7,247788/7,215653/7,1213234/7,80805.47010200561,fcee70ebbc14df55c26492de544fb4a672ea513b56b189ca4cb86859c7699399
confirmation,240,sbm_fixed_count,4,n0240-r0004-sbm_fixed_count,demand-aware,binary_panel,0,18793/7,77715/14,89020/7,178040/7,107813/7,356080/7,25434.285714285714,fcee70ebbc14df55c26492de544fb4a672ea513b56b189ca4cb86859c7699399
confirmation,240,sbm_fixed_count,4,n0240-r0004-sbm_fixed_count,fhs3,source,0,19889/7,41474/7,59951/7,176858/7,19524,524584/7,39544.19608188893,fcee70ebbc14df55c26492de544fb4a672ea513b56b189ca4cb86859c7699399
confirmation,240,sbm_fixed_count,4,n0240-r0004-sbm_fixed_count,fhs3,binary_panel,0,2706,39261/7,77307/7,154614/7,96249/7,309228/7,22087.714285714286,fcee70ebbc14df55c26492de544fb4a672ea513b56b189ca4cb86859c7699399
confirmation,240,sbm_fixed_count,4,n0240-r0004-sbm_fixed_count,fhs5,source,0,2880,42222/7,51407/7,247788/7,215653/7,1213234/7,80805.47010200561,fcee70ebbc14df55c26492de544fb4a672ea513b56b189ca4cb86859c7699399
confirmation,240,sbm_fixed_count,4,n0240-r0004-sbm_fixed_count,fhs5,binary_panel,0,18793/7,77715/14,89020/7,178040/7,107813/7,356080/7,25434.285714285714,fcee70ebbc14df55c26492de544fb4a672ea513b56b189ca4cb86859c7699399
confirmation,240,sbm_fixed_count,4,n0240-r0004-sbm_fixed_count,nch,source,0,2880,42222/7,39229/7,309451/7,285909/7,2626845/7,134139.6751284381,fcee70ebbc14df55c26492de544fb4a672ea513b56b189ca4cb86859c7699399
confirmation,240,sbm_fixed_count,4,n0240-r0004-sbm_fixed_count,nch,binary_panel,0,38579/14,80065/14,65543/7,131086/7,169665/14,262172/7,18726.571428571428,fcee70ebbc14df55c26492de544fb4a672ea513b56b189ca4cb86859c7699399
confirmation,240,barabasi_albert,5,n0240-r0005-barabasi_albert,demand-aware,source,0,20158/7,42619/7,49832/7,242054/7,211900/7,1188990/7,79183.03706100327,0dcd61be3805f3dafa90c00caa33fc236d4b552f969ab8f4e473cc562b011066
confirmation,240,barabasi_albert,5,n0240-r0005-barabasi_albert,demand-aware,binary_panel,0,19280/7,39995/7,11217,22434,97799/7,44868,22434.0,0dcd61be3805f3dafa90c00caa33fc236d4b552f969ab8f4e473cc562b011066
confirmation,240,barabasi_albert,5,n0240-r0005-barabasi_albert,fhs3,source,0,2880,42631/7,56146/7,166090/7,130034/7,493574/7,37214.20540591289,0dcd61be3805f3dafa90c00caa33fc236d4b552f969ab8f4e473cc562b011066
confirmation,240,barabasi_albert,5,n0240-r0005-barabasi_albert,fhs3,binary_panel,0,19324/7,39878/7,72236/7,144472/7,13080,288944/7,20638.85714285714,0dcd61be3805f3dafa90c00caa33fc236d4b552f969ab8f4e473cc562b011066
confirmation,240,barabasi_albert,5,n0240-r0005-barabasi_albert,fhs5,source,0,20158/7,42619/7,49832/7,242054/7,211900/7,1188990/7,79183.03706100327,0dcd61be3805f3dafa90c00caa33fc236d4b552f969ab8f4e473cc562b011066
confirmation,240,barabasi_albert,5,n0240-r0005-barabasi_albert,fhs5,binary_panel,0,19280/7,39995/7,11217,22434,97799/7,44868,22434.0,0dcd61be3805f3dafa90c00caa33fc236d4b552f969ab8f4e473cc562b011066
confirmation,240,barabasi_albert,5,n0240-r0005-barabasi_albert,nch,source,0,2880,42631/7,35953/7,530695/7,502114/7,11082203/7,315342.3856864,0dcd61be3805f3dafa90c00caa33fc236d4b552f969ab8f4e473cc562b011066
confirmation,240,barabasi_albert,5,n0240-r0005-barabasi_albert,nch,binary_panel,0,19849/7,41585/7,129965/14,129965/7,169663/14,259930/7,18566.428571428572,0dcd61be3805f3dafa90c00caa33fc236d4b552f969ab8f4e473cc562b011066
confirmation,240,er_gnm,5,n0240-r0005-er_gnm,demand-aware,source,0,20156/7,42622/7,49055/7,238121/7,208909/7,167545,77978.2352748679,0b55d259fa3da672ada421fad626505d3236cb01feb63b7118061a45fb7c52d6
confirmation,240,er_gnm,5,n0240-r0005-er_gnm,demand-aware,binary_panel,0,20032/7,84527/14,173741/14,173741/7,213805/14,347482/7,24820.14285714286,0b55d259fa3da672ada421fad626505d3236cb01feb63b7118061a45fb7c52d6
confirmation,240,er_gnm,5,n0240-r0005-er_gnm,fhs3,source,0,2879,42618/7,57164/7,168372/7,18762,71268,37601.87716670321,0b55d259fa3da672ada421fad626505d3236cb01feb63b7118061a45fb7c52d6
confirmation,240,er_gnm,5,n0240-r0005-er_gnm,fhs3,binary_panel,0,40083/14,84577/14,76206/7,152412/7,192495/14,304824/7,21773.14285714286,0b55d259fa3da672ada421fad626505d3236cb01feb63b7118061a45fb7c52d6
confirmation,240,er_gnm,5,n0240-r0005-er_gnm,fhs5,source,0,20156/7,42622/7,49055/7,238121/7,208909/7,167545,77978.2352748679,0b55d259fa3da672ada421fad626505d3236cb01feb63b7118061a45fb7c52d6
confirmation,240,er_gnm,5,n0240-r0005-er_gnm,fhs5,binary_panel,0,20032/7,84527/14,173741/14,173741/7,213805/14,347482/7,24820.14285714286,0b55d259fa3da672ada421fad626505d3236cb01feb63b7118061a45fb7c52d6
confirmation,240,er_gnm,5,n0240-r0005-er_gnm,nch,source,0,2880,42631/7,38630/7,42967,278907/7,2518559/7,129558.45617938078,0b55d259fa3da672ada421fad626505d3236cb01feb63b7118061a45fb7c52d6
confirmation,240,er_gnm,5,n0240-r0005-er_gnm,nch,binary_panel,0,20121/7,42523/7,131013/14,131013/7,24465/2,262026/7,18716.14285714286,0b55d259fa3da672ada421fad626505d3236cb01feb63b7118061a45fb7c52d6
confirmation,240,sbm_fixed_count,5,n0240-r0005-sbm_fixed_count,demand-aware,source,0,20159/7,42625/7,7372,248664/7,216362/7,1217736/7,81095.22500003688,6bbe979204d37729d68d1d32d44305ea4b91885e204d1d240906338b89c53bfe
confirmation,240,sbm_fixed_count,5,n0240-r0005-sbm_fixed_count,demand-aware,binary_panel,0,18750/7,39013/7,87974/7,175948/7,106724/7,351896/7,25135.428571428572,6bbe979204d37729d68d1d32d44305ea4b91885e204d1d240906338b89c53bfe
confirmation,240,sbm_fixed_count,5,n0240-r0005-sbm_fixed_count,fhs3,source,0,19570/7,41180/7,59110/7,174333/7,134726/7,517005/7,38972.14320127124,6bbe979204d37729d68d1d32d44305ea4b91885e204d1d240906338b89c53bfe
confirmation,240,sbm_fixed_count,5,n0240-r0005-sbm_fixed_count,fhs3,binary_panel,0,37679/14,78663/14,154593/14,154593/7,96136/7,309186/7,22084.714285714286,6bbe979204d37729d68d1d32d44305ea4b91885e204d1d240906338b89c53bfe
confirmation,240,sbm_fixed_count,5,n0240-r0005-sbm_fixed_count,fhs5,source,0,20159/7,42625/7,7372,248664/7,216362/7,1217736/7,81095.22500003688,6bbe979204d37729d68d1d32d44305ea4b91885e204d1d240906338b89c53bfe
confirmation,240,sbm_fixed_count,5,n0240-r0005-sbm_fixed_count,fhs5,binary_panel,0,18750/7,39013/7,87974/7,175948/7,106724/7,351896/7,25135.428571428572,6bbe979204d37729d68d1d32d44305ea4b91885e204d1d240906338b89c53bfe
confirmation,240,sbm_fixed_count,5,n0240-r0005-sbm_fixed_count,nch,source,0,2880,42631/7,39591/7,306161/7,40362,366749,131695.9709568531,6bbe979204d37729d68d1d32d44305ea4b91885e204d1d240906338b89c53bfe
confirmation,240,sbm_fixed_count,5,n0240-r0005-sbm_fixed_count,nch,binary_panel,0,19312/7,40458/7,65266/7,130532/7,84578/7,261064/7,18647.428571428572,6bbe979204d37729d68d1d32d44305ea4b91885e204d1d240906338b89c53bfe
confirmation,240,barabasi_albert,6,n0240-r0006-barabasi_albert,demand-aware,source,0,2880,42569/7,49394/7,239675/7,210067/7,1177801/7,78397.75081585972,4f9f8558b181cb62370df41c449ec0109fe5b64785d69608bd9a6c0afd09c4ba
confirmation,240,barabasi_albert,6,n0240-r0006-barabasi_albert,demand-aware,binary_panel,0,19606/7,81619/14,22985/2,22985,200107/14,45970,22985.0,4f9f8558b181cb62370df41c449ec0109fe5b64785d69608bd9a6c0afd09c4ba
confirmation,240,barabasi_albert,6,n0240-r0006-barabasi_albert,fhs3,source,0,2880,42569/7,56544/7,167253/7,130763/7,497001/7,37472.35450781203,4f9f8558b181cb62370df41c449ec0109fe5b64785d69608bd9a6c0afd09c4ba
confirmation,240,barabasi_albert,6,n0240-r0006-barabasi_albert,fhs3,binary_panel,0,19738/7,41229/7,71166/7,142332/7,90904/7,284664/7,20333.14285714286,4f9f8558b181cb62370df41c449ec0109fe5b64785d69608bd9a6c0afd09c4ba
confirmation,240,barabasi_albert,6,n0240-r0006-barabasi_albert,fhs5,source,0,2880,42569/7,49394/7,239675/7,210067/7,1177801/7,78397.75081585972,4f9f8558b181cb62370df41c449ec0109fe5b64785d69608bd9a6c0afd09c4ba
confirmation,240,barabasi_albert,6,n0240-r0006-barabasi_albert,fhs5,binary_panel,0,19606/7,81619/14,22985/2,22985,200107/14,45970,22985.0,4f9f8558b181cb62370df41c449ec0109fe5b64785d69608bd9a6c0afd09c4ba
confirmation,240,barabasi_albert,6,n0240-r0006-barabasi_albert,nch,source,0,2880,42569/7,35871/7,549772/7,520740/7,13546240/7,337998.01450608525,4f9f8558b181cb62370df41c449ec0109fe5b64785d69608bd9a6c0afd09c4ba
confirmation,240,barabasi_albert,6,n0240-r0006-barabasi_albert,nch,binary_panel,0,19954/7,5988,64731/7,129462/7,84685/7,258924/7,18494.571428571428,4f9f8558b181cb62370df41c449ec0109fe5b64785d69608bd9a6c0afd09c4ba
confirmation,240,er_gnm,6,n0240-r0006-er_gnm,demand-aware,source,0,20150/7,42528/7,49492/7,241250/7,211166/7,1188018/7,79066.69725993255,5dea9be65b557b0f2e35cfe854046ef14e975067702827cb88c4bb0066e72345
confirmation,240,er_gnm,6,n0240-r0006-er_gnm,demand-aware,binary_panel,0,20008/7,6017,87588/7,175176/7,107596/7,350352/7,25025.14285714286,5dea9be65b557b0f2e35cfe854046ef14e975067702827cb88c4bb0066e72345
confirmation,240,er_gnm,6,n0240-r0006-er_gnm,fhs3,source,0,20159/7,42568/7,8200,168755/7,131435/7,499375/7,37634.279311318554,5dea9be65b557b0f2e35cfe854046ef14e975067702827cb88c4bb0066e72345
confirmation,240,er_gnm,6,n0240-r0006-er_gnm,fhs3,binary_panel,0,20089/7,42348/7,76648/7,153296/7,96737/7,306592/7,21899.428571428572,5dea9be65b557b0f2e35cfe854046ef14e975067702827cb88c4bb0066e72345
confirmation,240,er_gnm,6,n0240-r0006-er_gnm,fhs5,source,0,20150/7,42528/7,49492/7,241250/7,211166/7,1188018/7,79066.69725993255,5dea9be65b557b0f2e35cfe854046ef14e975067702827cb88c4bb0066e72345
confirmation,240,er_gnm,6,n0240-r0006-er_gnm,fhs5,binary_panel,0,20008/7,6017,87588/7,175176/7,107596/7,350352/7,25025.14285714286,5dea9be65b557b0f2e35cfe854046ef14e975067702827cb88c4bb0066e72345
confirmation,240,er_gnm,6,n0240-r0006-er_gnm,nch,source,0,2880,42569/7,38784/7,324389/7,301291/7,423201,144983.82612944432,5dea9be65b557b0f2e35cfe854046ef14e975067702827cb88c4bb0066e72345
confirmation,240,er_gnm,6,n0240-r0006-er_gnm,nch,binary_panel,0,20128/7,42472/7,66742/7,133484/7,12410,266968/7,19069.14285714286,5dea9be65b557b0f2e35cfe854046ef14e975067702827cb88c4bb0066e72345
confirmation,240,sbm_fixed_count,6,n0240-r0006-sbm_fixed_count,demand-aware,source,0,2880,42569/7,50839/7,246060/7,30662,1207788/7,80403.7835799094,635e32e85310d591bf94776b00bed095c2ec67c1cdba5efa0cd12c10c7c48beb
confirmation,240,sbm_fixed_count,6,n0240-r0006-sbm_fixed_count,demand-aware,binary_panel,0,18975/7,39492/7,12728,25456,108071/7,50912,25456.0,635e32e85310d591bf94776b00bed095c2ec67c1cdba5efa0cd12c10c7c48beb
confirmation,240,sbm_fixed_count,6,n0240-r0006-sbm_fixed_count,fhs3,source,0,19794/7,41534/7,59078/7,173713/7,134378/7,514097/7,38744.183565385116,635e32e85310d591bf94776b00bed095c2ec67c1cdba5efa0cd12c10c7c48beb
confirmation,240,sbm_fixed_count,6,n0240-r0006-sbm_fixed_count,fhs3,binary_panel,0,5459/2,79713/14,77764/7,155528/7,193741/14,311056/7,22218.285714285714,635e32e85310d591bf94776b00bed095c2ec67c1cdba5efa0cd12c10c7c48beb
confirmation,240,sbm_fixed_count,6,n0240-r0006-sbm_fixed_count,fhs5,source,0,2880,42569/7,50839/7,246060/7,30662,1207788/7,80403.7835799094,635e32e85310d591bf94776b00bed095c2ec67c1cdba5efa0cd12c10c7c48beb
confirmation,240,sbm_fixed_count,6,n0240-r0006-sbm_fixed_count,fhs5,binary_panel,0,18975/7,39492/7,12728,25456,108071/7,50912,25456.0,635e32e85310d591bf94776b00bed095c2ec67c1cdba5efa0cd12c10c7c48beb
confirmation,240,sbm_fixed_count,6,n0240-r0006-sbm_fixed_count,nch,source,0,2880,42569/7,39031/7,311608/7,288408/7,2652824/7,135555.1179824816,635e32e85310d591bf94776b00bed095c2ec67c1cdba5efa0cd12c10c7c48beb
confirmation,240,sbm_fixed_count,6,n0240-r0006-sbm_fixed_count,nch,binary_panel,0,19434/7,40634/7,65047/7,130094/7,84481/7,260188/7,18584.85714285714,635e32e85310d591bf94776b00bed095c2ec67c1cdba5efa0cd12c10c7c48beb
confirmation,240,barabasi_albert,7,n0240-r0007-barabasi_albert,demand-aware,source,0,2880,42131/7,7009,238633/7,209442/7,1175439/7,78181.01095690795,e1532882db506afd1b60b150c9a28bf6a687e51adf0a5457bb34e4ba8e93bbde
confirmation,240,barabasi_albert,7,n0240-r0007-barabasi_albert,demand-aware,binary_panel,0,19491/7,39979/7,78432/7,156864/7,13989,313728/7,22409.14285714286,e1532882db506afd1b60b150c9a28bf6a687e51adf0a5457bb34e4ba8e93bbde
confirmation,240,barabasi_albert,7,n0240-r0007-barabasi_albert,fhs3,source,0,20152/7,42107/7,8033,165488/7,129370/7,490054/7,36934.66638424573,e1532882db506afd1b60b150c9a28bf6a687e51adf0a5457bb34e4ba8e93bbde
confirmation,240,barabasi_albert,7,n0240-r0007-barabasi_albert,fhs3,binary_panel,0,19300/7,39138/7,70965/7,141930/7,12895,283860/7,20275.714285714286,e1532882db506afd1b60b150c9a28bf6a687e51adf0a5457bb34e4ba8e93bbde
confirmation,240,barabasi_albert,7,n0240-r0007-barabasi_albert,fhs5,source,0,2880,42131/7,7009,238633/7,209442/7,1175439/7,78181.01095690795,e1532882db506afd1b60b150c9a28bf6a687e51adf0a5457bb34e4ba8e93bbde
confirmation,240,barabasi_albert,7,n0240-r0007-barabasi_albert,fhs5,binary_panel,0,19491/7,39979/7,78432/7,156864/7,13989,313728/7,22409.14285714286,e1532882db506afd1b60b150c9a28bf6a687e51adf0a5457bb34e4ba8e93bbde
confirmation,240,barabasi_albert,7,n0240-r0007-barabasi_albert,nch,source,0,2880,42131/7,35969/7,76363,505803/7,11882545/7,320838.36141799745,e1532882db506afd1b60b150c9a28bf6a687e51adf0a5457bb34e4ba8e93bbde
confirmation,240,barabasi_albert,7,n0240-r0007-barabasi_albert,nch,binary_panel,0,39715/14,82141/14,65393/7,130786/7,170501/14,261572/7,18683.714285714286,e1532882db506afd1b60b150c9a28bf6a687e51adf0a5457bb34e4ba8e93bbde
confirmation,240,er_gnm,7,n0240-r0007-er_gnm,demand-aware,source,0,2880,42131/7,49228/7,238836/7,209287/7,1174560/7,78150.01931517941,e78355661bff87fadbdfdde534a97c9c051e6670fb03036f873b4d8e1bd14d3a
confirmation,240,er_gnm,7,n0240-r0007-er_gnm,demand-aware,binary_panel,0,39975/14,41620/7,12206,24412,210859/14,48824,24412.0,e78355661bff87fadbdfdde534a97c9c051e6670fb03036f873b4d8e1bd14d3a
confirmation,240,er_gnm,7,n0240-r0007-er_gnm,fhs3,source,0,20152/7,42096/7,57051/7,168465/7,131527/7,500019/7,37695.13561144466,e78355661bff87fadbdfdde534a97c9c051e6670fb03036f873b4d8e1bd14d3a
confirmation,240,er_gnm,7,n0240-r0007-er_gnm,fhs3,binary_panel,0,20026/7,41751/7,76103/7,152206/7,96129/7,304412/7,21743.714285714286,e78355661bff87fadbdfdde534a97c9c051e6670fb03036f873b4d8e1bd14d3a
confirmation,240,er_gnm,7,n0240-r0007-er_gnm,fhs5,source,0,2880,42131/7,49228/7,238836/7,209287/7,1174560/7,78150.01931517941,e78355661bff87fadbdfdde534a97c9c051e6670fb03036f873b4d8e1bd14d3a
confirmation,240,er_gnm,7,n0240-r0007-er_gnm,fhs5,binary_panel,0,39975/14,41620/7,12206,24412,210859/14,48824,24412.0,e78355661bff87fadbdfdde534a97c9c051e6670fb03036f873b4d8e1bd14d3a
confirmation,240,er_gnm,7,n0240-r0007-er_gnm,nch,source,0,20159/7,42125/7,38827/7,320897/7,298180/7,2840785/7,142078.24578040114,e78355661bff87fadbdfdde534a97c9c051e6670fb03036f873b4d8e1bd14d3a
confirmation,240,er_gnm,7,n0240-r0007-er_gnm,nch,binary_panel,0,20112/7,41963/7,66128/7,132256/7,12320,264512/7,18893.714285714286,e78355661bff87fadbdfdde534a97c9c051e6670fb03036f873b4d8e1bd14d3a
confirmation,240,sbm_fixed_count,7,n0240-r0007-sbm_fixed_count,demand-aware,source,0,2880,42131/7,51144/7,35452,216417/7,1219668/7,81182.12383752775,29302194278f1db977563928d41927e20b6911cedd0a90055a11fe00dfb5ef30
confirmation,240,sbm_fixed_count,7,n0240-r0007-sbm_fixed_count,demand-aware,binary_panel,0,19100/7,39253/7,90208/7,180416/7,109308/7,360832/7,25773.714285714286,29302194278f1db977563928d41927e20b6911cedd0a90055a11fe00dfb5ef30
confirmation,240,sbm_fixed_count,7,n0240-r0007-sbm_fixed_count,fhs3,source,0,20060/7,41806/7,60716/7,178330/7,137525/7,527354/7,39739.941299728154,29302194278f1db977563928d41927e20b6911cedd0a90055a11fe00dfb5ef30
confirmation,240,sbm_fixed_count,7,n0240-r0007-sbm_fixed_count,fhs3,binary_panel,0,19322/7,39817/7,79707/7,159414/7,14147,318828/7,22773.428571428572,29302194278f1db977563928d41927e20b6911cedd0a90055a11fe00dfb5ef30
confirmation,240,sbm_fixed_count,7,n0240-r0007-sbm_fixed_count,fhs5,source,0,2880,42131/7,51144/7,35452,216417/7,1219668/7,81182.12383752775,29302194278f1db977563928d41927e20b6911cedd0a90055a11fe00dfb5ef30
confirmation,240,sbm_fixed_count,7,n0240-r0007-sbm_fixed_count,fhs5,binary_panel,0,19100/7,39253/7,90208/7,180416/7,109308/7,360832/7,25773.714285714286,29302194278f1db977563928d41927e20b6911cedd0a90055a11fe00dfb5ef30
confirmation,240,sbm_fixed_count,7,n0240-r0007-sbm_fixed_count,nch,source,0,20159/7,42125/7,39322/7,328630/7,304389/7,2974152/7,146616.208699022,29302194278f1db977563928d41927e20b6911cedd0a90055a11fe00dfb5ef30
confirmation,240,sbm_fixed_count,7,n0240-r0007-sbm_fixed_count,nch,binary_panel,0,19804/7,5863,9517,19034,86423/7,38068,19034.0,29302194278f1db977563928d41927e20b6911cedd0a90055a11fe00dfb5ef30
confirmation,240,barabasi_albert,8,n0240-r0008-barabasi_albert,demand-aware,source,0,2880,42703/7,49414/7,240911/7,30167,1187647/7,78995.02037485417,831cf7cedaef933f6520190c797df3843ffd6c0013a28272f77000c071ec5cef
confirmation,240,barabasi_albert,8,n0240-r0008-barabasi_albert,demand-aware,binary_panel,0,19557/7,40819/7,78559/7,157118/7,98116/7,314236/7,22445.428571428572,831cf7cedaef933f6520190c797df3843ffd6c0013a28272f77000c071ec5cef
confirmation,240,barabasi_albert,8,n0240-r0008-barabasi_albert,fhs3,source,0,20156/7,42685/7,56206/7,166455/7,130304/7,495039/7,37327.769325631474,831cf7cedaef933f6520190c797df3843ffd6c0013a28272f77000c071ec5cef
confirmation,240,barabasi_albert,8,n0240-r0008-barabasi_albert,fhs3,binary_panel,0,19785/7,41498/7,71283/7,142566/7,91068/7,285132/7,20366.571428571428,831cf7cedaef933f6520190c797df3843ffd6c0013a28272f77000c071ec5cef
confirmation,240,barabasi_albert,8,n0240-r0008-barabasi_albert,fhs5,source,0,2880,42703/7,49414/7,240911/7,30167,1187647/7,78995.02037485417,831cf7cedaef933f6520190c797df3843ffd6c0013a28272f77000c071ec5cef
confirmation,240,barabasi_albert,8,n0240-r0008-barabasi_albert,fhs5,binary_panel,0,19557/7,40819/7,78559/7,157118/7,98116/7,314236/7,22445.428571428572,831cf7cedaef933f6520190c797df3843ffd6c0013a28272f77000c071ec5cef
confirmation,240,barabasi_albert,8,n0240-r0008-barabasi_albert,nch,source,0,2880,42703/7,36180/7,502771/7,474224/7,9618305/7,290427.9814465054,831cf7cedaef933f6520190c797df3843ffd6c0013a28272f77000c071ec5cef
confirmation,240,barabasi_albert,8,n0240-r0008-barabasi_albert,nch,binary_panel,0,2837,41807/7,129869/14,129869/7,169587/14,259738/7,18552.714285714286,831cf7cedaef933f6520190c797df3843ffd6c0013a28272f77000c071ec5cef
confirmation,240,er_gnm,8,n0240-r0008-er_gnm,demand-aware,source,0,2878,6094,49347/7,238074/7,208497/7,1167230/7,77704.40147301622,60baefea3185888a28a03b646a4c328ba89781b83c20e117a9a1a8fb16080351
confirmation,240,er_gnm,8,n0240-r0008-er_gnm,demand-aware,binary_panel,0,20001/7,84401/14,86045/7,172090/7,106046/7,344180/7,24584.285714285714,60baefea3185888a28a03b646a4c328ba89781b83c20e117a9a1a8fb16080351
confirmation,240,er_gnm,8,n0240-r0008-er_gnm,fhs3,source,0,20149/7,42668/7,57707/7,169471/7,131860/7,501113/7,37762.13624349294,60baefea3185888a28a03b646a4c328ba89781b83c20e117a9a1a8fb16080351
confirmation,240,er_gnm,8,n0240-r0008-er_gnm,fhs3,binary_panel,0,20011/7,84519/14,152771/14,152771/7,192793/14,305542/7,21824.428571428572,60baefea3185888a28a03b646a4c328ba89781b83c20e117a9a1a8fb16080351
confirmation,240,er_gnm,8,n0240-r0008-er_gnm,fhs5,source,0,2878,6094,49347/7,238074/7,208497/7,1167230/7,77704.40147301622,60baefea3185888a28a03b646a4c328ba89781b83c20e117a9a1a8fb16080351
confirmation,240,er_gnm,8,n0240-r0008-er_gnm,fhs5,binary_panel,0,20001/7,84401/14,86045/7,172090/7,106046/7,344180/7,24584.285714285714,60baefea3185888a28a03b646a4c328ba89781b83c20e117a9a1a8fb16080351
confirmation,240,er_gnm,8,n0240-r0008-er_gnm,nch,source,0,2880,42703/7,39076/7,315195/7,292049/7,388953,137928.34969893354,60baefea3185888a28a03b646a4c328ba89781b83c20e117a9a1a8fb16080351
confirmation,240,er_gnm,8,n0240-r0008-er_gnm,nch,binary_panel,0,20121/7,85161/14,132865/14,132865/7,173107/14,265730/7,18980.714285714286,60baefea3185888a28a03b646a4c328ba89781b83c20e117a9a1a8fb16080351
confirmation,240,sbm_fixed_count,8,n0240-r0008-sbm_fixed_count,demand-aware,source,0,20159/7,42697/7,7267,247554/7,215885/7,1218874/7,81098.66284294317,d4cdad63f05fd3a5e1030cb920291954b610b5fe2f8632bbf91120dab287555a
confirmation,240,sbm_fixed_count,8,n0240-r0008-sbm_fixed_count,demand-aware,binary_panel,0,37889/14,39489/7,89928/7,179856/7,217745/14,359712/7,25693.714285714286,d4cdad63f05fd3a5e1030cb920291954b610b5fe2f8632bbf91120dab287555a
confirmation,240,sbm_fixed_count,8,n0240-r0008-sbm_fixed_count,fhs3,source,0,20066/7,42457/7,60401/7,177644/7,137204/7,525814/7,39627.902199710836,d4cdad63f05fd3a5e1030cb920291954b610b5fe2f8632bbf91120dab287555a
confirmation,240,sbm_fixed_count,8,n0240-r0008-sbm_fixed_count,fhs3,binary_panel,0,38139/14,39947/7,156189/14,156189/7,97164/7,312378/7,22312.714285714286,d4cdad63f05fd3a5e1030cb920291954b610b5fe2f8632bbf91120dab287555a
confirmation,240,sbm_fixed_count,8,n0240-r0008-sbm_fixed_count,fhs5,source,0,20159/7,42697/7,7267,247554/7,215885/7,1218874/7,81098.66284294317,d4cdad63f05fd3a5e1030cb920291954b610b5fe2f8632bbf91120dab287555a
confirmation,240,sbm_fixed_count,8,n0240-r0008-sbm_fixed_count,fhs5,binary_panel,0,37889/14,39489/7,89928/7,179856/7,217745/14,359712/7,25693.714285714286,d4cdad63f05fd3a5e1030cb920291954b610b5fe2f8632bbf91120dab287555a
confirmation,240,sbm_fixed_count,8,n0240-r0008-sbm_fixed_count,nch,source,0,2880,42703/7,39373/7,45773,296368/7,2800799/7,140905.84102849383,d4cdad63f05fd3a5e1030cb920291954b610b5fe2f8632bbf91120dab287555a
confirmation,240,sbm_fixed_count,8,n0240-r0008-sbm_fixed_count,nch,binary_panel,0,19632/7,5900,9428,18856,85628/7,37712,18856.0,d4cdad63f05fd3a5e1030cb920291954b610b5fe2f8632bbf91120dab287555a
confirmation,240,barabasi_albert,9,n0240-r0009-barabasi_albert,demand-aware,source,0,2880,42376/7,49103/7,236892/7,207540/7,165998,77333.0782429666,b79067b832eaf6b74002686f282cfebc7a959ffcac34605b5b84a67685a7a2d5
confirmation,240,barabasi_albert,9,n0240-r0009-barabasi_albert,demand-aware,binary_panel,0,19192/7,5633,76130/7,152260/7,95322/7,304520/7,21751.428571428572,b79067b832eaf6b74002686f282cfebc7a959ffcac34605b5b84a67685a7a2d5
confirmation,240,barabasi_albert,9,n0240-r0009-barabasi_albert,fhs3,source,0,20054/7,42044/7,8196,169434/7,132001/7,502938/7,37915.542499045725,b79067b832eaf6b74002686f282cfebc7a959ffcac34605b5b84a67685a7a2d5
confirmation,240,barabasi_albert,9,n0240-r0009-barabasi_albert,fhs3,binary_panel,0,19004/7,38651/7,69473/7,138946/7,88477/7,277892/7,19849.428571428572,b79067b832eaf6b74002686f282cfebc7a959ffcac34605b5b84a67685a7a2d5
confirmation,240,barabasi_albert,9,n0240-r0009-barabasi_albert,fhs5,source,0,2880,42376/7,49103/7,236892/7,207540/7,165998,77333.0782429666,b79067b832eaf6b74002686f282cfebc7a959ffcac34605b5b84a67685a7a2d5
confirmation,240,barabasi_albert,9,n0240-r0009-barabasi_albert,fhs5,binary_panel,0,19192/7,5633,76130/7,152260/7,95322/7,304520/7,21751.428571428572,b79067b832eaf6b74002686f282cfebc7a959ffcac34605b5b84a67685a7a2d5
confirmation,240,barabasi_albert,9,n0240-r0009-barabasi_albert,nch,source,0,20157/7,42358/7,35339/7,84541,561431/7,16216087/7,374910.27236708853,b79067b832eaf6b74002686f282cfebc7a959ffcac34605b5b84a67685a7a2d5
confirmation,240,barabasi_albert,9,n0240-r0009-barabasi_albert,nch,binary_panel,0,38709/14,5660,66105/7,132210/7,24417/2,264420/7,18887.14285714286,b79067b832eaf6b74002686f282cfebc7a959ffcac34605b5b84a67685a7a2d5
confirmation,240,er_gnm,9,n0240-r0009-er_gnm,demand-aware,source,0,20150/7,42354/7,49529/7,238583/7,208654/7,1169793/7,77840.41157869449,cad4595a92fb0e2c3520b2bc52ea00da1c17c0966f1ee8647c94cc1cdc8900ef
confirmation,240,er_gnm,9,n0240-r0009-er_gnm,demand-aware,binary_panel,0,20029/7,42050/7,86750/7,173500/7,106779/7,347000/7,24785.714285714286,cad4595a92fb0e2c3520b2bc52ea00da1c17c0966f1ee8647c94cc1cdc8900ef
confirmation,240,er_gnm,9,n0240-r0009-er_gnm,fhs3,source,0,20150/7,42354/7,57396/7,169290/7,131955/7,502074/7,37846.837013272096,cad4595a92fb0e2c3520b2bc52ea00da1c17c0966f1ee8647c94cc1cdc8900ef
confirmation,240,er_gnm,9,n0240-r0009-er_gnm,fhs3,binary_panel,0,20087/7,12051/2,76928/7,153856/7,97015/7,307712/7,21979.428571428572,cad4595a92fb0e2c3520b2bc52ea00da1c17c0966f1ee8647c94cc1cdc8900ef
confirmation,240,er_gnm,9,n0240-r0009-er_gnm,fhs5,source,0,20150/7,42354/7,49529/7,238583/7,208654/7,1169793/7,77840.41157869449,cad4595a92fb0e2c3520b2bc52ea00da1c17c0966f1ee8647c94cc1cdc8900ef
confirmation,240,er_gnm,9,n0240-r0009-er_gnm,fhs5,binary_panel,0,20029/7,42050/7,86750/7,173500/7,106779/7,347000/7,24785.714285714286,cad4595a92fb0e2c3520b2bc52ea00da1c17c0966f1ee8647c94cc1cdc8900ef
confirmation,240,er_gnm,9,n0240-r0009-er_gnm,nch,source,0,2880,42376/7,38953/7,43145,279449/7,357799,129628.82782165497,cad4595a92fb0e2c3520b2bc52ea00da1c17c0966f1ee8647c94cc1cdc8900ef
confirmation,240,er_gnm,9,n0240-r0009-er_gnm,nch,binary_panel,0,20127/7,84613/14,66387/7,132774/7,86514/7,265548/7,18967.714285714286,cad4595a92fb0e2c3520b2bc52ea00da1c17c0966f1ee8647c94cc1cdc8900ef
confirmation,240,sbm_fixed_count,9,n0240-r0009-sbm_fixed_count,demand-aware,source,0,20157/7,6052,50966/7,247754/7,215895/7,1217866/7,81088.68173774147,5f273c76d7e7e6d97c9903a94d7cd92189469a4b2b902a27beeed9508d744927
confirmation,240,sbm_fixed_count,9,n0240-r0009-sbm_fixed_count,demand-aware,binary_panel,0,18983/7,39341/7,91880/7,183760/7,110863/7,367520/7,26251.428571428572,5f273c76d7e7e6d97c9903a94d7cd92189469a4b2b902a27beeed9508d744927
confirmation,240,sbm_fixed_count,9,n0240-r0009-sbm_fixed_count,fhs3,source,0,19833/7,41551/7,59522/7,175708/7,135868/7,521408/7,39306.70648894154,5f273c76d7e7e6d97c9903a94d7cd92189469a4b2b902a27beeed9508d744927
confirmation,240,sbm_fixed_count,9,n0240-r0009-sbm_fixed_count,fhs3,binary_panel,0,19144/7,79571/14,78620/7,157240/7,97764/7,314480/7,22462.85714285714,5f273c76d7e7e6d97c9903a94d7cd92189469a4b2b902a27beeed9508d744927
confirmation,240,sbm_fixed_count,9,n0240-r0009-sbm_fixed_count,fhs5,source,0,20157/7,6052,50966/7,247754/7,215895/7,1217866/7,81088.68173774147,5f273c76d7e7e6d97c9903a94d7cd92189469a4b2b902a27beeed9508d744927
confirmation,240,sbm_fixed_count,9,n0240-r0009-sbm_fixed_count,fhs5,binary_panel,0,18983/7,39341/7,91880/7,183760/7,110863/7,367520/7,26251.428571428572,5f273c76d7e7e6d97c9903a94d7cd92189469a4b2b902a27beeed9508d744927
confirmation,240,sbm_fixed_count,9,n0240-r0009-sbm_fixed_count,nch,source,0,2880,42376/7,39551/7,311869/7,287661/7,2633909/7,135084.7571691054,5f273c76d7e7e6d97c9903a94d7cd92189469a4b2b902a27beeed9508d744927
confirmation,240,sbm_fixed_count,9,n0240-r0009-sbm_fixed_count,nch,binary_panel,0,19394/7,40408/7,65633/7,131266/7,85027/7,262532/7,18752.285714285714,5f273c76d7e7e6d97c9903a94d7cd92189469a4b2b902a27beeed9508d744927
confirmation,240,barabasi_albert,10,n0240-r0010-barabasi_albert,demand-aware,source,0,2880,42507/7,49254/7,238244/7,208756/7,167130,77853.0309610142,f2bf21b85f1cdf9f1df9d0c0aa2e44be6fea3948dbbcdf648062bbbde384fe90
confirmation,240,barabasi_albert,10,n0240-r0010-barabasi_albert,demand-aware,binary_panel,0,18911/7,38391/7,77579/7,155158/7,96490/7,310316/7,22165.428571428572,f2bf21b85f1cdf9f1df9d0c0aa2e44be6fea3948dbbcdf648062bbbde384fe90
confirmation,240,barabasi_albert,10,n0240-r0010-barabasi_albert,fhs3,source,0,2880,42507/7,56244/7,166868/7,130716/7,496876/7,37471.25462394992,f2bf21b85f1cdf9f1df9d0c0aa2e44be6fea3948dbbcdf648062bbbde384fe90
confirmation,240,barabasi_albert,10,n0240-r0010-barabasi_albert,fhs3,binary_panel,0,19755/7,41205/7,70733/7,141466/7,90488/7,282932/7,20209.428571428572,f2bf21b85f1cdf9f1df9d0c0aa2e44be6fea3948dbbcdf648062bbbde384fe90
confirmation,240,barabasi_albert,10,n0240-r0010-barabasi_albert,fhs5,source,0,2880,42507/7,49254/7,238244/7,208756/7,167130,77853.0309610142,f2bf21b85f1cdf9f1df9d0c0aa2e44be6fea3948dbbcdf648062bbbde384fe90
confirmation,240,barabasi_albert,10,n0240-r0010-barabasi_albert,fhs5,binary_panel,0,18911/7,38391/7,77579/7,155158/7,96490/7,310316/7,22165.428571428572,f2bf21b85f1cdf9f1df9d0c0aa2e44be6fea3948dbbcdf648062bbbde384fe90
confirmation,240,barabasi_albert,10,n0240-r0010-barabasi_albert,nch,source,0,2880,42507/7,35839/7,79188,525109/7,14518748/7,342881.5054408641,f2bf21b85f1cdf9f1df9d0c0aa2e44be6fea3948dbbcdf648062bbbde384fe90
confirmation,240,barabasi_albert,10,n0240-r0010-barabasi_albert,nch,binary_panel,0,2844,41605/7,9294,18588,12138,37176,18588.0,f2bf21b85f1cdf9f1df9d0c0aa2e44be6fea3948dbbcdf648062bbbde384fe90
confirmation,240,er_gnm,10,n0240-r0010-er_gnm,demand-aware,source,0,2880,42507/7,49346/7,34346,210594/7,1185068/7,78820.39951596686,21f0c422f5e7d9743f5ba7f422d87ef4acf6a8d9a501da012b2ce0e83686b616
confirmation,240,er_gnm,10,n0240-r0010-er_gnm,demand-aware,binary_panel,0,2856,42015/7,87569/7,175138/7,107561/7,350276/7,25019.714285714286,21f0c422f5e7d9743f5ba7f422d87ef4acf6a8d9a501da012b2ce0e83686b616
confirmation,240,er_gnm,10,n0240-r0010-er_gnm,fhs3,source,0,20157/7,42500/7,8182,169748/7,132537/7,505096/7,38088.2557313462,21f0c422f5e7d9743f5ba7f422d87ef4acf6a8d9a501da012b2ce0e83686b616
confirmation,240,er_gnm,10,n0240-r0010-er_gnm,fhs3,binary_panel,0,20003/7,42066/7,10971,21942,96800/7,43884,21942.0,21f0c422f5e7d9743f5ba7f422d87ef4acf6a8d9a501da012b2ce0e83686b616
confirmation,240,er_gnm,10,n0240-r0010-er_gnm,fhs5,source,0,2880,42507/7,49346/7,34346,210594/7,1185068/7,78820.39951596686,21f0c422f5e7d9743f5ba7f422d87ef4acf6a8d9a501da012b2ce0e83686b616
confirmation,240,er_gnm,10,n0240-r0010-er_gnm,fhs5,binary_panel,0,2856,42015/7,87569/7,175138/7,107561/7,350276/7,25019.714285714286,21f0c422f5e7d9743f5ba7f422d87ef4acf6a8d9a501da012b2ce0e83686b616
confirmation,240,er_gnm,10,n0240-r0010-er_gnm,nch,source,0,2880,42507/7,38594/7,43647,283056/7,2583897/7,132473.7941569868,21f0c422f5e7d9743f5ba7f422d87ef4acf6a8d9a501da012b2ce0e83686b616
confirmation,240,er_gnm,10,n0240-r0010-er_gnm,nch,binary_panel,0,40221/14,84669/14,131251/14,131251/7,12248,262502/7,18750.14285714286,21f0c422f5e7d9743f5ba7f422d87ef4acf6a8d9a501da012b2ce0e83686b616
confirmation,240,sbm_fixed_count,10,n0240-r0010-sbm_fixed_count,demand-aware,source,0,20142/7,42457/7,51295/7,250842/7,218821/7,1238232/7,82353.37385065245,8f67c750a1eba09197b92431f53abeb51c8293eaed94c31dee05b70a5be840a3
confirmation,240,sbm_fixed_count,10,n0240-r0010-sbm_fixed_count,demand-aware,binary_panel,0,19286/7,40157/7,183993/14,183993/7,31795/2,367986/7,26284.714285714286,8f67c750a1eba09197b92431f53abeb51c8293eaed94c31dee05b70a5be840a3
confirmation,240,sbm_fixed_count,10,n0240-r0010-sbm_fixed_count,fhs3,source,0,20136/7,42430/7,60139/7,177388/7,137294/7,75158,39658.51789265081,8f67c750a1eba09197b92431f53abeb51c8293eaed94c31dee05b70a5be840a3
confirmation,240,sbm_fixed_count,10,n0240-r0010-sbm_fixed_count,fhs3,binary_panel,0,18908/7,39093/7,11755,23510,101193/7,47020,23510.0,8f67c750a1eba09197b92431f53abeb51c8293eaed94c31dee05b70a5be840a3
confirmation,240,sbm_fixed_count,10,n0240-r0010-sbm_fixed_count,fhs5,source,0,20142/7,42457/7,51295/7,250842/7,218821/7,1238232/7,82353.37385065245,8f67c750a1eba09197b92431f53abeb51c8293eaed94c31dee05b70a5be840a3
confirmation,240,sbm_fixed_count,10,n0240-r0010-sbm_fixed_count,fhs5,binary_panel,0,19286/7,40157/7,183993/14,183993/7,31795/2,367986/7,26284.714285714286,8f67c750a1eba09197b92431f53abeb51c8293eaed94c31dee05b70a5be840a3
confirmation,240,sbm_fixed_count,10,n0240-r0010-sbm_fixed_count,nch,source,0,20156/7,42499/7,39330/7,310922/7,287040/7,2645156/7,134984.17331662594,8f67c750a1eba09197b92431f53abeb51c8293eaed94c31dee05b70a5be840a3
confirmation,240,sbm_fixed_count,10,n0240-r0010-sbm_fixed_count,nch,binary_panel,0,2822,82687/14,133639/14,133639/7,173147/14,267278/7,19091.285714285714,8f67c750a1eba09197b92431f53abeb51c8293eaed94c31dee05b70a5be840a3
confirmation,240,barabasi_albert,11,n0240-r0011-barabasi_albert,demand-aware,source,0,2880,42356/7,49209/7,239151/7,209777/7,167963,78270.9889388867,0ef3f8ac30161aa02febc7cfe885bf9d6ef492c5461bc96e4ec7fef41020d4b1
confirmation,240,barabasi_albert,11,n0240-r0011-barabasi_albert,demand-aware,binary_panel,0,37871/14,38453/7,77390/7,154780/7,192651/14,309560/7,22111.428571428572,0ef3f8ac30161aa02febc7cfe885bf9d6ef492c5461bc96e4ec7fef41020d4b1
confirmation,240,barabasi_albert,11,n0240-r0011-barabasi_albert,fhs3,source,0,20157/7,42347/7,56064/7,165625/7,129659/7,491741/7,37072.3166718913,0ef3f8ac30161aa02febc7cfe885bf9d6ef492c5461bc96e4ec7fef41020d4b1
confirmation,240,barabasi_albert,11,n0240-r0011-barabasi_albert,fhs3,binary_panel,0,39223/14,81239/14,10048,20096,179895/14,40192,20096.0,0ef3f8ac30161aa02febc7cfe885bf9d6ef492c5461bc96e4ec7fef41020d4b1
confirmation,240,barabasi_albert,11,n0240-r0011-barabasi_albert,fhs5,source,0,2880,42356/7,49209/7,239151/7,209777/7,167963,78270.9889388867,0ef3f8ac30161aa02febc7cfe885bf9d6ef492c5461bc96e4ec7fef41020d4b1
confirmation,240,barabasi_albert,11,n0240-r0011-barabasi_albert,fhs5,binary_panel,0,37871/14,38453/7,77390/7,154780/7,192651/14,309560/7,22111.428571428572,0ef3f8ac30161aa02febc7cfe885bf9d6ef492c5461bc96e4ec7fef41020d4b1
confirmation,240,barabasi_albert,11,n0240-r0011-barabasi_albert,nch,source,0,2880,42356/7,35820/7,540523/7,510961/7,11553755/7,323313.61809124314,0ef3f8ac30161aa02febc7cfe885bf9d6ef492c5461bc96e4ec7fef41020d4b1
confirmation,240,barabasi_albert,11,n0240-r0011-barabasi_albert,nch,binary_panel,0,19716/7,40942/7,65414/7,130828/7,85130/7,261656/7,18689.714285714286,0ef3f8ac30161aa02febc7cfe885bf9d6ef492c5461bc96e4ec7fef41020d4b1
confirmation,240,er_gnm,11,n0240-r0011-er_gnm,demand-aware,source,0,20155/7,42349/7,49529/7,240698/7,210663/7,1184746/7,78815.61275304944,984e6bbe50f3ba418d587a2f3acf4f6a1d10007fbb19a068618bde6f11959f66
confirmation,240,er_gnm,11,n0240-r0011-er_gnm,demand-aware,binary_panel,0,19940/7,41751/7,87181/7,174362/7,15303,348724/7,24908.85714285714,984e6bbe50f3ba418d587a2f3acf4f6a1d10007fbb19a068618bde6f11959f66
confirmation,240,er_gnm,11,n0240-r0011-er_gnm,fhs3,source,0,20157/7,42344/7,57611/7,170318/7,132787/7,505924/7,38143.61168845692,984e6bbe50f3ba418d587a2f3acf4f6a1d10007fbb19a068618bde6f11959f66
confirmation,240,er_gnm,11,n0240-r0011-er_gnm,fhs3,binary_panel,0,20037/7,5998,77125/7,154250/7,97162/7,308500/7,22035.714285714286,984e6bbe50f3ba418d587a2f3acf4f6a1d10007fbb19a068618bde6f11959f66
confirmation,240,er_gnm,11,n0240-r0011-er_gnm,fhs5,source,0,20155/7,42349/7,49529/7,240698/7,210663/7,1184746/7,78815.61275304944,984e6bbe50f3ba418d587a2f3acf4f6a1d10007fbb19a068618bde6f11959f66
confirmation,240,er_gnm,11,n0240-r0011-er_gnm,fhs5,binary_panel,0,19940/7,41751/7,87181/7,174362/7,15303,348724/7,24908.85714285714,984e6bbe50f3ba418d587a2f3acf4f6a1d10007fbb19a068618bde6f11959f66
confirmation,240,er_gnm,11,n0240-r0011-er_gnm,nch,source,0,2880,42356/7,38685/7,45411,42145,2841395/7,140843.68649090934,984e6bbe50f3ba418d587a2f3acf4f6a1d10007fbb19a068618bde6f11959f66
confirmation,240,er_gnm,11,n0240-r0011-er_gnm,nch,binary_panel,0,20093/7,42176/7,67044/7,134088/7,87137/7,268176/7,19155.428571428572,984e6bbe50f3ba418d587a2f3acf4f6a1d10007fbb19a068618bde6f11959f66
confirmation,240,sbm_fixed_count,11,n0240-r0011-sbm_fixed_count,demand-aware,source,0,20155/7,42338/7,50525/7,246007/7,214708/7,1211767/7,80617.36314343075,3d6467e435c5ef3fec00320ab08df21084b5a0ffb1947ae97309c8a2a424ddfb
confirmation,240,sbm_fixed_count,11,n0240-r0011-sbm_fixed_count,demand-aware,binary_panel,0,38111/14,11319/2,179321/14,179321/7,108716/7,358642/7,25617.285714285714,3d6467e435c5ef3fec00320ab08df21084b5a0ffb1947ae97309c8a2a424ddfb
confirmation,240,sbm_fixed_count,11,n0240-r0011-sbm_fixed_count,fhs3,source,0,20084/7,42137/7,59838/7,175933/7,136103/7,520637/7,39236.81517274432,3d6467e435c5ef3fec00320ab08df21084b5a0ffb1947ae97309c8a2a424ddfb
confirmation,240,sbm_fixed_count,11,n0240-r0011-sbm_fixed_count,fhs3,binary_panel,0,19370/7,40373/7,11404,22808,99198/7,45616,22808.0,3d6467e435c5ef3fec00320ab08df21084b5a0ffb1947ae97309c8a2a424ddfb
confirmation,240,sbm_fixed_count,11,n0240-r0011-sbm_fixed_count,fhs5,source,0,20155/7,42338/7,50525/7,246007/7,214708/7,1211767/7,80617.36314343075,3d6467e435c5ef3fec00320ab08df21084b5a0ffb1947ae97309c8a2a424ddfb
confirmation,240,sbm_fixed_count,11,n0240-r0011-sbm_fixed_count,fhs5,binary_panel,0,38111/14,11319/2,179321/14,179321/7,108716/7,358642/7,25617.285714285714,3d6467e435c5ef3fec00320ab08df21084b5a0ffb1947ae97309c8a2a424ddfb
confirmation,240,sbm_fixed_count,11,n0240-r0011-sbm_fixed_count,nch,source,0,2880,42356/7,39190/7,309902/7,286381/7,376274,134298.0941211441,3d6467e435c5ef3fec00320ab08df21084b5a0ffb1947ae97309c8a2a424ddfb
confirmation,240,sbm_fixed_count,11,n0240-r0011-sbm_fixed_count,nch,binary_panel,0,19660/7,41053/7,65799/7,131598/7,85459/7,263196/7,18799.714285714286,3d6467e435c5ef3fec00320ab08df21084b5a0ffb1947ae97309c8a2a424ddfb
confirmation,240,barabasi_albert,12,n0240-r0012-barabasi_albert,demand-aware,source,0,2880,6084,48901/7,238655/7,209719/7,1175971/7,78256.1616498715,188f261b87e99e6429c1b47fe79c0ed5bca58239760b211169784c99fb409e63
confirmation,240,barabasi_albert,12,n0240-r0012-barabasi_albert,demand-aware,binary_panel,0,19307/7,5700,76273/7,152546/7,95580/7,305092/7,21792.285714285714,188f261b87e99e6429c1b47fe79c0ed5bca58239760b211169784c99fb409e63
confirmation,240,barabasi_albert,12,n0240-r0012-barabasi_albert,fhs3,source,0,20155/7,6081,55946/7,165708/7,129819/7,492864/7,37164.146545204174,188f261b87e99e6429c1b47fe79c0ed5bca58239760b211169784c99fb409e63
confirmation,240,barabasi_albert,12,n0240-r0012-barabasi_albert,fhs3,binary_panel,0,39127/14,5820,69959/7,139918/7,179045/14,279836/7,19988.285714285714,188f261b87e99e6429c1b47fe79c0ed5bca58239760b211169784c99fb409e63
confirmation,240,barabasi_albert,12,n0240-r0012-barabasi_albert,fhs5,source,0,2880,6084,48901/7,238655/7,209719/7,1175971/7,78256.1616498715,188f261b87e99e6429c1b47fe79c0ed5bca58239760b211169784c99fb409e63
confirmation,240,barabasi_albert,12,n0240-r0012-barabasi_albert,fhs5,binary_panel,0,19307/7,5700,76273/7,152546/7,95580/7,305092/7,21792.285714285714,188f261b87e99e6429c1b47fe79c0ed5bca58239760b211169784c99fb409e63
confirmation,240,barabasi_albert,12,n0240-r0012-barabasi_albert,nch,source,0,2880,6084,35900/7,81046,536168/7,12639754/7,345569.77101400495,188f261b87e99e6429c1b47fe79c0ed5bca58239760b211169784c99fb409e63
confirmation,240,barabasi_albert,12,n0240-r0012-barabasi_albert,nch,binary_panel,0,19837/7,41448/7,64510/7,129020/7,84347/7,258040/7,18431.428571428572,188f261b87e99e6429c1b47fe79c0ed5bca58239760b211169784c99fb409e63
confirmation,240,er_gnm,12,n0240-r0012-er_gnm,demand-aware,source,0,20158/7,42576/7,49430/7,239115/7,29916,1172905/7,78101.72146363893,4f00bf133ba5558e07b2bbd5e10e2700fc2d76be0d41aa0b7aa62dad7c9b2358
confirmation,240,er_gnm,12,n0240-r0012-er_gnm,demand-aware,binary_panel,0,19946/7,41946/7,87638/7,175276/7,107584/7,350552/7,25039.428571428572,4f00bf133ba5558e07b2bbd5e10e2700fc2d76be0d41aa0b7aa62dad7c9b2358
confirmation,240,er_gnm,12,n0240-r0012-er_gnm,fhs3,source,0,20157/7,42573/7,57314/7,169023/7,131765/7,501231/7,37782.87224002597,4f00bf133ba5558e07b2bbd5e10e2700fc2d76be0d41aa0b7aa62dad7c9b2358
confirmation,240,er_gnm,12,n0240-r0012-er_gnm,fhs3,binary_panel,0,20021/7,42195/7,77648/7,155296/7,97669/7,310592/7,22185.14285714286,4f00bf133ba5558e07b2bbd5e10e2700fc2d76be0d41aa0b7aa62dad7c9b2358
confirmation,240,er_gnm,12,n0240-r0012-er_gnm,fhs5,source,0,20158/7,42576/7,49430/7,239115/7,29916,1172905/7,78101.72146363893,4f00bf133ba5558e07b2bbd5e10e2700fc2d76be0d41aa0b7aa62dad7c9b2358
confirmation,240,er_gnm,12,n0240-r0012-er_gnm,fhs5,binary_panel,0,19946/7,41946/7,87638/7,175276/7,107584/7,350552/7,25039.428571428572,4f00bf133ba5558e07b2bbd5e10e2700fc2d76be0d41aa0b7aa62dad7c9b2358
confirmation,240,er_gnm,12,n0240-r0012-er_gnm,nch,source,0,2880,6084,39189/7,308484/7,285638/7,2624572/7,133759.04723590802,4f00bf133ba5558e07b2bbd5e10e2700fc2d76be0d41aa0b7aa62dad7c9b2358
confirmation,240,er_gnm,12,n0240-r0012-er_gnm,nch,binary_panel,0,20047/7,42297/7,9615,19230,87352/7,38460,19230.0,4f00bf133ba5558e07b2bbd5e10e2700fc2d76be0d41aa0b7aa62dad7c9b2358
confirmation,240,sbm_fixed_count,12,n0240-r0012-sbm_fixed_count,demand-aware,source,0,2880,6084,51108/7,249195/7,217545/7,1228387/7,81712.20989124326,826df353cc29d7b5036acaa234568de685f43228f5505b34318eac647afea1bd
confirmation,240,sbm_fixed_count,12,n0240-r0012-sbm_fixed_count,demand-aware,binary_panel,0,18892/7,39282/7,25017/2,25017,212903/14,50034,25017.0,826df353cc29d7b5036acaa234568de685f43228f5505b34318eac647afea1bd
confirmation,240,sbm_fixed_count,12,n0240-r0012-sbm_fixed_count,fhs3,source,0,2837,41726/7,8507,175732/7,135916/7,521366/7,39302.614113932264,826df353cc29d7b5036acaa234568de685f43228f5505b34318eac647afea1bd
confirmation,240,sbm_fixed_count,12,n0240-r0012-sbm_fixed_count,fhs3,binary_panel,0,19039/7,39638/7,154691/14,154691/7,192769/14,309382/7,22098.714285714286,826df353cc29d7b5036acaa234568de685f43228f5505b34318eac647afea1bd
confirmation,240,sbm_fixed_count,12,n0240-r0012-sbm_fixed_count,fhs5,source,0,2880,6084,51108/7,249195/7,217545/7,1228387/7,81712.20989124326,826df353cc29d7b5036acaa234568de685f43228f5505b34318eac647afea1bd
confirmation,240,sbm_fixed_count,12,n0240-r0012-sbm_fixed_count,fhs5,binary_panel,0,18892/7,39282/7,25017/2,25017,212903/14,50034,25017.0,826df353cc29d7b5036acaa234568de685f43228f5505b34318eac647afea1bd
confirmation,240,sbm_fixed_count,12,n0240-r0012-sbm_fixed_count,nch,source,0,2880,6084,39229/7,316357/7,292805/7,2717055/7,138220.6828320252,826df353cc29d7b5036acaa234568de685f43228f5505b34318eac647afea1bd
confirmation,240,sbm_fixed_count,12,n0240-r0012-sbm_fixed_count,nch,binary_panel,0,19359/7,40396/7,64648/7,129296/7,12001,258592/7,18470.85714285714,826df353cc29d7b5036acaa234568de685f43228f5505b34318eac647afea1bd
confirmation,240,barabasi_albert,13,n0240-r0013-barabasi_albert,demand-aware,source,0,2880,6048,49593/7,240561/7,210622/7,1182887/7,78706.97148218889,12052fbd670cb341389265aee9b0662a1dbe2baf4f62d7ee93cce0aee479708d
confirmation,240,barabasi_albert,13,n0240-r0013-barabasi_albert,demand-aware,binary_panel,0,2749,39601/7,78040/7,156080/7,97283/7,312160/7,22297.14285714286,12052fbd670cb341389265aee9b0662a1dbe2baf4f62d7ee93cce0aee479708d
confirmation,240,barabasi_albert,13,n0240-r0013-barabasi_albert,fhs3,source,0,2880,6048,56636/7,167631/7,131062/7,498339/7,37574.989961443425,12052fbd670cb341389265aee9b0662a1dbe2baf4f62d7ee93cce0aee479708d
confirmation,240,barabasi_albert,13,n0240-r0013-barabasi_albert,fhs3,binary_panel,0,39061/14,40444/7,141259/14,141259/7,12880,282518/7,20179.85714285714,12052fbd670cb341389265aee9b0662a1dbe2baf4f62d7ee93cce0aee479708d
confirmation,240,barabasi_albert,13,n0240-r0013-barabasi_albert,fhs5,source,0,2880,6048,49593/7,240561/7,210622/7,1182887/7,78706.97148218889,12052fbd670cb341389265aee9b0662a1dbe2baf4f62d7ee93cce0aee479708d
confirmation,240,barabasi_albert,13,n0240-r0013-barabasi_albert,fhs5,binary_panel,0,2749,39601/7,78040/7,156080/7,97283/7,312160/7,22297.14285714286,12052fbd670cb341389265aee9b0662a1dbe2baf4f62d7ee93cce0aee479708d
confirmation,240,barabasi_albert,13,n0240-r0013-barabasi_albert,nch,source,0,2880,6048,35932/7,79604,526954/7,13532016/7,343023.3306437659,12052fbd670cb341389265aee9b0662a1dbe2baf4f62d7ee93cce0aee479708d
confirmation,240,barabasi_albert,13,n0240-r0013-barabasi_albert,nch,binary_panel,0,2828,41190/7,64959/7,129918/7,84755/7,259836/7,18559.714285714286,12052fbd670cb341389265aee9b0662a1dbe2baf4f62d7ee93cce0aee479708d
confirmation,240,er_gnm,13,n0240-r0013-er_gnm,demand-aware,source,0,20147/7,42293/7,7126,240851/7,210277/7,1182697/7,78677.2638455901,9144caa114872bed9255a8ef73b36a3b39461827b9db35ab22759d4f8a8fbb76
confirmation,240,er_gnm,13,n0240-r0013-er_gnm,demand-aware,binary_panel,0,39833/14,41644/7,88588/7,177176/7,217009/14,354352/7,25310.85714285714,9144caa114872bed9255a8ef73b36a3b39461827b9db35ab22759d4f8a8fbb76
confirmation,240,er_gnm,13,n0240-r0013-er_gnm,fhs3,source,0,20134/7,42251/7,57511/7,24141,131546/7,499869/7,37669.929150607364,9144caa114872bed9255a8ef73b36a3b39461827b9db35ab22759d4f8a8fbb76
confirmation,240,er_gnm,13,n0240-r0013-er_gnm,fhs3,binary_panel,0,20011/7,83749/14,155271/14,155271/7,27899/2,310542/7,22181.571428571428,9144caa114872bed9255a8ef73b36a3b39461827b9db35ab22759d4f8a8fbb76
confirmation,240,er_gnm,13,n0240-r0013-er_gnm,fhs5,source,0,20147/7,42293/7,7126,240851/7,210277/7,1182697/7,78677.2638455901,9144caa114872bed9255a8ef73b36a3b39461827b9db35ab22759d4f8a8fbb76
confirmation,240,er_gnm,13,n0240-r0013-er_gnm,fhs5,binary_panel,0,39833/14,41644/7,88588/7,177176/7,217009/14,354352/7,25310.85714285714,9144caa114872bed9255a8ef73b36a3b39461827b9db35ab22759d4f8a8fbb76
confirmation,240,er_gnm,13,n0240-r0013-er_gnm,nch,source,0,2880,6048,38869/7,44357,287633/7,2680253/7,135606.5837194991,9144caa114872bed9255a8ef73b36a3b39461827b9db35ab22759d4f8a8fbb76
confirmation,240,er_gnm,13,n0240-r0013-er_gnm,nch,binary_panel,0,20075/7,42079/7,9395,18790,85840/7,37580,18790.0,9144caa114872bed9255a8ef73b36a3b39461827b9db35ab22759d4f8a8fbb76
confirmation,240,sbm_fixed_count,13,n0240-r0013-sbm_fixed_count,demand-aware,source,0,2880,6048,50361/7,246865/7,215786/7,1220363/7,81140.53150950403,3accb5f25323e65ed0b9bf69380d3af5c3d6560798bf9e7a061be763a3224eeb
confirmation,240,sbm_fixed_count,13,n0240-r0013-sbm_fixed_count,demand-aware,binary_panel,0,19231/7,5709,90047/7,180094/7,109278/7,360188/7,25727.714285714286,3accb5f25323e65ed0b9bf69380d3af5c3d6560798bf9e7a061be763a3224eeb
confirmation,240,sbm_fixed_count,13,n0240-r0013-sbm_fixed_count,fhs3,source,0,20092/7,42156/7,60128/7,176983/7,19545,524147/7,39504.64333360387,3accb5f25323e65ed0b9bf69380d3af5c3d6560798bf9e7a061be763a3224eeb
confirmation,240,sbm_fixed_count,13,n0240-r0013-sbm_fixed_count,fhs3,binary_panel,0,19354/7,40311/7,78571/7,157142/7,97925/7,314284/7,22448.85714285714,3accb5f25323e65ed0b9bf69380d3af5c3d6560798bf9e7a061be763a3224eeb
confirmation,240,sbm_fixed_count,13,n0240-r0013-sbm_fixed_count,fhs5,source,0,2880,6048,50361/7,246865/7,215786/7,1220363/7,81140.53150950403,3accb5f25323e65ed0b9bf69380d3af5c3d6560798bf9e7a061be763a3224eeb
confirmation,240,sbm_fixed_count,13,n0240-r0013-sbm_fixed_count,fhs5,binary_panel,0,19231/7,5709,90047/7,180094/7,109278/7,360188/7,25727.714285714286,3accb5f25323e65ed0b9bf69380d3af5c3d6560798bf9e7a061be763a3224eeb
confirmation,240,sbm_fixed_count,13,n0240-r0013-sbm_fixed_count,nch,source,0,20157/7,42324/7,5612,320976/7,296853/7,2844764/7,141722.4325258721,3accb5f25323e65ed0b9bf69380d3af5c3d6560798bf9e7a061be763a3224eeb
confirmation,240,sbm_fixed_count,13,n0240-r0013-sbm_fixed_count,nch,binary_panel,0,39169/14,40783/7,66260/7,132520/7,24527/2,265040/7,18931.428571428572,3accb5f25323e65ed0b9bf69380d3af5c3d6560798bf9e7a061be763a3224eeb
confirmation,240,barabasi_albert,14,n0240-r0014-barabasi_albert,demand-aware,source,0,2880,6025,49309/7,239112/7,209536/7,1175492/7,78222.0695580429,80dceee96e5491fb45436b662246b5a3d57bad7f8add0d63b91ac52f98073aa0
confirmation,240,barabasi_albert,14,n0240-r0014-barabasi_albert,demand-aware,binary_panel,0,19435/7,39918/7,77422/7,154844/7,96857/7,309688/7,22120.571428571428,80dceee96e5491fb45436b662246b5a3d57bad7f8add0d63b91ac52f98073aa0
confirmation,240,barabasi_albert,14,n0240-r0014-barabasi_albert,fhs3,source,0,20154/7,42164/7,56139/7,165843/7,129779/7,492381/7,37120.5070076266,80dceee96e5491fb45436b662246b5a3d57bad7f8add0d63b91ac52f98073aa0
confirmation,240,barabasi_albert,14,n0240-r0014-barabasi_albert,fhs3,binary_panel,0,2809,5795,70204/7,140408/7,89867/7,280816/7,20058.285714285714,80dceee96e5491fb45436b662246b5a3d57bad7f8add0d63b91ac52f98073aa0
confirmation,240,barabasi_albert,14,n0240-r0014-barabasi_albert,fhs5,source,0,2880,6025,49309/7,239112/7,209536/7,1175492/7,78222.0695580429,80dceee96e5491fb45436b662246b5a3d57bad7f8add0d63b91ac52f98073aa0
confirmation,240,barabasi_albert,14,n0240-r0014-barabasi_albert,fhs5,binary_panel,0,19435/7,39918/7,77422/7,154844/7,96857/7,309688/7,22120.571428571428,80dceee96e5491fb45436b662246b5a3d57bad7f8add0d63b91ac52f98073aa0
confirmation,240,barabasi_albert,14,n0240-r0014-barabasi_albert,nch,source,0,2880,6025,35963/7,524799/7,496003/7,11463755/7,312080.0157533111,80dceee96e5491fb45436b662246b5a3d57bad7f8add0d63b91ac52f98073aa0
confirmation,240,barabasi_albert,14,n0240-r0014-barabasi_albert,nch,binary_panel,0,19794/7,41001/7,64964/7,129928/7,84758/7,259856/7,18561.14285714286,80dceee96e5491fb45436b662246b5a3d57bad7f8add0d63b91ac52f98073aa0
confirmation,240,er_gnm,14,n0240-r0014-er_gnm,demand-aware,source,0,20155/7,6022,49552/7,239697/7,29949,1175753/7,78293.65365662622,205e2bcffca6076e8f1a2ad25456a5df97c5812e48dc97af37508a503e31e272
confirmation,240,er_gnm,14,n0240-r0014-er_gnm,demand-aware,binary_panel,0,2849,83201/14,172435/14,172435/7,212321/14,344870/7,24633.571428571428,205e2bcffca6076e8f1a2ad25456a5df97c5812e48dc97af37508a503e31e272
confirmation,240,er_gnm,14,n0240-r0014-er_gnm,fhs3,source,0,20158/7,6024,57283/7,169174/7,18852,502172/7,37857.8423883061,205e2bcffca6076e8f1a2ad25456a5df97c5812e48dc97af37508a503e31e272
confirmation,240,er_gnm,14,n0240-r0014-er_gnm,fhs3,binary_panel,0,2866,41878/7,10954,21908,13820,43816,21908.0,205e2bcffca6076e8f1a2ad25456a5df97c5812e48dc97af37508a503e31e272
confirmation,240,er_gnm,14,n0240-r0014-er_gnm,fhs5,source,0,20155/7,6022,49552/7,239697/7,29949,1175753/7,78293.65365662622,205e2bcffca6076e8f1a2ad25456a5df97c5812e48dc97af37508a503e31e272
confirmation,240,er_gnm,14,n0240-r0014-er_gnm,fhs5,binary_panel,0,2849,83201/14,172435/14,172435/7,212321/14,344870/7,24633.571428571428,205e2bcffca6076e8f1a2ad25456a5df97c5812e48dc97af37508a503e31e272
confirmation,240,er_gnm,14,n0240-r0014-er_gnm,nch,source,0,2880,6025,38562/7,311389/7,288983/7,2724789/7,136727.31886527553,205e2bcffca6076e8f1a2ad25456a5df97c5812e48dc97af37508a503e31e272
confirmation,240,er_gnm,14,n0240-r0014-er_gnm,nch,binary_panel,0,20138/7,6017,66552/7,133104/7,86690/7,266208/7,19014.85714285714,205e2bcffca6076e8f1a2ad25456a5df97c5812e48dc97af37508a503e31e272
confirmation,240,sbm_fixed_count,14,n0240-r0014-sbm_fixed_count,demand-aware,source,0,2880,6025,7292,246250/7,214497/7,172160,80302.51547772305,0776ea8b0746591a42d533984d4b54c9388746e01a3af4b3c883bb8a979edd1c
confirmation,240,sbm_fixed_count,14,n0240-r0014-sbm_fixed_count,demand-aware,binary_panel,0,19203/7,39580/7,91236/7,182472/7,15777,364944/7,26067.428571428572,0776ea8b0746591a42d533984d4b54c9388746e01a3af4b3c883bb8a979edd1c
confirmation,240,sbm_fixed_count,14,n0240-r0014-sbm_fixed_count,fhs3,source,0,20094/7,41922/7,60692/7,178679/7,137965/7,529243/7,39889.325633779416,0776ea8b0746591a42d533984d4b54c9388746e01a3af4b3c883bb8a979edd1c
confirmation,240,sbm_fixed_count,14,n0240-r0014-sbm_fixed_count,fhs3,binary_panel,0,2749,39783/7,78622/7,157244/7,97865/7,314488/7,22463.428571428572,0776ea8b0746591a42d533984d4b54c9388746e01a3af4b3c883bb8a979edd1c
confirmation,240,sbm_fixed_count,14,n0240-r0014-sbm_fixed_count,fhs5,source,0,2880,6025,7292,246250/7,214497/7,172160,80302.51547772305,0776ea8b0746591a42d533984d4b54c9388746e01a3af4b3c883bb8a979edd1c
confirmation,240,sbm_fixed_count,14,n0240-r0014-sbm_fixed_count,fhs5,binary_panel,0,19203/7,39580/7,91236/7,182472/7,15777,364944/7,26067.428571428572,0776ea8b0746591a42d533984d4b54c9388746e01a3af4b3c883bb8a979edd1c
confirmation,240,sbm_fixed_count,14,n0240-r0014-sbm_fixed_count,nch,source,0,2880,6025,39297/7,315081/7,41591,2719715/7,137631.76129291722,0776ea8b0746591a42d533984d4b54c9388746e01a3af4b3c883bb8a979edd1c
confirmation,240,sbm_fixed_count,14,n0240-r0014-sbm_fixed_count,nch,binary_panel,0,19765/7,5856,66618/7,133236/7,86383/7,266472/7,19033.714285714286,0776ea8b0746591a42d533984d4b54c9388746e01a3af4b3c883bb8a979edd1c
confirmation,240,barabasi_albert,15,n0240-r0015-barabasi_albert,demand-aware,source,0,2880,42381/7,49531/7,239763/7,209947/7,168345,78395.82100564895,57ce315ee2f008e9699db427b2b07f70081ce84f689c9627f9de685f2908cece
confirmation,240,barabasi_albert,15,n0240-r0015-barabasi_albert,demand-aware,binary_panel,0,19360/7,39780/7,78209/7,156418/7,97569/7,312836/7,22345.428571428572,57ce315ee2f008e9699db427b2b07f70081ce84f689c9627f9de685f2908cece
confirmation,240,barabasi_albert,15,n0240-r0015-barabasi_albert,fhs3,source,0,2880,42381/7,56282/7,165871/7,129665/7,491663/7,37059.826868261145,57ce315ee2f008e9699db427b2b07f70081ce84f689c9627f9de685f2908cece
confirmation,240,barabasi_albert,15,n0240-r0015-barabasi_albert,fhs3,binary_panel,0,19637/7,40640/7,69872/7,139744/7,12787,279488/7,19963.428571428572,57ce315ee2f008e9699db427b2b07f70081ce84f689c9627f9de685f2908cece
confirmation,240,barabasi_albert,15,n0240-r0015-barabasi_albert,fhs5,source,0,2880,42381/7,49531/7,239763/7,209947/7,168345,78395.82100564895,57ce315ee2f008e9699db427b2b07f70081ce84f689c9627f9de685f2908cece
confirmation,240,barabasi_albert,15,n0240-r0015-barabasi_albert,fhs5,binary_panel,0,19360/7,39780/7,78209/7,156418/7,97569/7,312836/7,22345.428571428572,57ce315ee2f008e9699db427b2b07f70081ce84f689c9627f9de685f2908cece
confirmation,240,barabasi_albert,15,n0240-r0015-barabasi_albert,nch,source,0,2880,42381/7,35925/7,558797/7,527560/7,12214815/7,338327.18276031164,57ce315ee2f008e9699db427b2b07f70081ce84f689c9627f9de685f2908cece
confirmation,240,barabasi_albert,15,n0240-r0015-barabasi_albert,nch,binary_panel,0,39757/14,41304/7,65269/7,130538/7,170295/14,261076/7,18648.285714285714,57ce315ee2f008e9699db427b2b07f70081ce84f689c9627f9de685f2908cece
confirmation,240,er_gnm,15,n0240-r0015-er_gnm,demand-aware,source,0,2880,42381/7,49201/7,237317/7,207708/7,1161271/7,77382.72521009398,3e39e6eb2a0e78f71fecf39055f6f8aa145bd71b03f82ddd7e8c228045e8335c
confirmation,240,er_gnm,15,n0240-r0015-er_gnm,demand-aware,binary_panel,0,20024/7,41974/7,86603/7,173206/7,106627/7,346412/7,24743.714285714286,3e39e6eb2a0e78f71fecf39055f6f8aa145bd71b03f82ddd7e8c228045e8335c
confirmation,240,er_gnm,15,n0240-r0015-er_gnm,fhs3,source,0,2880,42381/7,57229/7,168810/7,131686/7,500676/7,37741.66364536983,3e39e6eb2a0e78f71fecf39055f6f8aa145bd71b03f82ddd7e8c228045e8335c
confirmation,240,er_gnm,15,n0240-r0015-er_gnm,fhs3,binary_panel,0,40221/14,42223/7,76402/7,152804/7,27575/2,305608/7,21829.14285714286,3e39e6eb2a0e78f71fecf39055f6f8aa145bd71b03f82ddd7e8c228045e8335c
confirmation,240,er_gnm,15,n0240-r0015-er_gnm,fhs5,source,0,2880,42381/7,49201/7,237317/7,207708/7,1161271/7,77382.72521009398,3e39e6eb2a0e78f71fecf39055f6f8aa145bd71b03f82ddd7e8c228045e8335c
confirmation,240,er_gnm,15,n0240-r0015-er_gnm,fhs5,binary_panel,0,20024/7,41974/7,86603/7,173206/7,106627/7,346412/7,24743.714285714286,3e39e6eb2a0e78f71fecf39055f6f8aa145bd71b03f82ddd7e8c228045e8335c
confirmation,240,er_gnm,15,n0240-r0015-er_gnm,nch,source,0,2880,42381/7,39091/7,322045/7,42663,2845137/7,142466.45690020546,3e39e6eb2a0e78f71fecf39055f6f8aa145bd71b03f82ddd7e8c228045e8335c
confirmation,240,er_gnm,15,n0240-r0015-er_gnm,nch,binary_panel,0,5755/2,42327/7,67114/7,134228/7,174513/14,268456/7,19175.428571428572,3e39e6eb2a0e78f71fecf39055f6f8aa145bd71b03f82ddd7e8c228045e8335c
confirmation,240,sbm_fixed_count,15,n0240-r0015-sbm_fixed_count,demand-aware,source,0,20158/7,42372/7,52300/7,253751/7,220713/7,1246687/7,82996.98053988516,53c3bda9ea0fd36354fcf15958e1ed7bca30e920e228ec4d78f29a15a2fedd33
confirmation,240,sbm_fixed_count,15,n0240-r0015-sbm_fixed_count,demand-aware,binary_panel,0,5457/2,39385/7,181397/14,181397/7,109798/7,362794/7,25913.85714285714,53c3bda9ea0fd36354fcf15958e1ed7bca30e920e228ec4d78f29a15a2fedd33
confirmation,240,sbm_fixed_count,15,n0240-r0015-sbm_fixed_count,fhs3,source,0,20012/7,41855/7,60584/7,179672/7,138938/7,76408,40334.27691808165,53c3bda9ea0fd36354fcf15958e1ed7bca30e920e228ec4d78f29a15a2fedd33
confirmation,240,sbm_fixed_count,15,n0240-r0015-sbm_fixed_count,fhs3,binary_panel,0,19247/7,39793/7,79444/7,158888/7,98691/7,317776/7,22698.285714285714,53c3bda9ea0fd36354fcf15958e1ed7bca30e920e228ec4d78f29a15a2fedd33
confirmation,240,sbm_fixed_count,15,n0240-r0015-sbm_fixed_count,fhs5,source,0,20158/7,42372/7,52300/7,253751/7,220713/7,1246687/7,82996.98053988516,53c3bda9ea0fd36354fcf15958e1ed7bca30e920e228ec4d78f29a15a2fedd33
confirmation,240,sbm_fixed_count,15,n0240-r0015-sbm_fixed_count,fhs5,binary_panel,0,5457/2,39385/7,181397/14,181397/7,109798/7,362794/7,25913.85714285714,53c3bda9ea0fd36354fcf15958e1ed7bca30e920e228ec4d78f29a15a2fedd33
confirmation,240,sbm_fixed_count,15,n0240-r0015-sbm_fixed_count,nch,source,0,2880,42381/7,39639/7,322319/7,297547/7,2798087/7,141511.77479173895,53c3bda9ea0fd36354fcf15958e1ed7bca30e920e228ec4d78f29a15a2fedd33
confirmation,240,sbm_fixed_count,15,n0240-r0015-sbm_fixed_count,nch,binary_panel,0,39273/14,40769/7,132331/14,132331/7,85802/7,264662/7,18904.428571428572,53c3bda9ea0fd36354fcf15958e1ed7bca30e920e228ec4d78f29a15a2fedd33
confirmation,240,barabasi_albert,16,n0240-r0016-barabasi_albert,demand-aware,source,0,2880,42724/7,49305/7,240469/7,210834/7,1185769/7,78865.54130247924,d5fb89e0c2affa0617b9971f28c60c5fe86f9a187b313b8244fb08dff2f7bc05
confirmation,240,barabasi_albert,16,n0240-r0016-barabasi_albert,demand-aware,binary_panel,0,2745,5663,77048/7,154096/7,96263/7,308192/7,22013.714285714286,d5fb89e0c2affa0617b9971f28c60c5fe86f9a187b313b8244fb08dff2f7bc05
confirmation,240,barabasi_albert,16,n0240-r0016-barabasi_albert,fhs3,source,0,20157/7,42715/7,55757/7,23526,129034/7,488868/7,36855.12267357532,d5fb89e0c2affa0617b9971f28c60c5fe86f9a187b313b8244fb08dff2f7bc05
confirmation,240,barabasi_albert,16,n0240-r0016-barabasi_albert,fhs3,binary_panel,0,38911/14,11545/2,138349/14,138349/7,88630/7,276698/7,19764.14285714286,d5fb89e0c2affa0617b9971f28c60c5fe86f9a187b313b8244fb08dff2f7bc05
confirmation,240,barabasi_albert,16,n0240-r0016-barabasi_albert,fhs5,source,0,2880,42724/7,49305/7,240469/7,210834/7,1185769/7,78865.54130247924,d5fb89e0c2affa0617b9971f28c60c5fe86f9a187b313b8244fb08dff2f7bc05
confirmation,240,barabasi_albert,16,n0240-r0016-barabasi_albert,fhs5,binary_panel,0,2745,5663,77048/7,154096/7,96263/7,308192/7,22013.714285714286,d5fb89e0c2affa0617b9971f28c60c5fe86f9a187b313b8244fb08dff2f7bc05
confirmation,240,barabasi_albert,16,n0240-r0016-barabasi_albert,nch,source,0,2880,42724/7,35100/7,96217,639853/7,21105515/7,448963.64003038825,d5fb89e0c2affa0617b9971f28c60c5fe86f9a187b313b8244fb08dff2f7bc05
confirmation,240,barabasi_albert,16,n0240-r0016-barabasi_albert,nch,binary_panel,0,5629/2,41142/7,65692/7,131384/7,170787/14,262768/7,18769.14285714286,d5fb89e0c2affa0617b9971f28c60c5fe86f9a187b313b8244fb08dff2f7bc05
confirmation,240,er_gnm,16,n0240-r0016-er_gnm,demand-aware,source,0,20159/7,6103,49741/7,239490/7,209127/7,1172312/7,78072.21893152346,600232307e3b9ad872250e6f8ab9c2f2485c883d0af100c9c7cf0dce27ea3bc4
confirmation,240,er_gnm,16,n0240-r0016-er_gnm,demand-aware,binary_panel,0,5691/2,84153/14,87398/7,174796/7,214633/14,349592/7,24970.85714285714,600232307e3b9ad872250e6f8ab9c2f2485c883d0af100c9c7cf0dce27ea3bc4
confirmation,240,er_gnm,16,n0240-r0016-er_gnm,fhs3,source,0,20157/7,6102,57913/7,170157/7,18893,71901,37928.827554291915,600232307e3b9ad872250e6f8ab9c2f2485c883d0af100c9c7cf0dce27ea3bc4
confirmation,240,er_gnm,16,n0240-r0016-er_gnm,fhs3,binary_panel,0,20080/7,42510/7,77265/7,154530/7,97345/7,309060/7,22075.714285714286,600232307e3b9ad872250e6f8ab9c2f2485c883d0af100c9c7cf0dce27ea3bc4
confirmation,240,er_gnm,16,n0240-r0016-er_gnm,fhs5,source,0,20159/7,6103,49741/7,239490/7,209127/7,1172312/7,78072.21893152346,600232307e3b9ad872250e6f8ab9c2f2485c883d0af100c9c7cf0dce27ea3bc4
confirmation,240,er_gnm,16,n0240-r0016-er_gnm,fhs5,binary_panel,0,5691/2,84153/14,87398/7,174796/7,214633/14,349592/7,24970.85714285714,600232307e3b9ad872250e6f8ab9c2f2485c883d0af100c9c7cf0dce27ea3bc4
confirmation,240,er_gnm,16,n0240-r0016-er_gnm,nch,source,0,2880,42724/7,39138/7,314015/7,290621/7,386643,137146.3984419449,600232307e3b9ad872250e6f8ab9c2f2485c883d0af100c9c7cf0dce27ea3bc4
confirmation,240,er_gnm,16,n0240-r0016-er_gnm,nch,binary_panel,0,20134/7,6092,134523/14,134523/7,174791/14,269046/7,19217.571428571428,600232307e3b9ad872250e6f8ab9c2f2485c883d0af100c9c7cf0dce27ea3bc4
confirmation,240,sbm_fixed_count,16,n0240-r0016-sbm_fixed_count,demand-aware,source,0,2880,42724/7,51081/7,246994/7,215274/7,1212132/7,80684.49839009132,79665cad7970d3d22fb08fa8250052df4ad39c78cf3d92cd487c7889fff16b45
confirmation,240,sbm_fixed_count,16,n0240-r0016-sbm_fixed_count,demand-aware,binary_panel,0,18877/7,39514/7,13057,26114,110276/7,52228,26114.0,79665cad7970d3d22fb08fa8250052df4ad39c78cf3d92cd487c7889fff16b45
confirmation,240,sbm_fixed_count,16,n0240-r0016-sbm_fixed_count,fhs3,source,0,20039/7,42397/7,60337/7,177104/7,136720/7,523498/7,39447.47167815493,79665cad7970d3d22fb08fa8250052df4ad39c78cf3d92cd487c7889fff16b45
confirmation,240,sbm_fixed_count,16,n0240-r0016-sbm_fixed_count,fhs3,binary_panel,0,38371/14,80477/14,78585/7,157170/7,195541/14,314340/7,22452.85714285714,79665cad7970d3d22fb08fa8250052df4ad39c78cf3d92cd487c7889fff16b45
confirmation,240,sbm_fixed_count,16,n0240-r0016-sbm_fixed_count,fhs5,source,0,2880,42724/7,51081/7,246994/7,215274/7,1212132/7,80684.49839009132,79665cad7970d3d22fb08fa8250052df4ad39c78cf3d92cd487c7889fff16b45
confirmation,240,sbm_fixed_count,16,n0240-r0016-sbm_fixed_count,fhs5,binary_panel,0,18877/7,39514/7,13057,26114,110276/7,52228,26114.0,79665cad7970d3d22fb08fa8250052df4ad39c78cf3d92cd487c7889fff16b45
confirmation,240,sbm_fixed_count,16,n0240-r0016-sbm_fixed_count,nch,source,0,2880,42724/7,39243/7,45559,42102,2807635/7,140373.6699048993,79665cad7970d3d22fb08fa8250052df4ad39c78cf3d92cd487c7889fff16b45
confirmation,240,sbm_fixed_count,16,n0240-r0016-sbm_fixed_count,nch,binary_panel,0,39189/14,41248/7,65307/7,130614/7,169803/14,261228/7,18659.14285714286,79665cad7970d3d22fb08fa8250052df4ad39c78cf3d92cd487c7889fff16b45
confirmation,240,barabasi_albert,17,n0240-r0017-barabasi_albert,demand-aware,source,0,2880,42694/7,49127/7,238313/7,208989/7,1172331/7,77987.288977387,a3aaf080ca47d63019bd2c1798f8eb3a1475e2d81ae66458de5f84a38def7a76
confirmation,240,barabasi_albert,17,n0240-r0017-barabasi_albert,demand-aware,binary_panel,0,18920/7,38804/7,79645/7,159290/7,98565/7,318580/7,22755.714285714286,a3aaf080ca47d63019bd2c1798f8eb3a1475e2d81ae66458de5f84a38def7a76
confirmation,240,barabasi_albert,17,n0240-r0017-barabasi_albert,fhs3,source,0,2880,42694/7,56257/7,165920/7,18536,70294,37091.645991506026,a3aaf080ca47d63019bd2c1798f8eb3a1475e2d81ae66458de5f84a38def7a76
confirmation,240,barabasi_albert,17,n0240-r0017-barabasi_albert,fhs3,binary_panel,0,19777/7,5929,71835/7,143670/7,91612/7,287340/7,20524.285714285714,a3aaf080ca47d63019bd2c1798f8eb3a1475e2d81ae66458de5f84a38def7a76
confirmation,240,barabasi_albert,17,n0240-r0017-barabasi_albert,fhs5,source,0,2880,42694/7,49127/7,238313/7,208989/7,1172331/7,77987.288977387,a3aaf080ca47d63019bd2c1798f8eb3a1475e2d81ae66458de5f84a38def7a76
confirmation,240,barabasi_albert,17,n0240-r0017-barabasi_albert,fhs5,binary_panel,0,18920/7,38804/7,79645/7,159290/7,98565/7,318580/7,22755.714285714286,a3aaf080ca47d63019bd2c1798f8eb3a1475e2d81ae66458de5f84a38def7a76
confirmation,240,barabasi_albert,17,n0240-r0017-barabasi_albert,nch,source,0,2880,42694/7,35836/7,77606,514791/7,13109458/7,331199.4461175314,a3aaf080ca47d63019bd2c1798f8eb3a1475e2d81ae66458de5f84a38def7a76
confirmation,240,barabasi_albert,17,n0240-r0017-barabasi_albert,nch,binary_panel,0,39777/14,83701/14,131207/14,131207/7,85492/7,262414/7,18743.85714285714,a3aaf080ca47d63019bd2c1798f8eb3a1475e2d81ae66458de5f84a38def7a76
confirmation,240,er_gnm,17,n0240-r0017-er_gnm,demand-aware,source,0,2880,42694/7,49199/7,239140/7,209431/7,1176162/7,78281.1766856354,0bb38adadf82336e341d26268316cb9cf47b854ff885eb1aedfb92b2883f4bb3
confirmation,240,er_gnm,17,n0240-r0017-er_gnm,demand-aware,binary_panel,0,2848,42089/7,86174/7,172348/7,106110/7,344696/7,24621.14285714286,0bb38adadf82336e341d26268316cb9cf47b854ff885eb1aedfb92b2883f4bb3
confirmation,240,er_gnm,17,n0240-r0017-er_gnm,fhs3,source,0,20155/7,42670/7,58189/7,171726/7,133624/7,509496/7,38407.930495677654,0bb38adadf82336e341d26268316cb9cf47b854ff885eb1aedfb92b2883f4bb3
confirmation,240,er_gnm,17,n0240-r0017-er_gnm,fhs3,binary_panel,0,19989/7,42246/7,10862,21724,96023/7,43448,21724.0,0bb38adadf82336e341d26268316cb9cf47b854ff885eb1aedfb92b2883f4bb3
confirmation,240,er_gnm,17,n0240-r0017-er_gnm,fhs5,source,0,2880,42694/7,49199/7,239140/7,209431/7,1176162/7,78281.1766856354,0bb38adadf82336e341d26268316cb9cf47b854ff885eb1aedfb92b2883f4bb3
confirmation,240,er_gnm,17,n0240-r0017-er_gnm,fhs5,binary_panel,0,2848,42089/7,86174/7,172348/7,106110/7,344696/7,24621.14285714286,0bb38adadf82336e341d26268316cb9cf47b854ff885eb1aedfb92b2883f4bb3
confirmation,240,er_gnm,17,n0240-r0017-er_gnm,nch,source,0,20159/7,42688/7,5506,307701/7,285640/7,379463,134341.23339066896,0bb38adadf82336e341d26268316cb9cf47b854ff885eb1aedfb92b2883f4bb3
confirmation,240,er_gnm,17,n0240-r0017-er_gnm,nch,binary_panel,0,20075/7,6064,65659/7,131318/7,85734/7,262636/7,18759.714285714286,0bb38adadf82336e341d26268316cb9cf47b854ff885eb1aedfb92b2883f4bb3
confirmation,240,sbm_fixed_count,17,n0240-r0017-sbm_fixed_count,demand-aware,source,0,2880,42694/7,7338,249269/7,217001/7,1224945/7,81538.3347330905,daf556dc65580bb0fe333241dc94e9eae8ce892fbe7800dfbd5ba7bb2704ee99
confirmation,240,sbm_fixed_count,17,n0240-r0017-sbm_fixed_count,demand-aware,binary_panel,0,37565/14,39223/7,179507/14,179507/7,108536/7,359014/7,25643.85714285714,daf556dc65580bb0fe333241dc94e9eae8ce892fbe7800dfbd5ba7bb2704ee99
confirmation,240,sbm_fixed_count,17,n0240-r0017-sbm_fixed_count,fhs3,source,0,2846,6016,8581,176608/7,136363/7,522638/7,39387.64525673996,daf556dc65580bb0fe333241dc94e9eae8ce892fbe7800dfbd5ba7bb2704ee99
confirmation,240,sbm_fixed_count,17,n0240-r0017-sbm_fixed_count,fhs3,binary_panel,0,19127/7,80179/14,11226,22452,97709/7,44904,22452.0,daf556dc65580bb0fe333241dc94e9eae8ce892fbe7800dfbd5ba7bb2704ee99
confirmation,240,sbm_fixed_count,17,n0240-r0017-sbm_fixed_count,fhs5,source,0,2880,42694/7,7338,249269/7,217001/7,1224945/7,81538.3347330905,daf556dc65580bb0fe333241dc94e9eae8ce892fbe7800dfbd5ba7bb2704ee99
confirmation,240,sbm_fixed_count,17,n0240-r0017-sbm_fixed_count,fhs5,binary_panel,0,37565/14,39223/7,179507/14,179507/7,108536/7,359014/7,25643.85714285714,daf556dc65580bb0fe333241dc94e9eae8ce892fbe7800dfbd5ba7bb2704ee99
confirmation,240,sbm_fixed_count,17,n0240-r0017-sbm_fixed_count,nch,source,0,2880,42694/7,39173/7,303530/7,279999/7,358350,130145.81602758974,daf556dc65580bb0fe333241dc94e9eae8ce892fbe7800dfbd5ba7bb2704ee99
confirmation,240,sbm_fixed_count,17,n0240-r0017-sbm_fixed_count,nch,binary_panel,0,19459/7,40872/7,65614/7,131228/7,85073/7,262456/7,18746.85714285714,daf556dc65580bb0fe333241dc94e9eae8ce892fbe7800dfbd5ba7bb2704ee99
confirmation,240,barabasi_albert,18,n0240-r0018-barabasi_albert,demand-aware,source,0,2880,42272/7,49624/7,241128/7,211206/7,1188028/7,78987.88176067198,afacade26a0602e03c5e944652ab0d9cc1b1e47901c284077435b0309180f77a
confirmation,240,barabasi_albert,18,n0240-r0018-barabasi_albert,demand-aware,binary_panel,0,38921/14,40053/7,21987/2,21987,96415/7,43974,21987.0,afacade26a0602e03c5e944652ab0d9cc1b1e47901c284077435b0309180f77a
confirmation,240,barabasi_albert,18,n0240-r0018-barabasi_albert,fhs3,source,0,20072/7,41985/7,8087,23939,130930/7,71173,37565.701454299335,afacade26a0602e03c5e944652ab0d9cc1b1e47901c284077435b0309180f77a
confirmation,240,barabasi_albert,18,n0240-r0018-barabasi_albert,fhs3,binary_panel,0,19583/7,80835/14,68758/7,137516/7,88341/7,275032/7,19645.14285714286,afacade26a0602e03c5e944652ab0d9cc1b1e47901c284077435b0309180f77a
confirmation,240,barabasi_albert,18,n0240-r0018-barabasi_albert,fhs5,source,0,2880,42272/7,49624/7,241128/7,211206/7,1188028/7,78987.88176067198,afacade26a0602e03c5e944652ab0d9cc1b1e47901c284077435b0309180f77a
confirmation,240,barabasi_albert,18,n0240-r0018-barabasi_albert,fhs5,binary_panel,0,38921/14,40053/7,21987/2,21987,96415/7,43974,21987.0,afacade26a0602e03c5e944652ab0d9cc1b1e47901c284077435b0309180f77a
confirmation,240,barabasi_albert,18,n0240-r0018-barabasi_albert,nch,source,0,2880,42272/7,35335/7,607095/7,575264/7,15617129/7,383927.9673954566,afacade26a0602e03c5e944652ab0d9cc1b1e47901c284077435b0309180f77a
confirmation,240,barabasi_albert,18,n0240-r0018-barabasi_albert,nch,binary_panel,0,19738/7,40822/7,128369/14,128369/7,167845/14,256738/7,18338.428571428572,afacade26a0602e03c5e944652ab0d9cc1b1e47901c284077435b0309180f77a
confirmation,240,er_gnm,18,n0240-r0018-er_gnm,demand-aware,source,0,2880,42272/7,49393/7,239031/7,209197/7,1171405/7,78051.60749155316,6b0ba803b7e19760c5a1578c4915226af01fecb7c1ff73718dc7e74658df7dca
confirmation,240,er_gnm,18,n0240-r0018-er_gnm,demand-aware,binary_panel,0,39961/14,41759/7,24753/2,24753,106616/7,49506,24753.0,6b0ba803b7e19760c5a1578c4915226af01fecb7c1ff73718dc7e74658df7dca
confirmation,240,er_gnm,18,n0240-r0018-er_gnm,fhs3,source,0,20159/7,6038,8193,169018/7,131759/7,500984/7,37762.3527953587,6b0ba803b7e19760c5a1578c4915226af01fecb7c1ff73718dc7e74658df7dca
confirmation,240,er_gnm,18,n0240-r0018-er_gnm,fhs3,binary_panel,0,20057/7,41966/7,11001,22002,97064/7,44004,22002.0,6b0ba803b7e19760c5a1578c4915226af01fecb7c1ff73718dc7e74658df7dca
confirmation,240,er_gnm,18,n0240-r0018-er_gnm,fhs5,source,0,2880,42272/7,49393/7,239031/7,209197/7,1171405/7,78051.60749155316,6b0ba803b7e19760c5a1578c4915226af01fecb7c1ff73718dc7e74658df7dca
confirmation,240,er_gnm,18,n0240-r0018-er_gnm,fhs5,binary_panel,0,39961/14,41759/7,24753/2,24753,106616/7,49506,24753.0,6b0ba803b7e19760c5a1578c4915226af01fecb7c1ff73718dc7e74658df7dca
confirmation,240,er_gnm,18,n0240-r0018-er_gnm,nch,source,0,2880,42272/7,38952/7,328284/7,305013/7,3038030/7,147445.9957081184,6b0ba803b7e19760c5a1578c4915226af01fecb7c1ff73718dc7e74658df7dca
confirmation,240,er_gnm,18,n0240-r0018-er_gnm,nch,binary_panel,0,20116/7,84265/14,66575/7,133150/7,86691/7,266300/7,19021.428571428572,6b0ba803b7e19760c5a1578c4915226af01fecb7c1ff73718dc7e74658df7dca
confirmation,240,sbm_fixed_count,18,n0240-r0018-sbm_fixed_count,demand-aware,source,0,2880,42272/7,50691/7,35240,30746,1214722/7,80815.9760361754,383dcd0b92c253d4c30f96346c096725cac068d116487ee05024cecb3347dd7b
confirmation,240,sbm_fixed_count,18,n0240-r0018-sbm_fixed_count,demand-aware,binary_panel,0,18915/7,78087/14,88322/7,176644/7,107237/7,353288/7,25234.85714285714,383dcd0b92c253d4c30f96346c096725cac068d116487ee05024cecb3347dd7b
confirmation,240,sbm_fixed_count,18,n0240-r0018-sbm_fixed_count,fhs3,source,0,19921/7,41588/7,59875/7,175926/7,135890/7,74340,39215.50861736214,383dcd0b92c253d4c30f96346c096725cac068d116487ee05024cecb3347dd7b
confirmation,240,sbm_fixed_count,18,n0240-r0018-sbm_fixed_count,fhs3,binary_panel,0,38149/14,78961/14,154263/14,154263/7,96206/7,308526/7,22037.571428571428,383dcd0b92c253d4c30f96346c096725cac068d116487ee05024cecb3347dd7b
confirmation,240,sbm_fixed_count,18,n0240-r0018-sbm_fixed_count,fhs5,source,0,2880,42272/7,50691/7,35240,30746,1214722/7,80815.9760361754,383dcd0b92c253d4c30f96346c096725cac068d116487ee05024cecb3347dd7b
confirmation,240,sbm_fixed_count,18,n0240-r0018-sbm_fixed_count,fhs5,binary_panel,0,18915/7,78087/14,88322/7,176644/7,107237/7,353288/7,25234.85714285714,383dcd0b92c253d4c30f96346c096725cac068d116487ee05024cecb3347dd7b
confirmation,240,sbm_fixed_count,18,n0240-r0018-sbm_fixed_count,nch,source,0,20159/7,6038,39177/7,320937/7,297252/7,404019,141587.99761538053,383dcd0b92c253d4c30f96346c096725cac068d116487ee05024cecb3347dd7b
confirmation,240,sbm_fixed_count,18,n0240-r0018-sbm_fixed_count,nch,binary_panel,0,19304/7,39986/7,65654/7,131308/7,84958/7,262616/7,18758.285714285714,383dcd0b92c253d4c30f96346c096725cac068d116487ee05024cecb3347dd7b
confirmation,240,barabasi_albert,19,n0240-r0019-barabasi_albert,demand-aware,source,0,2880,42421/7,7072,240861/7,211046/7,169351,78885.93500207794,bca2587fc0b37eda796d2ed221f248a499f2baa0581bde6045b800b86681dfb7
confirmation,240,barabasi_albert,19,n0240-r0019-barabasi_albert,demand-aware,binary_panel,0,18940/7,76905/14,78900/7,157800/7,97840/7,315600/7,22542.85714285714,bca2587fc0b37eda796d2ed221f248a499f2baa0581bde6045b800b86681dfb7
confirmation,240,barabasi_albert,19,n0240-r0019-barabasi_albert,fhs3,source,0,20158/7,42415/7,8007,164722/7,128752/7,487316/7,36724.45713055005,bca2587fc0b37eda796d2ed221f248a499f2baa0581bde6045b800b86681dfb7
confirmation,240,barabasi_albert,19,n0240-r0019-barabasi_albert,fhs3,binary_panel,0,19287/7,39509/7,70632/7,141264/7,89919/7,282528/7,20180.571428571428,bca2587fc0b37eda796d2ed221f248a499f2baa0581bde6045b800b86681dfb7
confirmation,240,barabasi_albert,19,n0240-r0019-barabasi_albert,fhs5,source,0,2880,42421/7,7072,240861/7,211046/7,169351,78885.93500207794,bca2587fc0b37eda796d2ed221f248a499f2baa0581bde6045b800b86681dfb7
confirmation,240,barabasi_albert,19,n0240-r0019-barabasi_albert,fhs5,binary_panel,0,18940/7,76905/14,78900/7,157800/7,97840/7,315600/7,22542.85714285714,bca2587fc0b37eda796d2ed221f248a499f2baa0581bde6045b800b86681dfb7
confirmation,240,barabasi_albert,19,n0240-r0019-barabasi_albert,nch,source,0,2880,42421/7,35940/7,77729,514497/7,11646377/7,326024.36841249623,bca2587fc0b37eda796d2ed221f248a499f2baa0581bde6045b800b86681dfb7
confirmation,240,barabasi_albert,19,n0240-r0019-barabasi_albert,nch,binary_panel,0,2788,5729,65620/7,131240/7,85136/7,262480/7,18748.571428571428,bca2587fc0b37eda796d2ed221f248a499f2baa0581bde6045b800b86681dfb7
confirmation,240,er_gnm,19,n0240-r0019-er_gnm,demand-aware,source,0,2880,42421/7,49486/7,239849/7,209928/7,1178033/7,78421.90199461344,0da9e853e5d71623dcf1d1d268bc5e1b0b81662bb5b3699ae404f9a82e78979e
confirmation,240,er_gnm,19,n0240-r0019-er_gnm,demand-aware,binary_panel,0,39861/14,83439/14,174719/14,174719/7,107290/7,349438/7,24959.85714285714,0da9e853e5d71623dcf1d1d268bc5e1b0b81662bb5b3699ae404f9a82e78979e
confirmation,240,er_gnm,19,n0240-r0019-er_gnm,fhs3,source,0,20149/7,42390/7,57984/7,170598/7,18957,505086/7,38066.78632045576,0da9e853e5d71623dcf1d1d268bc5e1b0b81662bb5b3699ae404f9a82e78979e
confirmation,240,er_gnm,19,n0240-r0019-er_gnm,fhs3,binary_panel,0,39995/14,41917/7,76754/7,153508/7,193503/14,307016/7,21929.714285714286,0da9e853e5d71623dcf1d1d268bc5e1b0b81662bb5b3699ae404f9a82e78979e
confirmation,240,er_gnm,19,n0240-r0019-er_gnm,fhs5,source,0,2880,42421/7,49486/7,239849/7,209928/7,1178033/7,78421.90199461344,0da9e853e5d71623dcf1d1d268bc5e1b0b81662bb5b3699ae404f9a82e78979e
confirmation,240,er_gnm,19,n0240-r0019-er_gnm,fhs5,binary_panel,0,39861/14,83439/14,174719/14,174719/7,107290/7,349438/7,24959.85714285714,0da9e853e5d71623dcf1d1d268bc5e1b0b81662bb5b3699ae404f9a82e78979e
confirmation,240,er_gnm,19,n0240-r0019-er_gnm,nch,source,0,2880,42421/7,39033/7,311049/7,41144,2650905/7,135323.3884555468,0da9e853e5d71623dcf1d1d268bc5e1b0b81662bb5b3699ae404f9a82e78979e
confirmation,240,er_gnm,19,n0240-r0019-er_gnm,nch,binary_panel,0,20091/7,84475/14,134261/14,134261/7,174443/14,268522/7,19180.14285714286,0da9e853e5d71623dcf1d1d268bc5e1b0b81662bb5b3699ae404f9a82e78979e
confirmation,240,sbm_fixed_count,19,n0240-r0019-sbm_fixed_count,demand-aware,source,0,2880,42421/7,51069/7,247602/7,215927/7,1215724/7,80947.35870082416,e790e70b4de1704833b6ad817c76818dd06c6c9203cda8331ebdd43f8f57bc96
confirmation,240,sbm_fixed_count,19,n0240-r0019-sbm_fixed_count,demand-aware,binary_panel,0,37657/14,11143/2,88779/7,177558/7,30745/2,355116/7,25365.428571428572,e790e70b4de1704833b6ad817c76818dd06c6c9203cda8331ebdd43f8f57bc96
confirmation,240,sbm_fixed_count,19,n0240-r0019-sbm_fixed_count,fhs3,source,0,19876/7,5936,8539,176310/7,136238/7,522912/7,39417.776310401016,e790e70b4de1704833b6ad817c76818dd06c6c9203cda8331ebdd43f8f57bc96
confirmation,240,sbm_fixed_count,19,n0240-r0019-sbm_fixed_count,fhs3,binary_panel,0,18952/7,39345/7,11126,22252,96834/7,44504,22252.0,e790e70b4de1704833b6ad817c76818dd06c6c9203cda8331ebdd43f8f57bc96
confirmation,240,sbm_fixed_count,19,n0240-r0019-sbm_fixed_count,fhs5,source,0,2880,42421/7,51069/7,247602/7,215927/7,1215724/7,80947.35870082416,e790e70b4de1704833b6ad817c76818dd06c6c9203cda8331ebdd43f8f57bc96
confirmation,240,sbm_fixed_count,19,n0240-r0019-sbm_fixed_count,fhs5,binary_panel,0,37657/14,11143/2,88779/7,177558/7,30745/2,355116/7,25365.428571428572,e790e70b4de1704833b6ad817c76818dd06c6c9203cda8331ebdd43f8f57bc96
confirmation,240,sbm_fixed_count,19,n0240-r0019-sbm_fixed_count,nch,source,0,2880,42421/7,5630,312328/7,288375/7,2616372/7,135131.29793214405,e790e70b4de1704833b6ad817c76818dd06c6c9203cda8331ebdd43f8f57bc96
confirmation,240,sbm_fixed_count,19,n0240-r0019-sbm_fixed_count,nch,binary_panel,0,19627/7,5842,65922/7,131844/7,85549/7,263688/7,18834.85714285714,e790e70b4de1704833b6ad817c76818dd06c6c9203cda8331ebdd43f8f57bc96
formal,30,barabasi_albert,0,n0030-r0000-barabasi_albert,demand-aware,source,0,360,5367/7,4365/7,20998/7,18894/7,102660/7,6840.750199650899,842a10973de6f0f61b388765b70df17fe3648127240ba4d363ef1eacff44a7f2
formal,30,barabasi_albert,0,n0030-r0000-barabasi_albert,demand-aware,binary_panel,0,2470/7,5207/7,7660/7,15320/7,10130/7,30640/7,2188.5714285714284,842a10973de6f0f61b388765b70df17fe3648127240ba4d363ef1eacff44a7f2
formal,30,barabasi_albert,0,n0030-r0000-barabasi_albert,fhs3,source,0,360,5367/7,681,13859/7,11586/7,40693/7,3064.1269209795714,842a10973de6f0f61b388765b70df17fe3648127240ba4d363ef1eacff44a7f2
formal,30,barabasi_albert,0,n0030-r0000-barabasi_albert,fhs3,binary_panel,0,2510/7,5329/7,6305/7,12610/7,8815/7,25220/7,1801.4285714285713,842a10973de6f0f61b388765b70df17fe3648127240ba4d363ef1eacff44a7f2
formal,30,barabasi_albert,0,n0030-r0000-barabasi_albert,fhs5,source,0,360,5367/7,4365/7,20998/7,18894/7,102660/7,6840.750199650899,842a10973de6f0f61b388765b70df17fe3648127240ba4d363ef1eacff44a7f2
formal,30,barabasi_albert,0,n0030-r0000-barabasi_albert,fhs5,binary_panel,0,2470/7,5207/7,7660/7,15320/7,10130/7,30640/7,2188.5714285714284,842a10973de6f0f61b388765b70df17fe3648127240ba4d363ef1eacff44a7f2
formal,30,barabasi_albert,0,n0030-r0000-barabasi_albert,nch,source,0,360,5367/7,3142/7,28534/7,26942/7,317698/7,13607.567385694163,842a10973de6f0f61b388765b70df17fe3648127240ba4d363ef1eacff44a7f2
formal,30,barabasi_albert,0,n0030-r0000-barabasi_albert,nch,binary_panel,0,359,5342/7,5293/7,10586/7,7806/7,21172/7,1512.2857142857142,842a10973de6f0f61b388765b70df17fe3648127240ba4d363ef1eacff44a7f2
formal,30,er_gnm,0,n0030-r0000-er_gnm,demand-aware,source,0,360,5367/7,4289/7,20359/7,18052/7,99167/7,6601.834259649919,a45ca982163aa7bd1abd765e1c94363bbd7e57f5c6bbbe2b7e63c3edec5b8537
formal,30,er_gnm,0,n0030-r0000-er_gnm,demand-aware,binary_panel,0,4993/14,5290/7,15683/14,15683/7,10338/7,31366/7,2240.4285714285716,a45ca982163aa7bd1abd765e1c94363bbd7e57f5c6bbbe2b7e63c3edec5b8537
formal,30,er_gnm,0,n0030-r0000-er_gnm,fhs3,source,0,360,5367/7,4922/7,14135/7,11668/7,41143/7,3095.0317531119204,a45ca982163aa7bd1abd765e1c94363bbd7e57f5c6bbbe2b7e63c3edec5b8537
formal,30,er_gnm,0,n0030-r0000-er_gnm,fhs3,binary_panel,0,2505/7,5321/7,12723/14,12723/7,17733/14,25446/7,1817.5714285714287,a45ca982163aa7bd1abd765e1c94363bbd7e57f5c6bbbe2b7e63c3edec5b8537
formal,30,er_gnm,0,n0030-r0000-er_gnm,fhs5,source,0,360,5367/7,4292/7,20395/7,18100/7,99419/7,6617.380158876219,a45ca982163aa7bd1abd765e1c94363bbd7e57f5c6bbbe2b7e63c3edec5b8537
formal,30,er_gnm,0,n0030-r0000-er_gnm,fhs5,binary_panel,0,4993/14,5290/7,15683/14,15683/7,10338/7,31366/7,2240.4285714285716,a45ca982163aa7bd1abd765e1c94363bbd7e57f5c6bbbe2b7e63c3edec5b8537
formal,30,er_gnm,0,n0030-r0000-er_gnm,nch,source,0,360,5367/7,498,24676/7,22787/7,187144/7,10138.36068629048,a45ca982163aa7bd1abd765e1c94363bbd7e57f5c6bbbe2b7e63c3edec5b8537
formal,30,er_gnm,0,n0030-r0000-er_gnm,nch,binary_panel,0,5039/14,5364/7,11373/14,11373/7,8206/7,22746/7,1624.7142857142858,a45ca982163aa7bd1abd765e1c94363bbd7e57f5c6bbbe2b7e63c3edec5b8537
formal,30,sbm_fixed_count,0,n0030-r0000-sbm_fixed_count,demand-aware,source,0,2517/7,5359/7,4500/7,21449/7,2692,103743/7,6941.75798105011,c2b8467bf43c6987b0fdc09fa5b74d3aadfa21c3e8c4db92e712a10052663623
formal,30,sbm_fixed_count,0,n0030-r0000-sbm_fixed_count,demand-aware,binary_panel,0,4755/14,4992/7,8748/7,17496/7,22251/14,34992/7,2499.4285714285716,c2b8467bf43c6987b0fdc09fa5b74d3aadfa21c3e8c4db92e712a10052663623
formal,30,sbm_fixed_count,0,n0030-r0000-sbm_fixed_count,fhs3,source,0,2476/7,5254/7,5279/7,15762/7,12886/7,47136/7,3556.3477944655274,c2b8467bf43c6987b0fdc09fa5b74d3aadfa21c3e8c4db92e712a10052663623
formal,30,sbm_fixed_count,0,n0030-r0000-sbm_fixed_count,fhs3,binary_panel,0,4789/14,1441/2,13973/14,13973/7,9381/7,27946/7,1996.142857142857,c2b8467bf43c6987b0fdc09fa5b74d3aadfa21c3e8c4db92e712a10052663623
formal,30,sbm_fixed_count,0,n0030-r0000-sbm_fixed_count,fhs5,source,0,2498/7,5301/7,4537/7,21577/7,18967/7,104311/7,6978.259194647536,c2b8467bf43c6987b0fdc09fa5b74d3aadfa21c3e8c4db92e712a10052663623
formal,30,sbm_fixed_count,0,n0030-r0000-sbm_fixed_count,fhs5,binary_panel,0,4755/14,4992/7,8748/7,17496/7,22251/14,34992/7,2499.4285714285716,c2b8467bf43c6987b0fdc09fa5b74d3aadfa21c3e8c4db92e712a10052663623
formal,30,sbm_fixed_count,0,n0030-r0000-sbm_fixed_count,nch,source,0,360,5367/7,3604/7,3347,21779/7,158743/7,9139.0378416015,c2b8467bf43c6987b0fdc09fa5b74d3aadfa21c3e8c4db92e712a10052663623
formal,30,sbm_fixed_count,0,n0030-r0000-sbm_fixed_count,nch,binary_panel,0,2434/7,5119/7,10875/14,10875/7,2249/2,21750/7,1553.5714285714287,c2b8467bf43c6987b0fdc09fa5b74d3aadfa21c3e8c4db92e712a10052663623
formal,30,barabasi_albert,1,n0030-r0001-barabasi_albert,demand-aware,source,0,360,755,4140/7,19755/7,17869/7,96507/7,6421.73445753431,0b9c44a8c63a082af6fcaefbc44b833aa7d442567c6b6784ec374f53d39e226f
formal,30,barabasi_albert,1,n0030-r0001-barabasi_albert,demand-aware,binary_panel,0,4909/14,5095/7,1895/2,1895,9087/7,3790,1895.0,0b9c44a8c63a082af6fcaefbc44b833aa7d442567c6b6784ec374f53d39e226f
formal,30,barabasi_albert,1,n0030-r0001-barabasi_albert,fhs3,source,0,360,755,4664/7,13620/7,11433/7,40116/7,3021.711022755087,0b9c44a8c63a082af6fcaefbc44b833aa7d442567c6b6784ec374f53d39e226f
formal,30,barabasi_albert,1,n0030-r0001-barabasi_albert,fhs3,binary_panel,0,2467/7,10307/14,5674/7,11348/7,1163,22696/7,1621.142857142857,0b9c44a8c63a082af6fcaefbc44b833aa7d442567c6b6784ec374f53d39e226f
formal,30,barabasi_albert,1,n0030-r0001-barabasi_albert,fhs5,source,0,360,755,4140/7,19755/7,17869/7,96507/7,6421.73445753431,0b9c44a8c63a082af6fcaefbc44b833aa7d442567c6b6784ec374f53d39e226f
formal,30,barabasi_albert,1,n0030-r0001-barabasi_albert,fhs5,binary_panel,0,4909/14,5095/7,1895/2,1895,9087/7,3790,1895.0,0b9c44a8c63a082af6fcaefbc44b833aa7d442567c6b6784ec374f53d39e226f
formal,30,barabasi_albert,1,n0030-r0001-barabasi_albert,nch,source,0,360,755,3050/7,29293/7,3971,330041/7,14173.119883733814,0b9c44a8c63a082af6fcaefbc44b833aa7d442567c6b6784ec374f53d39e226f
formal,30,barabasi_albert,1,n0030-r0001-barabasi_albert,nch,binary_panel,0,2509/7,5253/7,5402/7,10804/7,7911/7,21608/7,1543.4285714285713,0b9c44a8c63a082af6fcaefbc44b833aa7d442567c6b6784ec374f53d39e226f
formal,30,er_gnm,1,n0030-r0001-er_gnm,demand-aware,source,0,360,755,4071/7,19926/7,18176/7,98520/7,6548.208283390729,ff3ebdd94605f7b8192f35be78b593cf9bd333f4ac5e6b95c24d223208ad0d74
formal,30,er_gnm,1,n0030-r0001-er_gnm,demand-aware,binary_panel,0,356,746,14299/14,14299/7,19283/14,28598/7,2042.7142857142858,ff3ebdd94605f7b8192f35be78b593cf9bd333f4ac5e6b95c24d223208ad0d74
formal,30,er_gnm,1,n0030-r0001-er_gnm,fhs3,source,0,360,755,4686/7,13886/7,11671/7,5902,3115.366026395128,ff3ebdd94605f7b8192f35be78b593cf9bd333f4ac5e6b95c24d223208ad0d74
formal,30,er_gnm,1,n0030-r0001-er_gnm,fhs3,binary_panel,0,359,5276/7,6177/7,12354/7,8690/7,24708/7,1764.857142857143,ff3ebdd94605f7b8192f35be78b593cf9bd333f4ac5e6b95c24d223208ad0d74
formal,30,er_gnm,1,n0030-r0001-er_gnm,fhs5,source,0,360,755,4071/7,19926/7,18176/7,98520/7,6548.208283390729,ff3ebdd94605f7b8192f35be78b593cf9bd333f4ac5e6b95c24d223208ad0d74
formal,30,er_gnm,1,n0030-r0001-er_gnm,fhs5,binary_panel,0,356,746,14299/14,14299/7,19283/14,28598/7,2042.7142857142858,ff3ebdd94605f7b8192f35be78b593cf9bd333f4ac5e6b95c24d223208ad0d74
formal,30,er_gnm,1,n0030-r0001-er_gnm,nch,source,0,360,755,3357/7,22928/7,21477/7,163930/7,9193.736452353576,ff3ebdd94605f7b8192f35be78b593cf9bd333f4ac5e6b95c24d223208ad0d74
formal,30,er_gnm,1,n0030-r0001-er_gnm,nch,binary_panel,0,359,5263/7,5347/7,10694/7,7860/7,21388/7,1527.7142857142858,ff3ebdd94605f7b8192f35be78b593cf9bd333f4ac5e6b95c24d223208ad0d74
formal,30,sbm_fixed_count,1,n0030-r0001-sbm_fixed_count,demand-aware,source,0,360,755,4400/7,20785/7,18493/7,100619/7,6713.449558864983,7af903b0b20f18ba4a507e902f9e90756ef06ea923d3f8c415d3a35331370a6f
formal,30,sbm_fixed_count,1,n0030-r0001-sbm_fixed_count,demand-aware,binary_panel,0,2412/7,4953/7,8661/7,17322/7,11073/7,34644/7,2474.5714285714284,7af903b0b20f18ba4a507e902f9e90756ef06ea923d3f8c415d3a35331370a6f
formal,30,sbm_fixed_count,1,n0030-r0001-sbm_fixed_count,fhs3,source,0,360,755,728,15025/7,1772,44549/7,3358.053042565149,7af903b0b20f18ba4a507e902f9e90756ef06ea923d3f8c415d3a35331370a6f
formal,30,sbm_fixed_count,1,n0030-r0001-sbm_fixed_count,fhs3,binary_panel,0,2466/7,5155/7,6941/7,13882/7,9407/7,27764/7,1983.142857142857,7af903b0b20f18ba4a507e902f9e90756ef06ea923d3f8c415d3a35331370a6f
formal,30,sbm_fixed_count,1,n0030-r0001-sbm_fixed_count,fhs5,source,0,360,755,4475/7,21167/7,18792/7,102547/7,6841.169870579518,7af903b0b20f18ba4a507e902f9e90756ef06ea923d3f8c415d3a35331370a6f
formal,30,sbm_fixed_count,1,n0030-r0001-sbm_fixed_count,fhs5,binary_panel,0,2412/7,4953/7,8661/7,17322/7,11073/7,34644/7,2474.5714285714284,7af903b0b20f18ba4a507e902f9e90756ef06ea923d3f8c415d3a35331370a6f
formal,30,sbm_fixed_count,1,n0030-r0001-sbm_fixed_count,nch,source,0,360,755,3558/7,23221/7,21437/7,158545/7,9091.438081387498,7af903b0b20f18ba4a507e902f9e90756ef06ea923d3f8c415d3a35331370a6f
formal,30,sbm_fixed_count,1,n0030-r0001-sbm_fixed_count,nch,binary_panel,0,5013/14,10481/14,10749/14,10749/7,7881/7,21498/7,1535.5714285714287,7af903b0b20f18ba4a507e902f9e90756ef06ea923d3f8c415d3a35331370a6f
formal,30,barabasi_albert,2,n0030-r0002-barabasi_albert,demand-aware,source,0,360,5178/7,581,19851/7,18091/7,97991/7,6515.1287551687055,6724e742c294a404d04ee314992248eb9f0131be24726d557b9f120eded2e786
formal,30,barabasi_albert,2,n0030-r0002-barabasi_albert,demand-aware,binary_panel,0,2498/7,5113/7,7890/7,15780/7,1484,31560/7,2254.285714285714,6724e742c294a404d04ee314992248eb9f0131be24726d557b9f120eded2e786
formal,30,barabasi_albert,2,n0030-r0002-barabasi_albert,fhs3,source,0,360,5178/7,4644/7,1931,11345/7,39721/7,2991.2027495213297,6724e742c294a404d04ee314992248eb9f0131be24726d557b9f120eded2e786
formal,30,barabasi_albert,2,n0030-r0002-barabasi_albert,fhs3,binary_panel,0,2510/7,10295/14,878,1756,8656/7,3512,1756.0,6724e742c294a404d04ee314992248eb9f0131be24726d557b9f120eded2e786
formal,30,barabasi_albert,2,n0030-r0002-barabasi_albert,fhs5,source,0,360,5178/7,581,19851/7,18091/7,97991/7,6515.1287551687055,6724e742c294a404d04ee314992248eb9f0131be24726d557b9f120eded2e786
formal,30,barabasi_albert,2,n0030-r0002-barabasi_albert,fhs5,binary_panel,0,2498/7,5113/7,7890/7,15780/7,1484,31560/7,2254.285714285714,6724e742c294a404d04ee314992248eb9f0131be24726d557b9f120eded2e786
formal,30,barabasi_albert,2,n0030-r0002-barabasi_albert,nch,source,0,360,5178/7,439,26958/7,25633/7,266488/7,12415.140887029667,6724e742c294a404d04ee314992248eb9f0131be24726d557b9f120eded2e786
formal,30,barabasi_albert,2,n0030-r0002-barabasi_albert,nch,binary_panel,0,2514/7,5148/7,5315/7,10630/7,7829/7,21260/7,1518.5714285714287,6724e742c294a404d04ee314992248eb9f0131be24726d557b9f120eded2e786
formal,30,er_gnm,2,n0030-r0002-er_gnm,demand-aware,source,0,360,5178/7,4338/7,20996/7,18783/7,102558/7,6846.007334386571,41d65c68ac3da230a187e7656836a58c709f58753c9a720ec6d25597477eeeb3
formal,30,er_gnm,2,n0030-r0002-er_gnm,demand-aware,binary_panel,0,2488/7,728,7955/7,15910/7,10443/7,31820/7,2272.8571428571427,41d65c68ac3da230a187e7656836a58c709f58753c9a720ec6d25597477eeeb3
formal,30,er_gnm,2,n0030-r0002-er_gnm,fhs3,source,0,360,5178/7,4702/7,13828/7,11619/7,40928/7,3084.5174727958834,41d65c68ac3da230a187e7656836a58c709f58753c9a720ec6d25597477eeeb3
formal,30,er_gnm,2,n0030-r0002-er_gnm,fhs3,binary_panel,0,4981/14,10203/14,12413/14,12413/7,8697/7,24826/7,1773.2857142857142,41d65c68ac3da230a187e7656836a58c709f58753c9a720ec6d25597477eeeb3
formal,30,er_gnm,2,n0030-r0002-er_gnm,fhs5,source,0,360,5178/7,4337/7,20988/7,18818/7,102498/7,6842.593523843119,41d65c68ac3da230a187e7656836a58c709f58753c9a720ec6d25597477eeeb3
formal,30,er_gnm,2,n0030-r0002-er_gnm,fhs5,binary_panel,0,2488/7,728,7955/7,15910/7,10443/7,31820/7,2272.8571428571427,41d65c68ac3da230a187e7656836a58c709f58753c9a720ec6d25597477eeeb3
formal,30,er_gnm,2,n0030-r0002-er_gnm,nch,source,0,360,5178/7,3380/7,25049/7,23301/7,197949/7,10525.124019049292,41d65c68ac3da230a187e7656836a58c709f58753c9a720ec6d25597477eeeb3
formal,30,er_gnm,2,n0030-r0002-er_gnm,nch,binary_panel,0,2491/7,5116/7,10741/14,10741/7,15723/14,21482/7,1534.4285714285713,41d65c68ac3da230a187e7656836a58c709f58753c9a720ec6d25597477eeeb3
formal,30,sbm_fixed_count,2,n0030-r0002-sbm_fixed_count,demand-aware,source,0,360,5178/7,4472/7,21318/7,19081/7,104096/7,6928.178030293428,3c9cbf1cdb6173c7ea34191d34e2d6bca63adbdf58df8a02410651495b394017
formal,30,sbm_fixed_count,2,n0030-r0002-sbm_fixed_count,demand-aware,binary_panel,0,2479/7,5064/7,8345/7,16690/7,10824/7,33380/7,2384.285714285714,3c9cbf1cdb6173c7ea34191d34e2d6bca63adbdf58df8a02410651495b394017
formal,30,sbm_fixed_count,2,n0030-r0002-sbm_fixed_count,fhs3,source,0,360,5178/7,5044/7,14614/7,12072/7,42806/7,3222.3744049702655,3c9cbf1cdb6173c7ea34191d34e2d6bca63adbdf58df8a02410651495b394017
formal,30,sbm_fixed_count,2,n0030-r0002-sbm_fixed_count,fhs3,binary_panel,0,2460/7,5007/7,6651/7,13302/7,9111/7,26604/7,1900.2857142857142,3c9cbf1cdb6173c7ea34191d34e2d6bca63adbdf58df8a02410651495b394017
formal,30,sbm_fixed_count,2,n0030-r0002-sbm_fixed_count,fhs5,source,0,360,5178/7,643,21447/7,19020/7,104761/7,6970.463067357987,3c9cbf1cdb6173c7ea34191d34e2d6bca63adbdf58df8a02410651495b394017
formal,30,sbm_fixed_count,2,n0030-r0002-sbm_fixed_count,fhs5,binary_panel,0,2479/7,5064/7,8345/7,16690/7,10824/7,33380/7,2384.285714285714,3c9cbf1cdb6173c7ea34191d34e2d6bca63adbdf58df8a02410651495b394017
formal,30,sbm_fixed_count,2,n0030-r0002-sbm_fixed_count,nch,source,0,360,5178/7,3517/7,23111/7,21545/7,161337/7,9111.529973246714,3c9cbf1cdb6173c7ea34191d34e2d6bca63adbdf58df8a02410651495b394017
formal,30,sbm_fixed_count,2,n0030-r0002-sbm_fixed_count,nch,binary_panel,0,5015/14,10267/14,10397/14,10397/7,7706/7,20794/7,1485.2857142857142,3c9cbf1cdb6173c7ea34191d34e2d6bca63adbdf58df8a02410651495b394017
formal,30,barabasi_albert,3,n0030-r0003-barabasi_albert,demand-aware,source,0,360,5374/7,4183/7,2874,18269/7,98150/7,6547.069920820077,6d8d00875c50dc59423875487d4aa9b2bef69e013cde8e8c7f988878cf084917
formal,30,barabasi_albert,3,n0030-r0003-barabasi_albert,demand-aware,binary_panel,0,2428/7,5091/7,6543/7,13086/7,8971/7,26172/7,1869.4285714285713,6d8d00875c50dc59423875487d4aa9b2bef69e013cde8e8c7f988878cf084917
formal,30,barabasi_albert,3,n0030-r0003-barabasi_albert,fhs3,source,0,360,5374/7,4769/7,14100/7,1684,41886/7,3157.970969267106,6d8d00875c50dc59423875487d4aa9b2bef69e013cde8e8c7f988878cf084917
formal,30,barabasi_albert,3,n0030-r0003-barabasi_albert,fhs3,binary_panel,0,4917/14,5158/7,12107/14,12107/7,1216,24214/7,1729.5714285714287,6d8d00875c50dc59423875487d4aa9b2bef69e013cde8e8c7f988878cf084917
formal,30,barabasi_albert,3,n0030-r0003-barabasi_albert,fhs5,source,0,360,5374/7,4183/7,2874,18269/7,98150/7,6547.069920820077,6d8d00875c50dc59423875487d4aa9b2bef69e013cde8e8c7f988878cf084917
formal,30,barabasi_albert,3,n0030-r0003-barabasi_albert,fhs5,binary_panel,0,2428/7,5091/7,6543/7,13086/7,8971/7,26172/7,1869.4285714285713,6d8d00875c50dc59423875487d4aa9b2bef69e013cde8e8c7f988878cf084917
formal,30,barabasi_albert,3,n0030-r0003-barabasi_albert,nch,source,0,360,5374/7,3009/7,32159/7,30964/7,435857/7,16592.562355142094,6d8d00875c50dc59423875487d4aa9b2bef69e013cde8e8c7f988878cf084917
formal,30,barabasi_albert,3,n0030-r0003-barabasi_albert,nch,binary_panel,0,4937/14,1481/2,5262/7,10524/7,15461/14,21048/7,1503.4285714285713,6d8d00875c50dc59423875487d4aa9b2bef69e013cde8e8c7f988878cf084917
formal,30,er_gnm,3,n0030-r0003-er_gnm,demand-aware,source,0,360,5374/7,4265/7,3026,19020/7,105338/7,6999.848290804075,122e2c229684126940f2dfd795cc27e72146ec23a9e70d7701a9014249608132
formal,30,er_gnm,3,n0030-r0003-er_gnm,demand-aware,binary_panel,0,4917/14,10329/14,7387/7,14774/7,2813/2,29548/7,2110.5714285714284,122e2c229684126940f2dfd795cc27e72146ec23a9e70d7701a9014249608132
formal,30,er_gnm,3,n0030-r0003-er_gnm,fhs3,source,0,2519/7,5368/7,4717/7,1998,11782/7,41628/7,3139.178272835444,122e2c229684126940f2dfd795cc27e72146ec23a9e70d7701a9014249608132
formal,30,er_gnm,3,n0030-r0003-er_gnm,fhs3,binary_panel,0,5003/14,5309/7,6357/7,12714/7,2531/2,25428/7,1816.2857142857142,122e2c229684126940f2dfd795cc27e72146ec23a9e70d7701a9014249608132
formal,30,er_gnm,3,n0030-r0003-er_gnm,fhs5,source,0,360,5374/7,4265/7,3026,19020/7,105338/7,6999.848290804075,122e2c229684126940f2dfd795cc27e72146ec23a9e70d7701a9014249608132
formal,30,er_gnm,3,n0030-r0003-er_gnm,fhs5,binary_panel,0,4917/14,10329/14,7387/7,14774/7,2813/2,29548/7,2110.5714285714284,122e2c229684126940f2dfd795cc27e72146ec23a9e70d7701a9014249608132
formal,30,er_gnm,3,n0030-r0003-er_gnm,nch,source,0,360,5374/7,3340/7,3368,22049/7,179248/7,9686.219536655179,122e2c229684126940f2dfd795cc27e72146ec23a9e70d7701a9014249608132
formal,30,er_gnm,3,n0030-r0003-er_gnm,nch,binary_panel,0,2504/7,5315/7,5305/7,10610/7,7809/7,21220/7,1515.7142857142858,122e2c229684126940f2dfd795cc27e72146ec23a9e70d7701a9014249608132
formal,30,sbm_fixed_count,3,n0030-r0003-sbm_fixed_count,demand-aware,source,0,2511/7,5350/7,4519/7,21118/7,18818/7,14512,6786.404945839213,cd3c22f754062b1d18d78f84f4d739ab801766d47d60e38c5db8373127144bdc
formal,30,sbm_fixed_count,3,n0030-r0003-sbm_fixed_count,demand-aware,binary_panel,0,2272/7,4779/7,7695/7,15390/7,9967/7,30780/7,2198.5714285714284,cd3c22f754062b1d18d78f84f4d739ab801766d47d60e38c5db8373127144bdc
formal,30,sbm_fixed_count,3,n0030-r0003-sbm_fixed_count,fhs3,source,0,2480/7,5265/7,5141/7,15038/7,12312/7,44344/7,3340.6064228984937,cd3c22f754062b1d18d78f84f4d739ab801766d47d60e38c5db8373127144bdc
formal,30,sbm_fixed_count,3,n0030-r0003-sbm_fixed_count,fhs3,binary_panel,0,2260/7,4769/7,881,1762,8427/7,3524,1762.0,cd3c22f754062b1d18d78f84f4d739ab801766d47d60e38c5db8373127144bdc
formal,30,sbm_fixed_count,3,n0030-r0003-sbm_fixed_count,fhs5,source,0,2511/7,5350/7,4537/7,3029,2685,101971/7,6813.139486739497,cd3c22f754062b1d18d78f84f4d739ab801766d47d60e38c5db8373127144bdc
formal,30,sbm_fixed_count,3,n0030-r0003-sbm_fixed_count,fhs5,binary_panel,0,2272/7,4779/7,7695/7,15390/7,9967/7,30780/7,2198.5714285714284,cd3c22f754062b1d18d78f84f4d739ab801766d47d60e38c5db8373127144bdc
formal,30,sbm_fixed_count,3,n0030-r0003-sbm_fixed_count,nch,source,0,360,5374/7,514,23784/7,21967/7,165164/7,9383.853440838368,cd3c22f754062b1d18d78f84f4d739ab801766d47d60e38c5db8373127144bdc
formal,30,sbm_fixed_count,3,n0030-r0003-sbm_fixed_count,nch,binary_panel,0,341,5052/7,5438/7,10876/7,7825/7,21752/7,1553.7142857142858,cd3c22f754062b1d18d78f84f4d739ab801766d47d60e38c5db8373127144bdc
formal,30,barabasi_albert,4,n0030-r0004-barabasi_albert,demand-aware,source,0,360,5303/7,4134/7,19998/7,2604,98436/7,6542.088575167115,71f0fd6bb171f8d3c5f1de59e746830cec9997143aaf63509ee85053b773f5f0
formal,30,barabasi_albert,4,n0030-r0004-barabasi_albert,demand-aware,binary_panel,0,2459/7,5139/7,13829/14,13829/7,18747/14,27658/7,1975.5714285714287,71f0fd6bb171f8d3c5f1de59e746830cec9997143aaf63509ee85053b773f5f0
formal,30,barabasi_albert,4,n0030-r0004-barabasi_albert,fhs3,source,0,360,5303/7,670,13749/7,11534/7,40605/7,3059.443356707456,71f0fd6bb171f8d3c5f1de59e746830cec9997143aaf63509ee85053b773f5f0
formal,30,barabasi_albert,4,n0030-r0004-barabasi_albert,fhs3,binary_panel,0,2491/7,740,6220/7,12440/7,8711/7,24880/7,1777.142857142857,71f0fd6bb171f8d3c5f1de59e746830cec9997143aaf63509ee85053b773f5f0
formal,30,barabasi_albert,4,n0030-r0004-barabasi_albert,fhs5,source,0,360,5303/7,4134/7,19998/7,2604,98436/7,6542.088575167115,71f0fd6bb171f8d3c5f1de59e746830cec9997143aaf63509ee85053b773f5f0
formal,30,barabasi_albert,4,n0030-r0004-barabasi_albert,fhs5,binary_panel,0,2459/7,5139/7,13829/14,13829/7,18747/14,27658/7,1975.5714285714287,71f0fd6bb171f8d3c5f1de59e746830cec9997143aaf63509ee85053b773f5f0
formal,30,barabasi_albert,4,n0030-r0004-barabasi_albert,nch,source,0,360,5303/7,3137/7,3983,3761,301109/7,13093.978838345905,71f0fd6bb171f8d3c5f1de59e746830cec9997143aaf63509ee85053b773f5f0
formal,30,barabasi_albert,4,n0030-r0004-barabasi_albert,nch,binary_panel,0,2517/7,755,5344/7,10688/7,1123,21376/7,1526.857142857143,71f0fd6bb171f8d3c5f1de59e746830cec9997143aaf63509ee85053b773f5f0
formal,30,er_gnm,4,n0030-r0004-er_gnm,demand-aware,source,0,360,5303/7,4315/7,20697/7,18476/7,100705/7,6723.450135106081,56b40c796f6eec764973f7f398891ad686f6508b9a856a5af9eebfb088477ff5
formal,30,er_gnm,4,n0030-r0004-er_gnm,demand-aware,binary_panel,0,2484/7,5218/7,7155/7,14310/7,1377,28620/7,2044.2857142857142,56b40c796f6eec764973f7f398891ad686f6508b9a856a5af9eebfb088477ff5
formal,30,er_gnm,4,n0030-r0004-er_gnm,fhs3,source,0,360,5303/7,4932/7,14543/7,12094/7,43123/7,3250.5883746604095,56b40c796f6eec764973f7f398891ad686f6508b9a856a5af9eebfb088477ff5
formal,30,er_gnm,4,n0030-r0004-er_gnm,fhs3,binary_panel,0,2504/7,5253/7,6339/7,12678/7,8843/7,25356/7,1811.142857142857,56b40c796f6eec764973f7f398891ad686f6508b9a856a5af9eebfb088477ff5
formal,30,er_gnm,4,n0030-r0004-er_gnm,fhs5,source,0,360,5303/7,620,20905/7,18616/7,101965/7,6804.545541717873,56b40c796f6eec764973f7f398891ad686f6508b9a856a5af9eebfb088477ff5
formal,30,er_gnm,4,n0030-r0004-er_gnm,fhs5,binary_panel,0,2484/7,5218/7,7155/7,14310/7,1377,28620/7,2044.2857142857142,56b40c796f6eec764973f7f398891ad686f6508b9a856a5af9eebfb088477ff5
formal,30,er_gnm,4,n0030-r0004-er_gnm,nch,source,0,360,5303/7,3489/7,3637,23747/7,207821/7,10743.116326815458,56b40c796f6eec764973f7f398891ad686f6508b9a856a5af9eebfb088477ff5
formal,30,er_gnm,4,n0030-r0004-er_gnm,nch,binary_panel,0,2503/7,5261/7,5623/7,11246/7,8126/7,22492/7,1606.5714285714287,56b40c796f6eec764973f7f398891ad686f6508b9a856a5af9eebfb088477ff5
formal,30,sbm_fixed_count,4,n0030-r0004-sbm_fixed_count,demand-aware,source,0,360,5303/7,646,21828/7,19344/7,106648/7,7114.324467744481,4929fc5815345b1c3eb8fccbaf6534c833aebc2cf0cc68b229bcd10a647aeae1
formal,30,sbm_fixed_count,4,n0030-r0004-sbm_fixed_count,demand-aware,binary_panel,0,2260/7,4642/7,1148,2296,10296/7,4592,2296.0,4929fc5815345b1c3eb8fccbaf6534c833aebc2cf0cc68b229bcd10a647aeae1
formal,30,sbm_fixed_count,4,n0030-r0004-sbm_fixed_count,fhs3,source,0,2519/7,5297/7,745,15455/7,12681/7,45985/7,3467.6156711959184,4929fc5815345b1c3eb8fccbaf6534c833aebc2cf0cc68b229bcd10a647aeae1
formal,30,sbm_fixed_count,4,n0030-r0004-sbm_fixed_count,fhs3,binary_panel,0,2375/7,4912/7,6907/7,13814/7,1326,27628/7,1973.4285714285713,4929fc5815345b1c3eb8fccbaf6534c833aebc2cf0cc68b229bcd10a647aeae1
formal,30,sbm_fixed_count,4,n0030-r0004-sbm_fixed_count,fhs5,source,0,360,5303/7,4568/7,21867/7,19279/7,106329/7,7099.352469036567,4929fc5815345b1c3eb8fccbaf6534c833aebc2cf0cc68b229bcd10a647aeae1
formal,30,sbm_fixed_count,4,n0030-r0004-sbm_fixed_count,fhs5,binary_panel,0,2260/7,4642/7,1148,2296,10296/7,4592,2296.0,4929fc5815345b1c3eb8fccbaf6534c833aebc2cf0cc68b229bcd10a647aeae1
formal,30,sbm_fixed_count,4,n0030-r0004-sbm_fixed_count,nch,source,0,360,5303/7,3517/7,23665/7,22122/7,166819/7,9414.953442655771,4929fc5815345b1c3eb8fccbaf6534c833aebc2cf0cc68b229bcd10a647aeae1
formal,30,sbm_fixed_count,4,n0030-r0004-sbm_fixed_count,nch,binary_panel,0,2503/7,5256/7,5396/7,10792/7,7899/7,21584/7,1541.7142857142858,4929fc5815345b1c3eb8fccbaf6534c833aebc2cf0cc68b229bcd10a647aeae1
formal,30,barabasi_albert,5,n0030-r0005-barabasi_albert,demand-aware,source,0,360,5342/7,4139/7,20263/7,18477/7,100127/7,6657.524646305127,553faa69c71de9fb07d792e0fc0f1dc31c5a0c09f349bcf0eded47d627c9b272
formal,30,barabasi_albert,5,n0030-r0005-barabasi_albert,demand-aware,binary_panel,0,344,10007/14,6492/7,12984/7,8900/7,25968/7,1854.857142857143,553faa69c71de9fb07d792e0fc0f1dc31c5a0c09f349bcf0eded47d627c9b272
formal,30,barabasi_albert,5,n0030-r0005-barabasi_albert,fhs3,source,0,360,5342/7,4688/7,1962,11549/7,40542/7,3054.5428192040563,553faa69c71de9fb07d792e0fc0f1dc31c5a0c09f349bcf0eded47d627c9b272
formal,30,barabasi_albert,5,n0030-r0005-barabasi_albert,fhs3,binary_panel,0,4975/14,10439/14,11675/14,11675/7,8325/7,23350/7,1667.857142857143,553faa69c71de9fb07d792e0fc0f1dc31c5a0c09f349bcf0eded47d627c9b272
formal,30,barabasi_albert,5,n0030-r0005-barabasi_albert,fhs5,source,0,360,5342/7,4139/7,20263/7,18477/7,100127/7,6657.524646305127,553faa69c71de9fb07d792e0fc0f1dc31c5a0c09f349bcf0eded47d627c9b272
formal,30,barabasi_albert,5,n0030-r0005-barabasi_albert,fhs5,binary_panel,0,344,10007/14,6492/7,12984/7,8900/7,25968/7,1854.857142857143,553faa69c71de9fb07d792e0fc0f1dc31c5a0c09f349bcf0eded47d627c9b272
formal,30,barabasi_albert,5,n0030-r0005-barabasi_albert,nch,source,0,360,5342/7,419,33819/7,4653,514791/7,18072.628243044255,553faa69c71de9fb07d792e0fc0f1dc31c5a0c09f349bcf0eded47d627c9b272
formal,30,barabasi_albert,5,n0030-r0005-barabasi_albert,nch,binary_panel,0,2481/7,5200/7,5461/7,10922/7,7942/7,21844/7,1560.2857142857142,553faa69c71de9fb07d792e0fc0f1dc31c5a0c09f349bcf0eded47d627c9b272
formal,30,er_gnm,5,n0030-r0005-er_gnm,demand-aware,source,0,360,5342/7,4279/7,20793/7,2643,101923/7,6795.908092031714,7253cf9d14a04c32a14ff98ab93ad7f4c792650378d6cfe87097583cb9e2aa68
formal,30,er_gnm,5,n0030-r0005-er_gnm,demand-aware,binary_panel,0,2483/7,10477/14,7285/7,14570/7,9768/7,29140/7,2081.4285714285716,7253cf9d14a04c32a14ff98ab93ad7f4c792650378d6cfe87097583cb9e2aa68
formal,30,er_gnm,5,n0030-r0005-er_gnm,fhs3,source,0,360,5342/7,4702/7,13810/7,11572/7,5834,3077.4334763617485,7253cf9d14a04c32a14ff98ab93ad7f4c792650378d6cfe87097583cb9e2aa68
formal,30,er_gnm,5,n0030-r0005-er_gnm,fhs3,binary_panel,0,358,5305/7,6285/7,12570/7,8791/7,25140/7,1795.7142857142858,7253cf9d14a04c32a14ff98ab93ad7f4c792650378d6cfe87097583cb9e2aa68
formal,30,er_gnm,5,n0030-r0005-er_gnm,fhs5,source,0,360,5342/7,4264/7,2956,18428/7,101334/7,6758.143809219442,7253cf9d14a04c32a14ff98ab93ad7f4c792650378d6cfe87097583cb9e2aa68
formal,30,er_gnm,5,n0030-r0005-er_gnm,fhs5,binary_panel,0,2483/7,10477/14,7285/7,14570/7,9768/7,29140/7,2081.4285714285716,7253cf9d14a04c32a14ff98ab93ad7f4c792650378d6cfe87097583cb9e2aa68
formal,30,er_gnm,5,n0030-r0005-er_gnm,nch,source,0,360,5342/7,3350/7,22625/7,21353/7,167921/7,9127.788328194578,7253cf9d14a04c32a14ff98ab93ad7f4c792650378d6cfe87097583cb9e2aa68
formal,30,er_gnm,5,n0030-r0005-er_gnm,nch,binary_panel,0,2516/7,761,5415/7,10830/7,1133,21660/7,1547.142857142857,7253cf9d14a04c32a14ff98ab93ad7f4c792650378d6cfe87097583cb9e2aa68
formal,30,sbm_fixed_count,5,n0030-r0005-sbm_fixed_count,demand-aware,source,0,360,5342/7,4586/7,21603/7,19168/7,104519/7,6974.291593249914,7c19db3649f0fbb0b6c9045c72a454ffdb3288960c71fedcbd38eaf31e3e8107
formal,30,sbm_fixed_count,5,n0030-r0005-sbm_fixed_count,demand-aware,binary_panel,0,349,5091/7,7912/7,15824/7,10355/7,31648/7,2260.5714285714284,7c19db3649f0fbb0b6c9045c72a454ffdb3288960c71fedcbd38eaf31e3e8107
formal,30,sbm_fixed_count,5,n0030-r0005-sbm_fixed_count,fhs3,source,0,2514/7,5318/7,5398/7,15745/7,12752/7,46337/7,3489.991178315286,7c19db3649f0fbb0b6c9045c72a454ffdb3288960c71fedcbd38eaf31e3e8107
formal,30,sbm_fixed_count,5,n0030-r0005-sbm_fixed_count,fhs3,binary_panel,0,4925/14,5165/7,1951/2,1951,9291/7,3902,1951.0,7c19db3649f0fbb0b6c9045c72a454ffdb3288960c71fedcbd38eaf31e3e8107
formal,30,sbm_fixed_count,5,n0030-r0005-sbm_fixed_count,fhs5,source,0,360,5342/7,4609/7,21688/7,19207/7,104926/7,6999.928777937028,7c19db3649f0fbb0b6c9045c72a454ffdb3288960c71fedcbd38eaf31e3e8107
formal,30,sbm_fixed_count,5,n0030-r0005-sbm_fixed_count,fhs5,binary_panel,0,349,5091/7,7912/7,15824/7,10355/7,31648/7,2260.5714285714284,7c19db3649f0fbb0b6c9045c72a454ffdb3288960c71fedcbd38eaf31e3e8107
formal,30,sbm_fixed_count,5,n0030-r0005-sbm_fixed_count,nch,source,0,360,5342/7,3707/7,25919/7,23839/7,187839/7,10490.69958040034,7c19db3649f0fbb0b6c9045c72a454ffdb3288960c71fedcbd38eaf31e3e8107
formal,30,sbm_fixed_count,5,n0030-r0005-sbm_fixed_count,nch,binary_panel,0,2475/7,743,6036/7,12072/7,8511/7,24144/7,1724.5714285714287,7c19db3649f0fbb0b6c9045c72a454ffdb3288960c71fedcbd38eaf31e3e8107
formal,30,barabasi_albert,6,n0030-r0006-barabasi_albert,demand-aware,source,0,360,5158/7,4100/7,20221/7,18383/7,100547/7,6672.261340152613,a5fe7c3bc620b97a13960c5775af6411156cb66936b1ff902dd40df5eb926762
formal,30,barabasi_albert,6,n0030-r0006-barabasi_albert,demand-aware,binary_panel,0,4831/14,9823/14,13301/14,13301/7,9066/7,26602/7,1900.142857142857,a5fe7c3bc620b97a13960c5775af6411156cb66936b1ff902dd40df5eb926762
formal,30,barabasi_albert,6,n0030-r0006-barabasi_albert,fhs3,source,0,360,5158/7,4730/7,13847/7,1661,40855/7,3077.9559245701626,a5fe7c3bc620b97a13960c5775af6411156cb66936b1ff902dd40df5eb926762
formal,30,barabasi_albert,6,n0030-r0006-barabasi_albert,fhs3,binary_panel,0,4951/14,10103/14,11397/14,11397/7,8174/7,22794/7,1628.142857142857,a5fe7c3bc620b97a13960c5775af6411156cb66936b1ff902dd40df5eb926762
formal,30,barabasi_albert,6,n0030-r0006-barabasi_albert,fhs5,source,0,360,5158/7,4100/7,20221/7,18383/7,100547/7,6672.261340152613,a5fe7c3bc620b97a13960c5775af6411156cb66936b1ff902dd40df5eb926762
formal,30,barabasi_albert,6,n0030-r0006-barabasi_albert,fhs5,binary_panel,0,4831/14,9823/14,13301/14,13301/7,9066/7,26602/7,1900.142857142857,a5fe7c3bc620b97a13960c5775af6411156cb66936b1ff902dd40df5eb926762
formal,30,barabasi_albert,6,n0030-r0006-barabasi_albert,nch,source,0,360,5158/7,2990/7,29156/7,27939/7,338328/7,14188.49931049392,a5fe7c3bc620b97a13960c5775af6411156cb66936b1ff902dd40df5eb926762
formal,30,barabasi_albert,6,n0030-r0006-barabasi_albert,nch,binary_panel,0,356,5086/7,5400/7,10800/7,7892/7,21600/7,1542.857142857143,a5fe7c3bc620b97a13960c5775af6411156cb66936b1ff902dd40df5eb926762
formal,30,er_gnm,6,n0030-r0006-er_gnm,demand-aware,source,0,360,5158/7,4310/7,20046/7,2575,96288/7,6430.078445232573,e6c91231fa830edac0a953cc920c74859b84d96e511de376e1c6b1fe41283713
formal,30,er_gnm,6,n0030-r0006-er_gnm,demand-aware,binary_panel,0,2463/7,716,1085,2170,10058/7,4340,2170.0,e6c91231fa830edac0a953cc920c74859b84d96e511de376e1c6b1fe41283713
formal,30,er_gnm,6,n0030-r0006-er_gnm,fhs3,source,0,360,5158/7,4787/7,14148/7,11820/7,42018/7,3167.836490699386,e6c91231fa830edac0a953cc920c74859b84d96e511de376e1c6b1fe41283713
formal,30,er_gnm,6,n0030-r0006-er_gnm,fhs3,binary_panel,0,2479/7,10097/14,12829/14,12829/7,2541/2,25658/7,1832.7142857142858,e6c91231fa830edac0a953cc920c74859b84d96e511de376e1c6b1fe41283713
formal,30,er_gnm,6,n0030-r0006-er_gnm,fhs5,source,0,360,5158/7,4310/7,20046/7,2575,96288/7,6430.078445232573,e6c91231fa830edac0a953cc920c74859b84d96e511de376e1c6b1fe41283713
formal,30,er_gnm,6,n0030-r0006-er_gnm,fhs5,binary_panel,0,2463/7,716,1085,2170,10058/7,4340,2170.0,e6c91231fa830edac0a953cc920c74859b84d96e511de376e1c6b1fe41283713
formal,30,er_gnm,6,n0030-r0006-er_gnm,nch,source,0,360,5158/7,3398/7,22742/7,21223/7,161260/7,9060.854158067961,e6c91231fa830edac0a953cc920c74859b84d96e511de376e1c6b1fe41283713
formal,30,er_gnm,6,n0030-r0006-er_gnm,nch,binary_panel,0,2518/7,5149/7,5322/7,10644/7,1120,21288/7,1520.5714285714287,e6c91231fa830edac0a953cc920c74859b84d96e511de376e1c6b1fe41283713
formal,30,sbm_fixed_count,6,n0030-r0006-sbm_fixed_count,demand-aware,source,0,2518/7,736,4925/7,22887/7,19805/7,109583/7,7330.0980997290435,c01f7f479b75630320b5e3cf4bee15cef5f61fe4eb3465356b2a3d15c3bd5033
formal,30,sbm_fixed_count,6,n0030-r0006-sbm_fixed_count,demand-aware,binary_panel,0,2330/7,1337/2,17397/14,17397/7,3151/2,34794/7,2485.285714285714,c01f7f479b75630320b5e3cf4bee15cef5f61fe4eb3465356b2a3d15c3bd5033
formal,30,sbm_fixed_count,6,n0030-r0006-sbm_fixed_count,fhs3,source,0,2456/7,4980/7,5400/7,15805/7,12836/7,46625/7,3512.601706904023,c01f7f479b75630320b5e3cf4bee15cef5f61fe4eb3465356b2a3d15c3bd5033
formal,30,sbm_fixed_count,6,n0030-r0006-sbm_fixed_count,fhs3,binary_panel,0,687/2,4845/7,6974/7,13948/7,18757/14,27896/7,1992.5714285714287,c01f7f479b75630320b5e3cf4bee15cef5f61fe4eb3465356b2a3d15c3bd5033
formal,30,sbm_fixed_count,6,n0030-r0006-sbm_fixed_count,fhs5,source,0,2518/7,736,4925/7,22887/7,19805/7,109583/7,7330.0980997290435,c01f7f479b75630320b5e3cf4bee15cef5f61fe4eb3465356b2a3d15c3bd5033
formal,30,sbm_fixed_count,6,n0030-r0006-sbm_fixed_count,fhs5,binary_panel,0,2330/7,1337/2,17397/14,17397/7,3151/2,34794/7,2485.285714285714,c01f7f479b75630320b5e3cf4bee15cef5f61fe4eb3465356b2a3d15c3bd5033
formal,30,sbm_fixed_count,6,n0030-r0006-sbm_fixed_count,nch,source,0,360,5158/7,3704/7,26099/7,23882/7,194685/7,10661.482671639058,c01f7f479b75630320b5e3cf4bee15cef5f61fe4eb3465356b2a3d15c3bd5033
formal,30,sbm_fixed_count,6,n0030-r0006-sbm_fixed_count,nch,binary_panel,0,2463/7,4989/7,5461/7,10922/7,1132,21844/7,1560.2857142857142,c01f7f479b75630320b5e3cf4bee15cef5f61fe4eb3465356b2a3d15c3bd5033
formal,30,barabasi_albert,7,n0030-r0007-barabasi_albert,demand-aware,source,0,360,5244/7,604,20131/7,18114/7,98263/7,6539.6450953147805,dc851d28ec77ced90ce8bb0182f23872e3366405fad1889540911af01558ba35
formal,30,barabasi_albert,7,n0030-r0007-barabasi_albert,demand-aware,binary_panel,0,2432/7,4960/7,6865/7,13730/7,9297/7,27460/7,1961.4285714285713,dc851d28ec77ced90ce8bb0182f23872e3366405fad1889540911af01558ba35
formal,30,barabasi_albert,7,n0030-r0007-barabasi_albert,fhs3,source,0,360,5244/7,668,13574/7,1628,39814/7,2997.590719162023,dc851d28ec77ced90ce8bb0182f23872e3366405fad1889540911af01558ba35
formal,30,barabasi_albert,7,n0030-r0007-barabasi_albert,fhs3,binary_panel,0,2488/7,5148/7,832,1664,8312/7,3328,1664.0,dc851d28ec77ced90ce8bb0182f23872e3366405fad1889540911af01558ba35
formal,30,barabasi_albert,7,n0030-r0007-barabasi_albert,fhs5,source,0,360,5244/7,604,20131/7,18114/7,98263/7,6539.6450953147805,dc851d28ec77ced90ce8bb0182f23872e3366405fad1889540911af01558ba35
formal,30,barabasi_albert,7,n0030-r0007-barabasi_albert,fhs5,binary_panel,0,2432/7,4960/7,6865/7,13730/7,9297/7,27460/7,1961.4285714285713,dc851d28ec77ced90ce8bb0182f23872e3366405fad1889540911af01558ba35
formal,30,barabasi_albert,7,n0030-r0007-barabasi_albert,nch,source,0,360,5244/7,3023/7,30166/7,28808/7,347070/7,14807.1406745695,dc851d28ec77ced90ce8bb0182f23872e3366405fad1889540911af01558ba35
formal,30,barabasi_albert,7,n0030-r0007-barabasi_albert,nch,binary_panel,0,717/2,5193/7,10883/14,10883/7,7951/7,21766/7,1554.7142857142858,dc851d28ec77ced90ce8bb0182f23872e3366405fad1889540911af01558ba35
formal,30,er_gnm,7,n0030-r0007-er_gnm,demand-aware,source,0,360,5244/7,4262/7,2912,18321/7,99314/7,6622.984148052153,0de681c141cbff4a720f44fe9fe177957f75c2e44c91ad84d354b63d9d731339
formal,30,er_gnm,7,n0030-r0007-er_gnm,demand-aware,binary_panel,0,358,5209/7,1064,2128,1422,4256,2128.0,0de681c141cbff4a720f44fe9fe177957f75c2e44c91ad84d354b63d9d731339
formal,30,er_gnm,7,n0030-r0007-er_gnm,fhs3,source,0,360,5244/7,4782/7,2009,11757/7,41623/7,3136.8912674619205,0de681c141cbff4a720f44fe9fe177957f75c2e44c91ad84d354b63d9d731339
formal,30,er_gnm,7,n0030-r0007-er_gnm,fhs3,binary_panel,0,2503/7,5205/7,6355/7,12710/7,8858/7,25420/7,1815.7142857142858,0de681c141cbff4a720f44fe9fe177957f75c2e44c91ad84d354b63d9d731339
formal,30,er_gnm,7,n0030-r0007-er_gnm,fhs5,source,0,360,5244/7,4262/7,2912,18321/7,99314/7,6622.984148052153,0de681c141cbff4a720f44fe9fe177957f75c2e44c91ad84d354b63d9d731339
formal,30,er_gnm,7,n0030-r0007-er_gnm,fhs5,binary_panel,0,358,5209/7,1064,2128,1422,4256,2128.0,0de681c141cbff4a720f44fe9fe177957f75c2e44c91ad84d354b63d9d731339
formal,30,er_gnm,7,n0030-r0007-er_gnm,nch,source,0,360,5244/7,494,3486,22594/7,186248/7,10022.144097305969,0de681c141cbff4a720f44fe9fe177957f75c2e44c91ad84d354b63d9d731339
formal,30,er_gnm,7,n0030-r0007-er_gnm,nch,binary_panel,0,2510/7,5212/7,1549/2,1549,15863/14,3098,1549.0,0de681c141cbff4a720f44fe9fe177957f75c2e44c91ad84d354b63d9d731339
formal,30,sbm_fixed_count,7,n0030-r0007-sbm_fixed_count,demand-aware,source,0,360,5244/7,4673/7,22677/7,19819/7,111675/7,7424.738373527146,1737297e3f23925fd8f87aa413d31bbb561fca979140adac171333f3baae34a9
formal,30,sbm_fixed_count,7,n0030-r0007-sbm_fixed_count,demand-aware,binary_panel,0,2397/7,4878/7,8590/7,17180/7,10987/7,34360/7,2454.285714285714,1737297e3f23925fd8f87aa413d31bbb561fca979140adac171333f3baae34a9
formal,30,sbm_fixed_count,7,n0030-r0007-sbm_fixed_count,fhs3,source,0,2465/7,5093/7,5342/7,15651/7,12687/7,46203/7,3481.0751747494214,1737297e3f23925fd8f87aa413d31bbb561fca979140adac171333f3baae34a9
formal,30,sbm_fixed_count,7,n0030-r0007-sbm_fixed_count,fhs3,binary_panel,0,2435/7,4999/7,7047/7,14094/7,9482/7,28188/7,2013.4285714285713,1737297e3f23925fd8f87aa413d31bbb561fca979140adac171333f3baae34a9
formal,30,sbm_fixed_count,7,n0030-r0007-sbm_fixed_count,fhs5,source,0,360,5244/7,4724/7,22906/7,19952/7,112748/7,7496.784781173527,1737297e3f23925fd8f87aa413d31bbb561fca979140adac171333f3baae34a9
formal,30,sbm_fixed_count,7,n0030-r0007-sbm_fixed_count,fhs5,binary_panel,0,2397/7,4878/7,8590/7,17180/7,10987/7,34360/7,2454.285714285714,1737297e3f23925fd8f87aa413d31bbb561fca979140adac171333f3baae34a9
formal,30,sbm_fixed_count,7,n0030-r0007-sbm_fixed_count,nch,source,0,360,5244/7,3646/7,25985/7,23921/7,28273,10705.57375743541,1737297e3f23925fd8f87aa413d31bbb561fca979140adac171333f3baae34a9
formal,30,sbm_fixed_count,7,n0030-r0007-sbm_fixed_count,nch,binary_panel,0,2440/7,5031/7,5388/7,10776/7,7828/7,21552/7,1539.4285714285713,1737297e3f23925fd8f87aa413d31bbb561fca979140adac171333f3baae34a9
formal,30,barabasi_albert,8,n0030-r0008-barabasi_albert,demand-aware,source,0,360,5325/7,4248/7,20303/7,18184/7,99033/7,6598.4309972143465,502f2017c068901ed17c50773e2b4cd549317818faed75e0db1ad910b0f9e7b2
formal,30,barabasi_albert,8,n0030-r0008-barabasi_albert,demand-aware,binary_panel,0,4997/14,5253/7,7260/7,14520/7,19517/14,29040/7,2074.285714285714,502f2017c068901ed17c50773e2b4cd549317818faed75e0db1ad910b0f9e7b2
formal,30,barabasi_albert,8,n0030-r0008-barabasi_albert,fhs3,source,0,360,5325/7,4761/7,14054/7,1680,41704/7,3143.878594257834,502f2017c068901ed17c50773e2b4cd549317818faed75e0db1ad910b0f9e7b2
formal,30,barabasi_albert,8,n0030-r0008-barabasi_albert,fhs3,binary_panel,0,717/2,5288/7,6001/7,12002/7,17021/14,24004/7,1714.5714285714287,502f2017c068901ed17c50773e2b4cd549317818faed75e0db1ad910b0f9e7b2
formal,30,barabasi_albert,8,n0030-r0008-barabasi_albert,fhs5,source,0,360,5325/7,4248/7,20303/7,18184/7,99033/7,6598.4309972143465,502f2017c068901ed17c50773e2b4cd549317818faed75e0db1ad910b0f9e7b2
formal,30,barabasi_albert,8,n0030-r0008-barabasi_albert,fhs5,binary_panel,0,4997/14,5253/7,7260/7,14520/7,19517/14,29040/7,2074.285714285714,502f2017c068901ed17c50773e2b4cd549317818faed75e0db1ad910b0f9e7b2
formal,30,barabasi_albert,8,n0030-r0008-barabasi_albert,nch,source,0,360,5325/7,3225/7,25145/7,3371,230071/7,11054.84564254563,502f2017c068901ed17c50773e2b4cd549317818faed75e0db1ad910b0f9e7b2
formal,30,barabasi_albert,8,n0030-r0008-barabasi_albert,nch,binary_panel,0,360,5325/7,5214/7,10428/7,7734/7,20856/7,1489.7142857142858,502f2017c068901ed17c50773e2b4cd549317818faed75e0db1ad910b0f9e7b2
formal,30,er_gnm,8,n0030-r0008-er_gnm,demand-aware,source,0,360,5325/7,4222/7,20904/7,18742/7,104028/7,6905.443866322134,703cc113b316d14eccca60c18b43d6986c7b62966d43c4efb4f6c96575754f40
formal,30,er_gnm,8,n0030-r0008-er_gnm,demand-aware,binary_panel,0,711/2,1493/2,16129/14,16129/7,10553/7,32258/7,2304.1428571428573,703cc113b316d14eccca60c18b43d6986c7b62966d43c4efb4f6c96575754f40
formal,30,er_gnm,8,n0030-r0008-er_gnm,fhs3,source,0,360,5325/7,4775/7,14081/7,11801/7,5965,3147.485038900382,703cc113b316d14eccca60c18b43d6986c7b62966d43c4efb4f6c96575754f40
formal,30,er_gnm,8,n0030-r0008-er_gnm,fhs3,binary_panel,0,359,5307/7,6355/7,12710/7,8868/7,25420/7,1815.7142857142858,703cc113b316d14eccca60c18b43d6986c7b62966d43c4efb4f6c96575754f40
formal,30,er_gnm,8,n0030-r0008-er_gnm,fhs5,source,0,360,5325/7,4216/7,2977,18762/7,103613/7,6878.836212759058,703cc113b316d14eccca60c18b43d6986c7b62966d43c4efb4f6c96575754f40
formal,30,er_gnm,8,n0030-r0008-er_gnm,fhs5,binary_panel,0,711/2,1493/2,16129/14,16129/7,10553/7,32258/7,2304.1428571428573,703cc113b316d14eccca60c18b43d6986c7b62966d43c4efb4f6c96575754f40
formal,30,er_gnm,8,n0030-r0008-er_gnm,nch,source,0,360,5325/7,3316/7,23981/7,22551/7,188903/7,10000.137341373576,703cc113b316d14eccca60c18b43d6986c7b62966d43c4efb4f6c96575754f40
formal,30,er_gnm,8,n0030-r0008-er_gnm,nch,binary_panel,0,2519/7,5319/7,5326/7,10652/7,7845/7,21304/7,1521.7142857142858,703cc113b316d14eccca60c18b43d6986c7b62966d43c4efb4f6c96575754f40
formal,30,sbm_fixed_count,8,n0030-r0008-sbm_fixed_count,demand-aware,source,0,2518/7,5319/7,4759/7,3252,19988/7,111306/7,7406.634890649244,34ade00a9483ec5548d98c16d217d77ee6d4319837dd4b183ae727182137865e
formal,30,sbm_fixed_count,8,n0030-r0008-sbm_fixed_count,demand-aware,binary_panel,0,2400/7,5002/7,2383/2,2383,21481/14,4766,2383.0,34ade00a9483ec5548d98c16d217d77ee6d4319837dd4b183ae727182137865e
formal,30,sbm_fixed_count,8,n0030-r0008-sbm_fixed_count,fhs3,source,0,352,5185/7,5324/7,2237,1811,46351/7,3493.248753334449,34ade00a9483ec5548d98c16d217d77ee6d4319837dd4b183ae727182137865e
formal,30,sbm_fixed_count,8,n0030-r0008-sbm_fixed_count,fhs3,binary_panel,0,4783/14,717,6540/7,13080/7,17863/14,26160/7,1868.5714285714287,34ade00a9483ec5548d98c16d217d77ee6d4319837dd4b183ae727182137865e
formal,30,sbm_fixed_count,8,n0030-r0008-sbm_fixed_count,fhs5,source,0,2514/7,759,4813/7,22966/7,20092/7,16028,7465.59041580832,34ade00a9483ec5548d98c16d217d77ee6d4319837dd4b183ae727182137865e
formal,30,sbm_fixed_count,8,n0030-r0008-sbm_fixed_count,fhs5,binary_panel,0,2400/7,5002/7,2383/2,2383,21481/14,4766,2383.0,34ade00a9483ec5548d98c16d217d77ee6d4319837dd4b183ae727182137865e
formal,30,sbm_fixed_count,8,n0030-r0008-sbm_fixed_count,nch,source,0,360,5325/7,526,24760/7,22712/7,172744/7,9823.540067824733,34ade00a9483ec5548d98c16d217d77ee6d4319837dd4b183ae727182137865e
formal,30,sbm_fixed_count,8,n0030-r0008-sbm_fixed_count,nch,binary_panel,0,2453/7,5161/7,10873/14,10873/7,15779/14,21746/7,1553.2857142857142,34ade00a9483ec5548d98c16d217d77ee6d4319837dd4b183ae727182137865e
formal,30,barabasi_albert,9,n0030-r0009-barabasi_albert,demand-aware,source,0,360,5440/7,4160/7,2917,2647,101333/7,6725.097147629095,9de9d0c8b35322ee66692f9106a98f4242aa6c3fd15990e32fbded7c5c00e165
formal,30,barabasi_albert,9,n0030-r0009-barabasi_albert,demand-aware,binary_panel,0,2431/7,10369/14,12545/14,12545/7,17407/14,25090/7,1792.142857142857,9de9d0c8b35322ee66692f9106a98f4242aa6c3fd15990e32fbded7c5c00e165
formal,30,barabasi_albert,9,n0030-r0009-barabasi_albert,fhs3,source,0,2516/7,775,687,14248/7,11862/7,42386/7,3196.1613050024084,9de9d0c8b35322ee66692f9106a98f4242aa6c3fd15990e32fbded7c5c00e165
formal,30,barabasi_albert,9,n0030-r0009-barabasi_albert,fhs3,binary_panel,0,2420/7,10233/14,5734/7,11468/7,8154/7,22936/7,1638.2857142857142,9de9d0c8b35322ee66692f9106a98f4242aa6c3fd15990e32fbded7c5c00e165
formal,30,barabasi_albert,9,n0030-r0009-barabasi_albert,fhs5,source,0,360,5440/7,4160/7,2917,2647,101333/7,6725.097147629095,9de9d0c8b35322ee66692f9106a98f4242aa6c3fd15990e32fbded7c5c00e165
formal,30,barabasi_albert,9,n0030-r0009-barabasi_albert,fhs5,binary_panel,0,2431/7,10369/14,12545/14,12545/7,17407/14,25090/7,1792.142857142857,9de9d0c8b35322ee66692f9106a98f4242aa6c3fd15990e32fbded7c5c00e165
formal,30,barabasi_albert,9,n0030-r0009-barabasi_albert,nch,source,0,360,5440/7,437,31433/7,29709/7,381445/7,15673.886090449612,9de9d0c8b35322ee66692f9106a98f4242aa6c3fd15990e32fbded7c5c00e165
formal,30,barabasi_albert,9,n0030-r0009-barabasi_albert,nch,binary_panel,0,2428/7,5130/7,5277/7,10554/7,7705/7,21108/7,1507.7142857142858,9de9d0c8b35322ee66692f9106a98f4242aa6c3fd15990e32fbded7c5c00e165
formal,30,er_gnm,9,n0030-r0009-er_gnm,demand-aware,source,0,360,5440/7,4135/7,20675/7,18763/7,103375/7,6857.980480256601,c76d9832737fe677fa9762c21def6678ea395992f3774efeea36c8e5506b43d4
formal,30,er_gnm,9,n0030-r0009-er_gnm,demand-aware,binary_panel,0,2510/7,5408/7,1153,2306,10581/7,4612,2306.0,c76d9832737fe677fa9762c21def6678ea395992f3774efeea36c8e5506b43d4
formal,30,er_gnm,9,n0030-r0009-er_gnm,fhs3,source,0,360,5440/7,688,14193/7,11873/7,42069/7,3171.005985338226,c76d9832737fe677fa9762c21def6678ea395992f3774efeea36c8e5506b43d4
formal,30,er_gnm,9,n0030-r0009-er_gnm,fhs3,binary_panel,0,2515/7,5421/7,6420/7,12840/7,8935/7,25680/7,1834.2857142857142,c76d9832737fe677fa9762c21def6678ea395992f3774efeea36c8e5506b43d4
formal,30,er_gnm,9,n0030-r0009-er_gnm,fhs5,source,0,360,5440/7,589,2945,18813/7,14725,6838.078239443281,c76d9832737fe677fa9762c21def6678ea395992f3774efeea36c8e5506b43d4
formal,30,er_gnm,9,n0030-r0009-er_gnm,fhs5,binary_panel,0,2510/7,5408/7,1153,2306,10581/7,4612,2306.0,c76d9832737fe677fa9762c21def6678ea395992f3774efeea36c8e5506b43d4
formal,30,er_gnm,9,n0030-r0009-er_gnm,nch,source,0,360,5440/7,3438/7,24086/7,22366/7,177876/7,9800.427387925518,c76d9832737fe677fa9762c21def6678ea395992f3774efeea36c8e5506b43d4
formal,30,er_gnm,9,n0030-r0009-er_gnm,nch,binary_panel,0,360,5440/7,5409/7,10818/7,7929/7,21636/7,1545.4285714285713,c76d9832737fe677fa9762c21def6678ea395992f3774efeea36c8e5506b43d4
formal,30,sbm_fixed_count,9,n0030-r0009-sbm_fixed_count,demand-aware,source,0,2507/7,5403/7,658,21920/7,19014/7,106776/7,7113.251881488003,4045533a9f514731b5f3d64bbf121df5c10341c45d0db26b50c8fb7d8e19286d
formal,30,sbm_fixed_count,9,n0030-r0009-sbm_fixed_count,demand-aware,binary_panel,0,332,4931/7,8059/7,16118/7,10383/7,32236/7,2302.5714285714284,4045533a9f514731b5f3d64bbf121df5c10341c45d0db26b50c8fb7d8e19286d
formal,30,sbm_fixed_count,9,n0030-r0009-sbm_fixed_count,fhs3,source,0,2494/7,5373/7,5191/7,15238/7,12405/7,45044/7,3394.2476729294,4045533a9f514731b5f3d64bbf121df5c10341c45d0db26b50c8fb7d8e19286d
formal,30,sbm_fixed_count,9,n0030-r0009-sbm_fixed_count,fhs3,binary_panel,0,345,5177/7,6410/7,12820/7,8825/7,25640/7,1831.4285714285713,4045533a9f514731b5f3d64bbf121df5c10341c45d0db26b50c8fb7d8e19286d
formal,30,sbm_fixed_count,9,n0030-r0009-sbm_fixed_count,fhs5,source,0,2511/7,5406/7,4642/7,22097/7,19064/7,107713/7,7173.257595930625,4045533a9f514731b5f3d64bbf121df5c10341c45d0db26b50c8fb7d8e19286d
formal,30,sbm_fixed_count,9,n0030-r0009-sbm_fixed_count,fhs5,binary_panel,0,332,4931/7,8059/7,16118/7,10383/7,32236/7,2302.5714285714284,4045533a9f514731b5f3d64bbf121df5c10341c45d0db26b50c8fb7d8e19286d
formal,30,sbm_fixed_count,9,n0030-r0009-sbm_fixed_count,nch,source,0,360,5440/7,3614/7,24484/7,22514/7,25080,9804.236889419986,4045533a9f514731b5f3d64bbf121df5c10341c45d0db26b50c8fb7d8e19286d
formal,30,sbm_fixed_count,9,n0030-r0009-sbm_fixed_count,nch,binary_panel,0,2447/7,5252/7,777,1554,7886/7,3108,1554.0,4045533a9f514731b5f3d64bbf121df5c10341c45d0db26b50c8fb7d8e19286d
formal,30,barabasi_albert,10,n0030-r0010-barabasi_albert,demand-aware,source,0,360,5366/7,4092/7,2821,17998/7,97005/7,6451.568671508765,bb35a5aa3952b5f4374815474c9f4f13394160e8d09dd12f88e2e9de605a196f
formal,30,barabasi_albert,10,n0030-r0010-barabasi_albert,demand-aware,binary_panel,0,2468/7,5202/7,6805/7,13610/7,9273/7,27220/7,1944.2857142857142,bb35a5aa3952b5f4374815474c9f4f13394160e8d09dd12f88e2e9de605a196f
formal,30,barabasi_albert,10,n0030-r0010-barabasi_albert,fhs3,source,0,360,5366/7,4604/7,13731/7,11615/7,41031/7,3095.4794531836237,bb35a5aa3952b5f4374815474c9f4f13394160e8d09dd12f88e2e9de605a196f
formal,30,barabasi_albert,10,n0030-r0010-barabasi_albert,fhs3,binary_panel,0,2491/7,5268/7,6126/7,12252/7,1231,24504/7,1750.2857142857142,bb35a5aa3952b5f4374815474c9f4f13394160e8d09dd12f88e2e9de605a196f
formal,30,barabasi_albert,10,n0030-r0010-barabasi_albert,fhs5,source,0,360,5366/7,4092/7,2821,17998/7,97005/7,6451.568671508765,bb35a5aa3952b5f4374815474c9f4f13394160e8d09dd12f88e2e9de605a196f
formal,30,barabasi_albert,10,n0030-r0010-barabasi_albert,fhs5,binary_panel,0,2468/7,5202/7,6805/7,13610/7,9273/7,27220/7,1944.2857142857142,bb35a5aa3952b5f4374815474c9f4f13394160e8d09dd12f88e2e9de605a196f
formal,30,barabasi_albert,10,n0030-r0010-barabasi_albert,nch,source,0,360,5366/7,3064/7,28123/7,26793/7,300225/7,13308.110852285692,bb35a5aa3952b5f4374815474c9f4f13394160e8d09dd12f88e2e9de605a196f
formal,30,barabasi_albert,10,n0030-r0010-barabasi_albert,nch,binary_panel,0,359,5339/7,5419/7,10838/7,7932/7,21676/7,1548.2857142857142,bb35a5aa3952b5f4374815474c9f4f13394160e8d09dd12f88e2e9de605a196f
formal,30,er_gnm,10,n0030-r0010-er_gnm,demand-aware,source,0,360,5366/7,4152/7,20418/7,18401/7,101406/7,6729.675462253691,1f18adf33e73fadbb52b5cdbefc4da288df4e987575a4aed8b5864918be63340
formal,30,er_gnm,10,n0030-r0010-er_gnm,demand-aware,binary_panel,0,348,5125/7,1072,2144,1420,4288,2144.0,1f18adf33e73fadbb52b5cdbefc4da288df4e987575a4aed8b5864918be63340
formal,30,er_gnm,10,n0030-r0010-er_gnm,fhs3,source,0,360,5366/7,4664/7,13859/7,11698/7,41311/7,3115.7707531860965,1f18adf33e73fadbb52b5cdbefc4da288df4e987575a4aed8b5864918be63340
formal,30,er_gnm,10,n0030-r0010-er_gnm,fhs3,binary_panel,0,2501/7,758,6374/7,12748/7,8875/7,25496/7,1821.142857142857,1f18adf33e73fadbb52b5cdbefc4da288df4e987575a4aed8b5864918be63340
formal,30,er_gnm,10,n0030-r0010-er_gnm,fhs5,source,0,360,5366/7,4152/7,20418/7,18401/7,101406/7,6729.675462253691,1f18adf33e73fadbb52b5cdbefc4da288df4e987575a4aed8b5864918be63340
formal,30,er_gnm,10,n0030-r0010-er_gnm,fhs5,binary_panel,0,348,5125/7,1072,2144,1420,4288,2144.0,1f18adf33e73fadbb52b5cdbefc4da288df4e987575a4aed8b5864918be63340
formal,30,er_gnm,10,n0030-r0010-er_gnm,nch,source,0,360,5366/7,3471/7,24166/7,22314/7,178670/7,9819.264716559464,1f18adf33e73fadbb52b5cdbefc4da288df4e987575a4aed8b5864918be63340
formal,30,er_gnm,10,n0030-r0010-er_gnm,nch,binary_panel,0,360,5366/7,5533/7,11066/7,8053/7,22132/7,1580.857142857143,1f18adf33e73fadbb52b5cdbefc4da288df4e987575a4aed8b5864918be63340
formal,30,sbm_fixed_count,10,n0030-r0010-sbm_fixed_count,demand-aware,source,0,360,5366/7,4618/7,21807/7,19049/7,105747/7,7048.82158846269,c9e9382a777d5a53dc244f8ab5aaa758ba27db8898c9bd645da449457441046e
formal,30,sbm_fixed_count,10,n0030-r0010-sbm_fixed_count,demand-aware,binary_panel,0,4649/14,9687/14,15595/14,15595/7,1446,31190/7,2227.8571428571427,c9e9382a777d5a53dc244f8ab5aaa758ba27db8898c9bd645da449457441046e
formal,30,sbm_fixed_count,10,n0030-r0010-sbm_fixed_count,fhs3,source,0,2508/7,5315/7,5346/7,2247,12786/7,46569/7,3509.7669069139124,c9e9382a777d5a53dc244f8ab5aaa758ba27db8898c9bd645da449457441046e
formal,30,sbm_fixed_count,10,n0030-r0010-sbm_fixed_count,fhs3,binary_panel,0,2391/7,5031/7,6536/7,13072/7,8927/7,26144/7,1867.4285714285713,c9e9382a777d5a53dc244f8ab5aaa758ba27db8898c9bd645da449457441046e
formal,30,sbm_fixed_count,10,n0030-r0010-sbm_fixed_count,fhs5,source,0,360,5366/7,4684/7,22124/7,19240/7,107260/7,7150.862016772597,c9e9382a777d5a53dc244f8ab5aaa758ba27db8898c9bd645da449457441046e
formal,30,sbm_fixed_count,10,n0030-r0010-sbm_fixed_count,fhs5,binary_panel,0,4649/14,9687/14,15595/14,15595/7,1446,31190/7,2227.8571428571427,c9e9382a777d5a53dc244f8ab5aaa758ba27db8898c9bd645da449457441046e
formal,30,sbm_fixed_count,10,n0030-r0010-sbm_fixed_count,nch,source,0,360,5366/7,3620/7,25295/7,3320,190231/7,10331.241821702142,c9e9382a777d5a53dc244f8ab5aaa758ba27db8898c9bd645da449457441046e
formal,30,sbm_fixed_count,10,n0030-r0010-sbm_fixed_count,nch,binary_panel,0,2470/7,5211/7,5379/7,10758/7,7849/7,21516/7,1536.857142857143,c9e9382a777d5a53dc244f8ab5aaa758ba27db8898c9bd645da449457441046e
formal,30,barabasi_albert,11,n0030-r0011-barabasi_albert,demand-aware,source,0,360,5366/7,4086/7,20067/7,18369/7,14175,6599.455785773434,fd0eb8836d7d8f386c540f0ec442d541a008bc4bfa1fcb022905ef1c1a4553b8
formal,30,barabasi_albert,11,n0030-r0011-barabasi_albert,demand-aware,binary_panel,0,2416/7,10201/14,13063/14,13063/7,17895/14,26126/7,1866.142857142857,fd0eb8836d7d8f386c540f0ec442d541a008bc4bfa1fcb022905ef1c1a4553b8
formal,30,barabasi_albert,11,n0030-r0011-barabasi_albert,fhs3,source,0,360,5366/7,4707/7,13885/7,11679/7,41183/7,3104.4431460246956,fd0eb8836d7d8f386c540f0ec442d541a008bc4bfa1fcb022905ef1c1a4553b8
formal,30,barabasi_albert,11,n0030-r0011-barabasi_albert,fhs3,binary_panel,0,2465/7,5225/7,5741/7,11482/7,8206/7,22964/7,1640.2857142857142,fd0eb8836d7d8f386c540f0ec442d541a008bc4bfa1fcb022905ef1c1a4553b8
formal,30,barabasi_albert,11,n0030-r0011-barabasi_albert,fhs5,source,0,360,5366/7,4086/7,20067/7,18369/7,14175,6599.455785773434,fd0eb8836d7d8f386c540f0ec442d541a008bc4bfa1fcb022905ef1c1a4553b8
formal,30,barabasi_albert,11,n0030-r0011-barabasi_albert,fhs5,binary_panel,0,2416/7,10201/14,13063/14,13063/7,17895/14,26126/7,1866.142857142857,fd0eb8836d7d8f386c540f0ec442d541a008bc4bfa1fcb022905ef1c1a4553b8
formal,30,barabasi_albert,11,n0030-r0011-barabasi_albert,nch,source,0,360,5366/7,3057/7,28783/7,27609/7,322499/7,13841.027330566547,fd0eb8836d7d8f386c540f0ec442d541a008bc4bfa1fcb022905ef1c1a4553b8
formal,30,barabasi_albert,11,n0030-r0011-barabasi_albert,nch,binary_panel,0,2482/7,5227/7,5426/7,10852/7,7908/7,21704/7,1550.2857142857142,fd0eb8836d7d8f386c540f0ec442d541a008bc4bfa1fcb022905ef1c1a4553b8
formal,30,er_gnm,11,n0030-r0011-er_gnm,demand-aware,source,0,360,5366/7,4126/7,19748/7,2554,96622/7,6429.172103151189,a2a4cb680d608c70f9a54e5046a858aef3be6ac05fc0a2c8ba56fd05961592d5
formal,30,er_gnm,11,n0030-r0011-er_gnm,demand-aware,binary_panel,0,4999/14,5311/7,13949/14,13949/7,9474/7,27898/7,1992.7142857142858,a2a4cb680d608c70f9a54e5046a858aef3be6ac05fc0a2c8ba56fd05961592d5
formal,30,er_gnm,11,n0030-r0011-er_gnm,fhs3,source,0,360,5366/7,4696/7,13922/7,11709/7,41434/7,3124.5200549715014,a2a4cb680d608c70f9a54e5046a858aef3be6ac05fc0a2c8ba56fd05961592d5
formal,30,er_gnm,11,n0030-r0011-er_gnm,fhs3,binary_panel,0,2517/7,5354/7,6194/7,12388/7,8711/7,24776/7,1769.7142857142858,a2a4cb680d608c70f9a54e5046a858aef3be6ac05fc0a2c8ba56fd05961592d5
formal,30,er_gnm,11,n0030-r0011-er_gnm,fhs5,source,0,360,5366/7,4146/7,2823,17877/7,13785,6422.0085878488235,a2a4cb680d608c70f9a54e5046a858aef3be6ac05fc0a2c8ba56fd05961592d5
formal,30,er_gnm,11,n0030-r0011-er_gnm,fhs5,binary_panel,0,4999/14,5311/7,13949/14,13949/7,9474/7,27898/7,1992.7142857142858,a2a4cb680d608c70f9a54e5046a858aef3be6ac05fc0a2c8ba56fd05961592d5
formal,30,er_gnm,11,n0030-r0011-er_gnm,nch,source,0,360,5366/7,3293/7,22520/7,21165/7,161626/7,9042.296701365243,a2a4cb680d608c70f9a54e5046a858aef3be6ac05fc0a2c8ba56fd05961592d5
formal,30,er_gnm,11,n0030-r0011-er_gnm,nch,binary_panel,0,719/2,5351/7,10771/14,10771/7,7902/7,21542/7,1538.7142857142858,a2a4cb680d608c70f9a54e5046a858aef3be6ac05fc0a2c8ba56fd05961592d5
formal,30,sbm_fixed_count,11,n0030-r0011-sbm_fixed_count,demand-aware,source,0,360,5366/7,4303/7,21101/7,18867/7,104455/7,6940.055484459328,558108354be013181d198992980abbee270715fe1ad0bb15ded93a437072d8d4
formal,30,sbm_fixed_count,11,n0030-r0011-sbm_fixed_count,demand-aware,binary_panel,0,2382/7,4997/7,7863/7,15726/7,10245/7,31452/7,2246.5714285714284,558108354be013181d198992980abbee270715fe1ad0bb15ded93a437072d8d4
formal,30,sbm_fixed_count,11,n0030-r0011-sbm_fixed_count,fhs3,source,0,2511/7,764,5191/7,15233/7,12458/7,45019/7,3392.2798961421404,558108354be013181d198992980abbee270715fe1ad0bb15ded93a437072d8d4
formal,30,sbm_fixed_count,11,n0030-r0011-sbm_fixed_count,fhs3,binary_panel,0,2469/7,5207/7,6698/7,13396/7,9167/7,26792/7,1913.7142857142858,558108354be013181d198992980abbee270715fe1ad0bb15ded93a437072d8d4
formal,30,sbm_fixed_count,11,n0030-r0011-sbm_fixed_count,fhs5,source,0,360,5366/7,4346/7,21249/7,19001/7,105051/7,6980.392285391487,558108354be013181d198992980abbee270715fe1ad0bb15ded93a437072d8d4
formal,30,sbm_fixed_count,11,n0030-r0011-sbm_fixed_count,fhs5,binary_panel,0,2382/7,4997/7,7863/7,15726/7,10245/7,31452/7,2246.5714285714284,558108354be013181d198992980abbee270715fe1ad0bb15ded93a437072d8d4
formal,30,sbm_fixed_count,11,n0030-r0011-sbm_fixed_count,nch,source,0,360,5366/7,3515/7,23535/7,21932/7,164847/7,9334.114789352674,558108354be013181d198992980abbee270715fe1ad0bb15ded93a437072d8d4
formal,30,sbm_fixed_count,11,n0030-r0011-sbm_fixed_count,nch,binary_panel,0,713/2,10603/14,5354/7,10708/7,15699/14,21416/7,1529.7142857142858,558108354be013181d198992980abbee270715fe1ad0bb15ded93a437072d8d4
formal,30,barabasi_albert,12,n0030-r0012-barabasi_albert,demand-aware,source,0,360,5248/7,4037/7,2824,18043/7,97418/7,6487.555576623582,f93b738627fa65883a8291431224aae61d4a4b08b2d49c3a76dde8959b701b83
formal,30,barabasi_albert,12,n0030-r0012-barabasi_albert,demand-aware,binary_panel,0,5007/14,5200/7,13439/14,13439/7,9223/7,26878/7,1919.857142857143,f93b738627fa65883a8291431224aae61d4a4b08b2d49c3a76dde8959b701b83
formal,30,barabasi_albert,12,n0030-r0012-barabasi_albert,fhs3,source,0,360,5248/7,4520/7,13252/7,11230/7,39140/7,2949.0837370160757,f93b738627fa65883a8291431224aae61d4a4b08b2d49c3a76dde8959b701b83
formal,30,barabasi_albert,12,n0030-r0012-barabasi_albert,fhs3,binary_panel,0,5035/14,5242/7,5723/7,11446/7,16481/14,22892/7,1635.142857142857,f93b738627fa65883a8291431224aae61d4a4b08b2d49c3a76dde8959b701b83
formal,30,barabasi_albert,12,n0030-r0012-barabasi_albert,fhs5,source,0,360,5248/7,4037/7,2824,18043/7,97418/7,6487.555576623582,f93b738627fa65883a8291431224aae61d4a4b08b2d49c3a76dde8959b701b83
formal,30,barabasi_albert,12,n0030-r0012-barabasi_albert,fhs5,binary_panel,0,5007/14,5200/7,13439/14,13439/7,9223/7,26878/7,1919.857142857143,f93b738627fa65883a8291431224aae61d4a4b08b2d49c3a76dde8959b701b83
formal,30,barabasi_albert,12,n0030-r0012-barabasi_albert,nch,source,0,360,5248/7,3025/7,27036/7,25763/7,286166/7,12694.381785966485,f93b738627fa65883a8291431224aae61d4a4b08b2d49c3a76dde8959b701b83
formal,30,barabasi_albert,12,n0030-r0012-barabasi_albert,nch,binary_panel,0,2519/7,5245/7,741,1482,7706/7,2964,1482.0,f93b738627fa65883a8291431224aae61d4a4b08b2d49c3a76dde8959b701b83
formal,30,er_gnm,12,n0030-r0012-er_gnm,demand-aware,source,0,360,5248/7,588,2801,2537,95395/7,6358.997763897206,3dbdf76916fcb1e99984f82a8e073e927c55a26de028bf9f91020fd6cb61d126
formal,30,er_gnm,12,n0030-r0012-er_gnm,demand-aware,binary_panel,0,358,744,6801/7,13602/7,9307/7,27204/7,1943.142857142857,3dbdf76916fcb1e99984f82a8e073e927c55a26de028bf9f91020fd6cb61d126
formal,30,er_gnm,12,n0030-r0012-er_gnm,fhs3,source,0,360,5248/7,4716/7,13949/7,11727/7,41449/7,3125.1181210389122,3dbdf76916fcb1e99984f82a8e073e927c55a26de028bf9f91020fd6cb61d126
formal,30,er_gnm,12,n0030-r0012-er_gnm,fhs3,binary_panel,0,2507/7,746,6143/7,12286/7,8650/7,24572/7,1755.142857142857,3dbdf76916fcb1e99984f82a8e073e927c55a26de028bf9f91020fd6cb61d126
formal,30,er_gnm,12,n0030-r0012-er_gnm,fhs5,source,0,360,5248/7,4191/7,19692/7,17754/7,95190/7,6349.081045800204,3dbdf76916fcb1e99984f82a8e073e927c55a26de028bf9f91020fd6cb61d126
formal,30,er_gnm,12,n0030-r0012-er_gnm,fhs5,binary_panel,0,358,744,6801/7,13602/7,9307/7,27204/7,1943.142857142857,3dbdf76916fcb1e99984f82a8e073e927c55a26de028bf9f91020fd6cb61d126
formal,30,er_gnm,12,n0030-r0012-er_gnm,nch,source,0,360,5248/7,3326/7,23953/7,22516/7,183933/7,9912.248627854866,3dbdf76916fcb1e99984f82a8e073e927c55a26de028bf9f91020fd6cb61d126
formal,30,er_gnm,12,n0030-r0012-er_gnm,nch,binary_panel,0,360,5248/7,10747/14,10747/7,15787/14,21494/7,1535.2857142857142,3dbdf76916fcb1e99984f82a8e073e927c55a26de028bf9f91020fd6cb61d126
formal,30,sbm_fixed_count,12,n0030-r0012-sbm_fixed_count,demand-aware,source,0,2496/7,5195/7,4477/7,21809/7,19522/7,107893/7,7161.6156332802475,7e7a1e96b409bdde17010da42fa7b5c207426339b7cb148324011db243199d29
formal,30,sbm_fixed_count,12,n0030-r0012-sbm_fixed_count,demand-aware,binary_panel,0,2367/7,4917/7,7598/7,15196/7,9965/7,30392/7,2170.8571428571427,7e7a1e96b409bdde17010da42fa7b5c207426339b7cb148324011db243199d29
formal,30,sbm_fixed_count,12,n0030-r0012-sbm_fixed_count,fhs3,source,0,2420/7,5036/7,5067/7,14914/7,1739,44168/7,3328.9088943344827,7e7a1e96b409bdde17010da42fa7b5c207426339b7cb148324011db243199d29
formal,30,sbm_fixed_count,12,n0030-r0012-sbm_fixed_count,fhs3,binary_panel,0,2386/7,4926/7,7101/7,14202/7,9487/7,28404/7,2028.857142857143,7e7a1e96b409bdde17010da42fa7b5c207426339b7cb148324011db243199d29
formal,30,sbm_fixed_count,12,n0030-r0012-sbm_fixed_count,fhs5,source,0,2456/7,5123/7,633,21438/7,19160/7,15108,7020.801838405589,7e7a1e96b409bdde17010da42fa7b5c207426339b7cb148324011db243199d29
formal,30,sbm_fixed_count,12,n0030-r0012-sbm_fixed_count,fhs5,binary_panel,0,2367/7,4917/7,7598/7,15196/7,9965/7,30392/7,2170.8571428571427,7e7a1e96b409bdde17010da42fa7b5c207426339b7cb148324011db243199d29
formal,30,sbm_fixed_count,12,n0030-r0012-sbm_fixed_count,nch,source,0,360,5248/7,3566/7,24137/7,22431/7,172915/7,9662.965324562221,7e7a1e96b409bdde17010da42fa7b5c207426339b7cb148324011db243199d29
formal,30,sbm_fixed_count,12,n0030-r0012-sbm_fixed_count,nch,binary_panel,0,2410/7,714,738,1476,7576/7,2952,1476.0,7e7a1e96b409bdde17010da42fa7b5c207426339b7cb148324011db243199d29
formal,30,barabasi_albert,13,n0030-r0013-barabasi_albert,demand-aware,source,0,360,5289/7,592,19991/7,18075/7,97807/7,6519.284311665361,d96daf70aaeb9343e0135500198f050c6c87a5251d8511a572bfc5c3e345e90b
formal,30,barabasi_albert,13,n0030-r0013-barabasi_albert,demand-aware,binary_panel,0,2427/7,5030/7,6971/7,13942/7,9398/7,27884/7,1991.7142857142858,d96daf70aaeb9343e0135500198f050c6c87a5251d8511a572bfc5c3e345e90b
formal,30,barabasi_albert,13,n0030-r0013-barabasi_albert,fhs3,source,0,360,5289/7,4726/7,13964/7,11682/7,41464/7,3126.0074871087954,d96daf70aaeb9343e0135500198f050c6c87a5251d8511a572bfc5c3e345e90b
formal,30,barabasi_albert,13,n0030-r0013-barabasi_albert,fhs3,binary_panel,0,353,5151/7,5755/7,11510/7,8226/7,23020/7,1644.2857142857142,d96daf70aaeb9343e0135500198f050c6c87a5251d8511a572bfc5c3e345e90b
formal,30,barabasi_albert,13,n0030-r0013-barabasi_albert,fhs5,source,0,360,5289/7,592,19991/7,18075/7,97807/7,6519.284311665361,d96daf70aaeb9343e0135500198f050c6c87a5251d8511a572bfc5c3e345e90b
formal,30,barabasi_albert,13,n0030-r0013-barabasi_albert,fhs5,binary_panel,0,2427/7,5030/7,6971/7,13942/7,9398/7,27884/7,1991.7142857142858,d96daf70aaeb9343e0135500198f050c6c87a5251d8511a572bfc5c3e345e90b
formal,30,barabasi_albert,13,n0030-r0013-barabasi_albert,nch,source,0,360,5289/7,3065/7,27187/7,25818/7,277379/7,12639.45984298927,d96daf70aaeb9343e0135500198f050c6c87a5251d8511a572bfc5c3e345e90b
formal,30,barabasi_albert,13,n0030-r0013-barabasi_albert,nch,binary_panel,0,2507/7,5240/7,5387/7,10774/7,7894/7,21548/7,1539.142857142857,d96daf70aaeb9343e0135500198f050c6c87a5251d8511a572bfc5c3e345e90b
formal,30,er_gnm,13,n0030-r0013-er_gnm,demand-aware,source,0,360,5289/7,610,20631/7,18618/7,14435,6732.572298480734,8502f4383dc42445c2395fe8280530e25cbcda87321491710da1914cdd9e5205
formal,30,er_gnm,13,n0030-r0013-er_gnm,demand-aware,binary_panel,0,2479/7,5165/7,14883/14,14883/7,19841/14,29766/7,2126.1428571428573,8502f4383dc42445c2395fe8280530e25cbcda87321491710da1914cdd9e5205
formal,30,er_gnm,13,n0030-r0013-er_gnm,fhs3,source,0,359,5272/7,683,13998/7,1672,41304/7,3111.8115656567347,8502f4383dc42445c2395fe8280530e25cbcda87321491710da1914cdd9e5205
formal,30,er_gnm,13,n0030-r0013-er_gnm,fhs3,binary_panel,0,4999/14,5234/7,12125/14,12125/7,8562/7,24250/7,1732.142857142857,8502f4383dc42445c2395fe8280530e25cbcda87321491710da1914cdd9e5205
formal,30,er_gnm,13,n0030-r0013-er_gnm,fhs5,source,0,360,5289/7,609,20546/7,18526/7,100524/7,6698.120871193342,8502f4383dc42445c2395fe8280530e25cbcda87321491710da1914cdd9e5205
formal,30,er_gnm,13,n0030-r0013-er_gnm,fhs5,binary_panel,0,2479/7,5165/7,14883/14,14883/7,19841/14,29766/7,2126.1428571428573,8502f4383dc42445c2395fe8280530e25cbcda87321491710da1914cdd9e5205
formal,30,er_gnm,13,n0030-r0013-er_gnm,nch,source,0,360,5289/7,3267/7,22563/7,21202/7,163621/7,9105.098324194454,8502f4383dc42445c2395fe8280530e25cbcda87321491710da1914cdd9e5205
formal,30,er_gnm,13,n0030-r0013-er_gnm,nch,binary_panel,0,2509/7,5261/7,5231/7,10462/7,7740/7,20924/7,1494.5714285714287,8502f4383dc42445c2395fe8280530e25cbcda87321491710da1914cdd9e5205
formal,30,sbm_fixed_count,13,n0030-r0013-sbm_fixed_count,demand-aware,source,0,2494/7,5210/7,4709/7,22754/7,19853/7,111718/7,7432.956930696281,633871cfb4cd6bd095ef9eb313f531baaefeb90ba0c62b6a9c34abcd200f811e
formal,30,sbm_fixed_count,13,n0030-r0013-sbm_fixed_count,demand-aware,binary_panel,0,2230/7,4561/7,15947/14,15947/7,20407/14,31894/7,2278.1428571428573,633871cfb4cd6bd095ef9eb313f531baaefeb90ba0c62b6a9c34abcd200f811e
formal,30,sbm_fixed_count,13,n0030-r0013-sbm_fixed_count,fhs3,source,0,2384/7,4920/7,5332/7,15611/7,1794,46063/7,3470.3469247432395,633871cfb4cd6bd095ef9eb313f531baaefeb90ba0c62b6a9c34abcd200f811e
formal,30,sbm_fixed_count,13,n0030-r0013-sbm_fixed_count,fhs3,binary_panel,0,2273/7,4670/7,6578/7,13156/7,8851/7,26312/7,1879.4285714285713,633871cfb4cd6bd095ef9eb313f531baaefeb90ba0c62b6a9c34abcd200f811e
formal,30,sbm_fixed_count,13,n0030-r0013-sbm_fixed_count,fhs5,source,0,2480/7,740,4733/7,3268,19906/7,112310/7,7472.972103908706,633871cfb4cd6bd095ef9eb313f531baaefeb90ba0c62b6a9c34abcd200f811e
formal,30,sbm_fixed_count,13,n0030-r0013-sbm_fixed_count,fhs5,binary_panel,0,2230/7,4561/7,15947/14,15947/7,20407/14,31894/7,2278.1428571428573,633871cfb4cd6bd095ef9eb313f531baaefeb90ba0c62b6a9c34abcd200f811e
formal,30,sbm_fixed_count,13,n0030-r0013-sbm_fixed_count,nch,source,0,360,5289/7,3649/7,24259/7,22394/7,170551/7,9611.161966016845,633871cfb4cd6bd095ef9eb313f531baaefeb90ba0c62b6a9c34abcd200f811e
formal,30,sbm_fixed_count,13,n0030-r0013-sbm_fixed_count,nch,binary_panel,0,2372/7,699,738,1476,7538/7,2952,1476.0,633871cfb4cd6bd095ef9eb313f531baaefeb90ba0c62b6a9c34abcd200f811e
formal,30,barabasi_albert,14,n0030-r0014-barabasi_albert,demand-aware,source,0,360,5300/7,4315/7,20276/7,18324/7,97960/7,6535.766048593578,ebe93e15d26d65c33bc4196d4b9c57ac27ccc71e3d905052690701ccd0d13a13
formal,30,barabasi_albert,14,n0030-r0014-barabasi_albert,demand-aware,binary_panel,0,2473/7,10267/14,14683/14,14683/7,19629/14,29366/7,2097.5714285714284,ebe93e15d26d65c33bc4196d4b9c57ac27ccc71e3d905052690701ccd0d13a13
formal,30,barabasi_albert,14,n0030-r0014-barabasi_albert,fhs3,source,0,360,5300/7,4784/7,13995/7,1673,41271/7,3109.126710296811,ebe93e15d26d65c33bc4196d4b9c57ac27ccc71e3d905052690701ccd0d13a13
formal,30,barabasi_albert,14,n0030-r0014-barabasi_albert,fhs3,binary_panel,0,2496/7,1489/2,5984/7,11968/7,8480/7,23936/7,1709.7142857142858,ebe93e15d26d65c33bc4196d4b9c57ac27ccc71e3d905052690701ccd0d13a13
formal,30,barabasi_albert,14,n0030-r0014-barabasi_albert,fhs5,source,0,360,5300/7,4315/7,20276/7,18324/7,97960/7,6535.766048593578,ebe93e15d26d65c33bc4196d4b9c57ac27ccc71e3d905052690701ccd0d13a13
formal,30,barabasi_albert,14,n0030-r0014-barabasi_albert,fhs5,binary_panel,0,2473/7,10267/14,14683/14,14683/7,19629/14,29366/7,2097.5714285714284,ebe93e15d26d65c33bc4196d4b9c57ac27ccc71e3d905052690701ccd0d13a13
formal,30,barabasi_albert,14,n0030-r0014-barabasi_albert,nch,source,0,360,5300/7,3189/7,28484/7,26658/7,286252/7,13222.40271431146,ebe93e15d26d65c33bc4196d4b9c57ac27ccc71e3d905052690701ccd0d13a13
formal,30,barabasi_albert,14,n0030-r0014-barabasi_albert,nch,binary_panel,0,2512/7,5263/7,5429/7,10858/7,7941/7,21716/7,1551.142857142857,ebe93e15d26d65c33bc4196d4b9c57ac27ccc71e3d905052690701ccd0d13a13
formal,30,er_gnm,14,n0030-r0014-er_gnm,demand-aware,source,0,360,5300/7,4245/7,20623/7,18430/7,101441/7,6749.890383517829,360d5a2f97f8f76de8817361a16fb9091347b5053c6172cf8d79bba0d31cb565
formal,30,er_gnm,14,n0030-r0014-er_gnm,demand-aware,binary_panel,0,2403/7,710,1027,2054,9592/7,4108,2054.0,360d5a2f97f8f76de8817361a16fb9091347b5053c6172cf8d79bba0d31cb565
formal,30,er_gnm,14,n0030-r0014-er_gnm,fhs3,source,0,360,5300/7,4682/7,13921/7,11743/7,41513/7,3131.1460496227037,360d5a2f97f8f76de8817361a16fb9091347b5053c6172cf8d79bba0d31cb565
formal,30,er_gnm,14,n0030-r0014-er_gnm,fhs3,binary_panel,0,359,5258/7,6481/7,12962/7,8994/7,25924/7,1851.7142857142858,360d5a2f97f8f76de8817361a16fb9091347b5053c6172cf8d79bba0d31cb565
formal,30,er_gnm,14,n0030-r0014-er_gnm,fhs5,source,0,360,5300/7,4264/7,20855/7,18596/7,103009/7,6848.384849036551,360d5a2f97f8f76de8817361a16fb9091347b5053c6172cf8d79bba0d31cb565
formal,30,er_gnm,14,n0030-r0014-er_gnm,fhs5,binary_panel,0,2403/7,710,1027,2054,9592/7,4108,2054.0,360d5a2f97f8f76de8817361a16fb9091347b5053c6172cf8d79bba0d31cb565
formal,30,er_gnm,14,n0030-r0014-er_gnm,nch,source,0,360,5300/7,3427/7,23347/7,21705/7,167131/7,9352.829010415837,360d5a2f97f8f76de8817361a16fb9091347b5053c6172cf8d79bba0d31cb565
formal,30,er_gnm,14,n0030-r0014-er_gnm,nch,binary_panel,0,2516/7,5279/7,11149/14,11149/7,16181/14,22298/7,1592.7142857142858,360d5a2f97f8f76de8817361a16fb9091347b5053c6172cf8d79bba0d31cb565
formal,30,sbm_fixed_count,14,n0030-r0014-sbm_fixed_count,demand-aware,source,0,360,5300/7,4528/7,21682/7,19349/7,105536/7,7040.717913504421,36be37836a9835ce08cdecc6a4db337c589f200981db27dd02743b4858cc73ac
formal,30,sbm_fixed_count,14,n0030-r0014-sbm_fixed_count,demand-aware,binary_panel,0,2370/7,4850/7,9154/7,18308/7,11524/7,36616/7,2615.4285714285716,36be37836a9835ce08cdecc6a4db337c589f200981db27dd02743b4858cc73ac
formal,30,sbm_fixed_count,14,n0030-r0014-sbm_fixed_count,fhs3,source,0,2468/7,5130/7,5272/7,15483/7,12570/7,45783/7,3450.0556247407667,36be37836a9835ce08cdecc6a4db337c589f200981db27dd02743b4858cc73ac
formal,30,sbm_fixed_count,14,n0030-r0014-sbm_fixed_count,fhs3,binary_panel,0,2419/7,4994/7,6646/7,13292/7,1295,26584/7,1898.857142857143,36be37836a9835ce08cdecc6a4db337c589f200981db27dd02743b4858cc73ac
formal,30,sbm_fixed_count,14,n0030-r0014-sbm_fixed_count,fhs5,source,0,360,5300/7,4533/7,3103,19337/7,105773/7,7055.865266815578,36be37836a9835ce08cdecc6a4db337c589f200981db27dd02743b4858cc73ac
formal,30,sbm_fixed_count,14,n0030-r0014-sbm_fixed_count,fhs5,binary_panel,0,2370/7,4850/7,9154/7,18308/7,11524/7,36616/7,2615.4285714285716,36be37836a9835ce08cdecc6a4db337c589f200981db27dd02743b4858cc73ac
formal,30,sbm_fixed_count,14,n0030-r0014-sbm_fixed_count,nch,source,0,360,5300/7,3737/7,24757/7,22844/7,169637/7,9737.240769221631,36be37836a9835ce08cdecc6a4db337c589f200981db27dd02743b4858cc73ac
formal,30,sbm_fixed_count,14,n0030-r0014-sbm_fixed_count,nch,binary_panel,0,4855/14,1435/2,5766/7,11532/7,2341/2,23064/7,1647.4285714285713,36be37836a9835ce08cdecc6a4db337c589f200981db27dd02743b4858cc73ac
formal,30,barabasi_albert,15,n0030-r0015-barabasi_albert,demand-aware,source,0,360,5268/7,4178/7,20271/7,18126/7,99581/7,6629.852417695896,f27466a3b42b4ac61a0f3320b6508a8881dee690bb73dacb5e069bc58e286aab
formal,30,barabasi_albert,15,n0030-r0015-barabasi_albert,demand-aware,binary_panel,0,2447/7,5076/7,6921/7,13842/7,9368/7,27684/7,1977.4285714285713,f27466a3b42b4ac61a0f3320b6508a8881dee690bb73dacb5e069bc58e286aab
formal,30,barabasi_albert,15,n0030-r0015-barabasi_albert,fhs3,source,0,360,5268/7,4754/7,13932/7,11661/7,41136/7,3099.374615653026,f27466a3b42b4ac61a0f3320b6508a8881dee690bb73dacb5e069bc58e286aab
formal,30,barabasi_albert,15,n0030-r0015-barabasi_albert,fhs3,binary_panel,0,2518/7,5259/7,12181/14,12181/7,17217/14,24362/7,1740.142857142857,f27466a3b42b4ac61a0f3320b6508a8881dee690bb73dacb5e069bc58e286aab
formal,30,barabasi_albert,15,n0030-r0015-barabasi_albert,fhs5,source,0,360,5268/7,4178/7,20271/7,18126/7,99581/7,6629.852417695896,f27466a3b42b4ac61a0f3320b6508a8881dee690bb73dacb5e069bc58e286aab
formal,30,barabasi_albert,15,n0030-r0015-barabasi_albert,fhs5,binary_panel,0,2447/7,5076/7,6921/7,13842/7,9368/7,27684/7,1977.4285714285713,f27466a3b42b4ac61a0f3320b6508a8881dee690bb73dacb5e069bc58e286aab
formal,30,barabasi_albert,15,n0030-r0015-barabasi_albert,nch,source,0,360,5268/7,3160/7,26066/7,24655/7,242486/7,11651.569823324546,f27466a3b42b4ac61a0f3320b6508a8881dee690bb73dacb5e069bc58e286aab
formal,30,barabasi_albert,15,n0030-r0015-barabasi_albert,nch,binary_panel,0,2518/7,5262/7,5533/7,11066/7,8051/7,22132/7,1580.857142857143,f27466a3b42b4ac61a0f3320b6508a8881dee690bb73dacb5e069bc58e286aab
formal,30,er_gnm,15,n0030-r0015-er_gnm,demand-aware,source,0,360,5268/7,4281/7,20813/7,2682,14613,6812.096074876553,c88e43604887db2a5208748c94d5ff5fd6864c6a011ddb170c86f01b61565135
formal,30,er_gnm,15,n0030-r0015-er_gnm,demand-aware,binary_panel,0,2500/7,742,7437/7,14874/7,9937/7,29748/7,2124.8571428571427,c88e43604887db2a5208748c94d5ff5fd6864c6a011ddb170c86f01b61565135
formal,30,er_gnm,15,n0030-r0015-er_gnm,fhs3,source,0,360,5268/7,4877/7,2059,12035/7,42803/7,3227.0029817970853,c88e43604887db2a5208748c94d5ff5fd6864c6a011ddb170c86f01b61565135
formal,30,er_gnm,15,n0030-r0015-er_gnm,fhs3,binary_panel,0,2510/7,5235/7,6381/7,12762/7,8891/7,25524/7,1823.142857142857,c88e43604887db2a5208748c94d5ff5fd6864c6a011ddb170c86f01b61565135
formal,30,er_gnm,15,n0030-r0015-er_gnm,fhs5,source,0,360,5268/7,4281/7,20813/7,2682,14613,6812.096074876553,c88e43604887db2a5208748c94d5ff5fd6864c6a011ddb170c86f01b61565135
formal,30,er_gnm,15,n0030-r0015-er_gnm,fhs5,binary_panel,0,2500/7,742,7437/7,14874/7,9937/7,29748/7,2124.8571428571427,c88e43604887db2a5208748c94d5ff5fd6864c6a011ddb170c86f01b61565135
formal,30,er_gnm,15,n0030-r0015-er_gnm,nch,source,0,360,5268/7,3432/7,24527/7,3256,199231/7,10269.162061319077,c88e43604887db2a5208748c94d5ff5fd6864c6a011ddb170c86f01b61565135
formal,30,er_gnm,15,n0030-r0015-er_gnm,nch,binary_panel,0,2519/7,5262/7,5408/7,10816/7,7927/7,21632/7,1545.142857142857,c88e43604887db2a5208748c94d5ff5fd6864c6a011ddb170c86f01b61565135
formal,30,sbm_fixed_count,15,n0030-r0015-sbm_fixed_count,demand-aware,source,0,360,5268/7,4442/7,21466/7,18941/7,105842/7,7026.69030711257,fa0633f7b18b5c4d951971bda6befc7aad571677cb634cb56c9d8f65988d4322
formal,30,sbm_fixed_count,15,n0030-r0015-sbm_fixed_count,demand-aware,binary_panel,0,2465/7,5104/7,14459/14,14459/7,19389/14,28918/7,2065.5714285714284,fa0633f7b18b5c4d951971bda6befc7aad571677cb634cb56c9d8f65988d4322
formal,30,sbm_fixed_count,15,n0030-r0015-sbm_fixed_count,fhs3,source,0,2519/7,5262/7,5165/7,14891/7,1736,43465/7,3270.7202710525116,fa0633f7b18b5c4d951971bda6befc7aad571677cb634cb56c9d8f65988d4322
formal,30,sbm_fixed_count,15,n0030-r0015-sbm_fixed_count,fhs3,binary_panel,0,2489/7,10333/14,12561/14,12561/7,17539/14,25122/7,1794.4285714285713,fa0633f7b18b5c4d951971bda6befc7aad571677cb634cb56c9d8f65988d4322
formal,30,sbm_fixed_count,15,n0030-r0015-sbm_fixed_count,fhs5,source,0,360,5268/7,4497/7,21687/7,19070/7,106839/7,7093.198406763164,fa0633f7b18b5c4d951971bda6befc7aad571677cb634cb56c9d8f65988d4322
formal,30,sbm_fixed_count,15,n0030-r0015-sbm_fixed_count,fhs5,binary_panel,0,2465/7,5104/7,14459/14,14459/7,19389/14,28918/7,2065.5714285714284,fa0633f7b18b5c4d951971bda6befc7aad571677cb634cb56c9d8f65988d4322
formal,30,sbm_fixed_count,15,n0030-r0015-sbm_fixed_count,nch,source,0,360,5268/7,3541/7,23402/7,21699/7,163512/7,9253.935638052071,fa0633f7b18b5c4d951971bda6befc7aad571677cb634cb56c9d8f65988d4322
formal,30,sbm_fixed_count,15,n0030-r0015-sbm_fixed_count,nch,binary_panel,0,2502/7,5202/7,5490/7,10980/7,7992/7,21960/7,1568.5714285714287,fa0633f7b18b5c4d951971bda6befc7aad571677cb634cb56c9d8f65988d4322
formal,30,barabasi_albert,16,n0030-r0016-barabasi_albert,demand-aware,source,0,360,5332/7,4192/7,2866,18118/7,13938,6512.087456066375,060895d722095f4aa25b95b9bcf16bc68f04ef36fe205ab85e59db3becee73ce
formal,30,barabasi_albert,16,n0030-r0016-barabasi_albert,demand-aware,binary_panel,0,2466/7,5185/7,6991/7,13982/7,1351,27964/7,1997.4285714285713,060895d722095f4aa25b95b9bcf16bc68f04ef36fe205ab85e59db3becee73ce
formal,30,barabasi_albert,16,n0030-r0016-barabasi_albert,fhs3,source,0,360,5332/7,4728/7,13928/7,1671,5896,3110.836701382147,060895d722095f4aa25b95b9bcf16bc68f04ef36fe205ab85e59db3becee73ce
formal,30,barabasi_albert,16,n0030-r0016-barabasi_albert,fhs3,binary_panel,0,705/2,5196/7,12049/14,12049/7,8492/7,24098/7,1721.2857142857142,060895d722095f4aa25b95b9bcf16bc68f04ef36fe205ab85e59db3becee73ce
formal,30,barabasi_albert,16,n0030-r0016-barabasi_albert,fhs5,source,0,360,5332/7,606,20227/7,18226/7,98223/7,6556.145428765989,060895d722095f4aa25b95b9bcf16bc68f04ef36fe205ab85e59db3becee73ce
formal,30,barabasi_albert,16,n0030-r0016-barabasi_albert,fhs5,binary_panel,0,2466/7,5185/7,6991/7,13982/7,1351,27964/7,1997.4285714285713,060895d722095f4aa25b95b9bcf16bc68f04ef36fe205ab85e59db3becee73ce
formal,30,barabasi_albert,16,n0030-r0016-barabasi_albert,nch,source,0,360,5332/7,3112/7,30108/7,28368/7,330304/7,14498.429876476086,060895d722095f4aa25b95b9bcf16bc68f04ef36fe205ab85e59db3becee73ce
formal,30,barabasi_albert,16,n0030-r0016-barabasi_albert,nch,binary_panel,0,2490/7,5249/7,5452/7,10904/7,7942/7,21808/7,1557.7142857142858,060895d722095f4aa25b95b9bcf16bc68f04ef36fe205ab85e59db3becee73ce
formal,30,er_gnm,16,n0030-r0016-er_gnm,demand-aware,source,0,360,5332/7,4226/7,2898,2601,14122,6596.330096301679,3e0e142bcfe6dd87618be117bd3d407bd2b8b29985aa4fec1850f0a809561751
formal,30,er_gnm,16,n0030-r0016-er_gnm,demand-aware,binary_panel,0,2505/7,5295/7,7344/7,14688/7,1407,29376/7,2098.285714285714,3e0e142bcfe6dd87618be117bd3d407bd2b8b29985aa4fec1850f0a809561751
formal,30,er_gnm,16,n0030-r0016-er_gnm,fhs3,source,0,360,5332/7,4703/7,14038/7,11834/7,5996,3166.6627014315973,3e0e142bcfe6dd87618be117bd3d407bd2b8b29985aa4fec1850f0a809561751
formal,30,er_gnm,16,n0030-r0016-er_gnm,fhs3,binary_panel,0,2515/7,5315/7,6255/7,12510/7,8770/7,25020/7,1787.142857142857,3e0e142bcfe6dd87618be117bd3d407bd2b8b29985aa4fec1850f0a809561751
formal,30,er_gnm,16,n0030-r0016-er_gnm,fhs5,source,0,360,5332/7,4220/7,20331/7,18273/7,99303/7,6622.895261935194,3e0e142bcfe6dd87618be117bd3d407bd2b8b29985aa4fec1850f0a809561751
formal,30,er_gnm,16,n0030-r0016-er_gnm,fhs5,binary_panel,0,2505/7,5295/7,7344/7,14688/7,1407,29376/7,2098.285714285714,3e0e142bcfe6dd87618be117bd3d407bd2b8b29985aa4fec1850f0a809561751
formal,30,er_gnm,16,n0030-r0016-er_gnm,nch,source,0,360,5332/7,3361/7,22268/7,20850/7,157260/7,8826.715448304789,3e0e142bcfe6dd87618be117bd3d407bd2b8b29985aa4fec1850f0a809561751
formal,30,er_gnm,16,n0030-r0016-er_gnm,nch,binary_panel,0,360,5332/7,5261/7,10522/7,7781/7,21044/7,1503.142857142857,3e0e142bcfe6dd87618be117bd3d407bd2b8b29985aa4fec1850f0a809561751
formal,30,sbm_fixed_count,16,n0030-r0016-sbm_fixed_count,demand-aware,source,0,360,5332/7,4420/7,21123/7,18856/7,103079/7,6865.9197129973245,2cf197ee68434aaa2f32de35fa44b743346b05fd0f52b0b149de5e2978da0b3f
formal,30,sbm_fixed_count,16,n0030-r0016-sbm_fixed_count,demand-aware,binary_panel,0,2454/7,5135/7,1176,2352,10686/7,4704,2352.0,2cf197ee68434aaa2f32de35fa44b743346b05fd0f52b0b149de5e2978da0b3f
formal,30,sbm_fixed_count,16,n0030-r0016-sbm_fixed_count,fhs3,source,0,360,5332/7,718,14810/7,12266/7,43894/7,3308.536390756254,2cf197ee68434aaa2f32de35fa44b743346b05fd0f52b0b149de5e2978da0b3f
formal,30,sbm_fixed_count,16,n0030-r0016-sbm_fixed_count,fhs3,binary_panel,0,2473/7,5191/7,6778/7,13556/7,9251/7,27112/7,1936.5714285714287,2cf197ee68434aaa2f32de35fa44b743346b05fd0f52b0b149de5e2978da0b3f
formal,30,sbm_fixed_count,16,n0030-r0016-sbm_fixed_count,fhs5,source,0,360,5332/7,4411/7,21083/7,18770/7,102867/7,6852.630399906212,2cf197ee68434aaa2f32de35fa44b743346b05fd0f52b0b149de5e2978da0b3f
formal,30,sbm_fixed_count,16,n0030-r0016-sbm_fixed_count,fhs5,binary_panel,0,2454/7,5135/7,1176,2352,10686/7,4704,2352.0,2cf197ee68434aaa2f32de35fa44b743346b05fd0f52b0b149de5e2978da0b3f
formal,30,sbm_fixed_count,16,n0030-r0016-sbm_fixed_count,nch,source,0,360,5332/7,3473/7,23958/7,22212/7,171364/7,9627.418746406427,2cf197ee68434aaa2f32de35fa44b743346b05fd0f52b0b149de5e2978da0b3f
formal,30,sbm_fixed_count,16,n0030-r0016-sbm_fixed_count,nch,binary_panel,0,355,5231/7,5618/7,11236/7,8103/7,22472/7,1605.142857142857,2cf197ee68434aaa2f32de35fa44b743346b05fd0f52b0b149de5e2978da0b3f
formal,30,barabasi_albert,17,n0030-r0017-barabasi_albert,demand-aware,source,0,360,5241/7,4190/7,2940,18663/7,101420/7,6758.403801764087,ee466b8db253caf32827de7d49cac0c4d742f9d8a96dd5617f1fcc41758f6b12
formal,30,barabasi_albert,17,n0030-r0017-barabasi_albert,demand-aware,binary_panel,0,338,687,6407/7,12814/7,8773/7,25628/7,1830.5714285714287,ee466b8db253caf32827de7d49cac0c4d742f9d8a96dd5617f1fcc41758f6b12
formal,30,barabasi_albert,17,n0030-r0017-barabasi_albert,fhs3,source,0,360,5241/7,4596/7,1943,11514/7,40429/7,3048.3284281483902,ee466b8db253caf32827de7d49cac0c4d742f9d8a96dd5617f1fcc41758f6b12
formal,30,barabasi_albert,17,n0030-r0017-barabasi_albert,fhs3,binary_panel,0,2433/7,4982/7,811,1622,8110/7,3244,1622.0,ee466b8db253caf32827de7d49cac0c4d742f9d8a96dd5617f1fcc41758f6b12
formal,30,barabasi_albert,17,n0030-r0017-barabasi_albert,fhs5,source,0,360,5241/7,4190/7,2940,18663/7,101420/7,6758.403801764087,ee466b8db253caf32827de7d49cac0c4d742f9d8a96dd5617f1fcc41758f6b12
formal,30,barabasi_albert,17,n0030-r0017-barabasi_albert,fhs5,binary_panel,0,338,687,6407/7,12814/7,8773/7,25628/7,1830.5714285714287,ee466b8db253caf32827de7d49cac0c4d742f9d8a96dd5617f1fcc41758f6b12
formal,30,barabasi_albert,17,n0030-r0017-barabasi_albert,nch,source,0,360,5241/7,2980/7,30407/7,29072/7,367607/7,15095.115593098702,ee466b8db253caf32827de7d49cac0c4d742f9d8a96dd5617f1fcc41758f6b12
formal,30,barabasi_albert,17,n0030-r0017-barabasi_albert,nch,binary_panel,0,2452/7,5050/7,773,1546,7863/7,3092,1546.0,ee466b8db253caf32827de7d49cac0c4d742f9d8a96dd5617f1fcc41758f6b12
formal,30,er_gnm,17,n0030-r0017-er_gnm,demand-aware,source,0,360,5241/7,4062/7,19555/7,17830/7,95855/7,6378.289513326578,5b61c52bf3e1ad845e6ee3384f1d3a90abde25c34d155e70f2bfa12ecf1f7e45
formal,30,er_gnm,17,n0030-r0017-er_gnm,demand-aware,binary_panel,0,2509/7,5204/7,2057/2,2057,19417/14,4114,2057.0,5b61c52bf3e1ad845e6ee3384f1d3a90abde25c34d155e70f2bfa12ecf1f7e45
formal,30,er_gnm,17,n0030-r0017-er_gnm,fhs3,source,0,360,5241/7,4679/7,13814/7,11616/7,40996/7,3090.5398156629167,5b61c52bf3e1ad845e6ee3384f1d3a90abde25c34d155e70f2bfa12ecf1f7e45
formal,30,er_gnm,17,n0030-r0017-er_gnm,fhs3,binary_panel,0,2517/7,5226/7,6101/7,12202/7,8618/7,24404/7,1743.142857142857,5b61c52bf3e1ad845e6ee3384f1d3a90abde25c34d155e70f2bfa12ecf1f7e45
formal,30,er_gnm,17,n0030-r0017-er_gnm,fhs5,source,0,360,5241/7,4050/7,19513/7,17782/7,95693/7,6367.008386625048,5b61c52bf3e1ad845e6ee3384f1d3a90abde25c34d155e70f2bfa12ecf1f7e45
formal,30,er_gnm,17,n0030-r0017-er_gnm,fhs5,binary_panel,0,2509/7,5204/7,2057/2,2057,19417/14,4114,2057.0,5b61c52bf3e1ad845e6ee3384f1d3a90abde25c34d155e70f2bfa12ecf1f7e45
formal,30,er_gnm,17,n0030-r0017-er_gnm,nch,source,0,360,5241/7,489,3280,21356/7,159986/7,9103.140476597231,5b61c52bf3e1ad845e6ee3384f1d3a90abde25c34d155e70f2bfa12ecf1f7e45
formal,30,er_gnm,17,n0030-r0017-er_gnm,nch,binary_panel,0,360,5241/7,5451/7,10902/7,7971/7,21804/7,1557.4285714285713,5b61c52bf3e1ad845e6ee3384f1d3a90abde25c34d155e70f2bfa12ecf1f7e45
formal,30,sbm_fixed_count,17,n0030-r0017-sbm_fixed_count,demand-aware,source,0,360,5241/7,4523/7,3115,19422/7,106405/7,7099.942679189995,ce5cf91eb3ef8cfbda29513351aa82f9cb9d6f57a7f4d4c5c0222f0d32994597
formal,30,sbm_fixed_count,17,n0030-r0017-sbm_fixed_count,demand-aware,binary_panel,0,2354/7,4820/7,8615/7,17230/7,1567,34460/7,2461.4285714285716,ce5cf91eb3ef8cfbda29513351aa82f9cb9d6f57a7f4d4c5c0222f0d32994597
formal,30,sbm_fixed_count,17,n0030-r0017-sbm_fixed_count,fhs3,source,0,2502/7,742,5060/7,2120,12253/7,43840/7,3303.295572887367,ce5cf91eb3ef8cfbda29513351aa82f9cb9d6f57a7f4d4c5c0222f0d32994597
formal,30,sbm_fixed_count,17,n0030-r0017-sbm_fixed_count,fhs3,binary_panel,0,347,9965/14,6775/7,13550/7,9204/7,27100/7,1935.7142857142858,ce5cf91eb3ef8cfbda29513351aa82f9cb9d6f57a7f4d4c5c0222f0d32994597
formal,30,sbm_fixed_count,17,n0030-r0017-sbm_fixed_count,fhs5,source,0,360,5241/7,4523/7,3115,19422/7,106405/7,7099.942679189995,ce5cf91eb3ef8cfbda29513351aa82f9cb9d6f57a7f4d4c5c0222f0d32994597
formal,30,sbm_fixed_count,17,n0030-r0017-sbm_fixed_count,fhs5,binary_panel,0,2354/7,4820/7,8615/7,17230/7,1567,34460/7,2461.4285714285716,ce5cf91eb3ef8cfbda29513351aa82f9cb9d6f57a7f4d4c5c0222f0d32994597
formal,30,sbm_fixed_count,17,n0030-r0017-sbm_fixed_count,nch,source,0,360,5241/7,3583/7,24242/7,22438/7,170736/7,9657.65049702466,ce5cf91eb3ef8cfbda29513351aa82f9cb9d6f57a7f4d4c5c0222f0d32994597
formal,30,sbm_fixed_count,17,n0030-r0017-sbm_fixed_count,nch,binary_panel,0,2458/7,5077/7,5464/7,10928/7,7922/7,21856/7,1561.142857142857,ce5cf91eb3ef8cfbda29513351aa82f9cb9d6f57a7f4d4c5c0222f0d32994597
formal,30,barabasi_albert,18,n0030-r0018-barabasi_albert,demand-aware,source,0,360,5345/7,4131/7,19714/7,17868/7,95374/7,6380.89700840113,8421908e0f78af9490a323289b2cd4ad4cb9a2f48a550fc0a5dc4a07b0f54a17
formal,30,barabasi_albert,18,n0030-r0018-barabasi_albert,demand-aware,binary_panel,0,4939/14,5190/7,2039/2,2039,9606/7,4078,2039.0,8421908e0f78af9490a323289b2cd4ad4cb9a2f48a550fc0a5dc4a07b0f54a17
formal,30,barabasi_albert,18,n0030-r0018-barabasi_albert,fhs3,source,0,360,5345/7,4670/7,13656/7,11471/7,40260/7,3032.870637048218,8421908e0f78af9490a323289b2cd4ad4cb9a2f48a550fc0a5dc4a07b0f54a17
formal,30,barabasi_albert,18,n0030-r0018-barabasi_albert,fhs3,binary_panel,0,2488/7,5262/7,840,1680,8368/7,3360,1680.0,8421908e0f78af9490a323289b2cd4ad4cb9a2f48a550fc0a5dc4a07b0f54a17
formal,30,barabasi_albert,18,n0030-r0018-barabasi_albert,fhs5,source,0,360,5345/7,4131/7,19714/7,17868/7,95374/7,6380.89700840113,8421908e0f78af9490a323289b2cd4ad4cb9a2f48a550fc0a5dc4a07b0f54a17
formal,30,barabasi_albert,18,n0030-r0018-barabasi_albert,fhs5,binary_panel,0,4939/14,5190/7,2039/2,2039,9606/7,4078,2039.0,8421908e0f78af9490a323289b2cd4ad4cb9a2f48a550fc0a5dc4a07b0f54a17
formal,30,barabasi_albert,18,n0030-r0018-barabasi_albert,nch,source,0,360,5345/7,435,27394/7,26084/7,275306/7,12745.06710468061,8421908e0f78af9490a323289b2cd4ad4cb9a2f48a550fc0a5dc4a07b0f54a17
formal,30,barabasi_albert,18,n0030-r0018-barabasi_albert,nch,binary_panel,0,2497/7,5270/7,10643/14,10643/7,15637/14,21286/7,1520.4285714285713,8421908e0f78af9490a323289b2cd4ad4cb9a2f48a550fc0a5dc4a07b0f54a17
formal,30,er_gnm,18,n0030-r0018-er_gnm,demand-aware,source,0,360,5345/7,609,20715/7,18540/7,102015/7,6785.258912957763,63d3bc901799667eb5d9035d55ab41b90b705de150e6cdb384e11c6f67c154f0
formal,30,er_gnm,18,n0030-r0018-er_gnm,demand-aware,binary_panel,0,2493/7,10551/14,7576/7,15152/7,10069/7,30304/7,2164.5714285714284,63d3bc901799667eb5d9035d55ab41b90b705de150e6cdb384e11c6f67c154f0
formal,30,er_gnm,18,n0030-r0018-er_gnm,fhs3,source,0,360,5345/7,4748/7,14006/7,11733/7,41542/7,3131.5060906796057,63d3bc901799667eb5d9035d55ab41b90b705de150e6cdb384e11c6f67c154f0
formal,30,er_gnm,18,n0030-r0018-er_gnm,fhs3,binary_panel,0,2518/7,5338/7,6257/7,12514/7,8775/7,25028/7,1787.7142857142858,63d3bc901799667eb5d9035d55ab41b90b705de150e6cdb384e11c6f67c154f0
formal,30,er_gnm,18,n0030-r0018-er_gnm,fhs5,source,0,360,5345/7,4272/7,20780/7,18616/7,14628,6809.802120095359,63d3bc901799667eb5d9035d55ab41b90b705de150e6cdb384e11c6f67c154f0
formal,30,er_gnm,18,n0030-r0018-er_gnm,fhs5,binary_panel,0,2493/7,10551/14,7576/7,15152/7,10069/7,30304/7,2164.5714285714284,63d3bc901799667eb5d9035d55ab41b90b705de150e6cdb384e11c6f67c154f0
formal,30,er_gnm,18,n0030-r0018-er_gnm,nch,source,0,360,5345/7,488,24043/7,22437/7,181683/7,9855.915735488104,63d3bc901799667eb5d9035d55ab41b90b705de150e6cdb384e11c6f67c154f0
formal,30,er_gnm,18,n0030-r0018-er_gnm,nch,binary_panel,0,360,5345/7,5583/7,11166/7,8103/7,22332/7,1595.142857142857,63d3bc901799667eb5d9035d55ab41b90b705de150e6cdb384e11c6f67c154f0
formal,30,sbm_fixed_count,18,n0030-r0018-sbm_fixed_count,demand-aware,source,0,2470/7,5217/7,4616/7,22102/7,19561/7,108554/7,7208.193947904845,99a8b455fcc8dbe801d3900ce4e48c70a5e89958b9d7adeaacb0b4b14ba216f2
formal,30,sbm_fixed_count,18,n0030-r0018-sbm_fixed_count,demand-aware,binary_panel,0,337,4898/7,9369/7,18738/7,11728/7,37476/7,2676.8571428571427,99a8b455fcc8dbe801d3900ce4e48c70a5e89958b9d7adeaacb0b4b14ba216f2
formal,30,sbm_fixed_count,18,n0030-r0018-sbm_fixed_count,fhs3,source,0,351,5172/7,5197/7,15550/7,12749/7,46568/7,3514.028565879263,99a8b455fcc8dbe801d3900ce4e48c70a5e89958b9d7adeaacb0b4b14ba216f2
formal,30,sbm_fixed_count,18,n0030-r0018-sbm_fixed_count,fhs3,binary_panel,0,4815/14,5037/7,6788/7,13576/7,18391/14,27152/7,1939.4285714285713,99a8b455fcc8dbe801d3900ce4e48c70a5e89958b9d7adeaacb0b4b14ba216f2
formal,30,sbm_fixed_count,18,n0030-r0018-sbm_fixed_count,fhs5,source,0,2470/7,5217/7,4642/7,22199/7,19580/7,108973/7,7236.214606064352,99a8b455fcc8dbe801d3900ce4e48c70a5e89958b9d7adeaacb0b4b14ba216f2
formal,30,sbm_fixed_count,18,n0030-r0018-sbm_fixed_count,fhs5,binary_panel,0,337,4898/7,9369/7,18738/7,11728/7,37476/7,2676.8571428571427,99a8b455fcc8dbe801d3900ce4e48c70a5e89958b9d7adeaacb0b4b14ba216f2
formal,30,sbm_fixed_count,18,n0030-r0018-sbm_fixed_count,nch,source,0,360,5345/7,3644/7,25581/7,23721/7,190875/7,10440.859099084235,99a8b455fcc8dbe801d3900ce4e48c70a5e89958b9d7adeaacb0b4b14ba216f2
formal,30,sbm_fixed_count,18,n0030-r0018-sbm_fixed_count,nch,binary_panel,0,2446/7,10225/14,10879/14,10879/7,2253/2,21758/7,1554.142857142857,99a8b455fcc8dbe801d3900ce4e48c70a5e89958b9d7adeaacb0b4b14ba216f2
formal,30,barabasi_albert,19,n0030-r0019-barabasi_albert,demand-aware,source,0,360,5279/7,4176/7,20234/7,18261/7,99084/7,6607.318741931207,3cf1c9e7d43920261b3055dab4530f16d9c55918c7f78f8ab06a6490987c32b7
formal,30,barabasi_albert,19,n0030-r0019-barabasi_albert,demand-aware,binary_panel,0,2474/7,5132/7,6960/7,13920/7,9434/7,27840/7,1988.5714285714287,3cf1c9e7d43920261b3055dab4530f16d9c55918c7f78f8ab06a6490987c32b7
formal,30,barabasi_albert,19,n0030-r0019-barabasi_albert,fhs3,source,0,360,5279/7,4628/7,13525/7,11392/7,39857/7,3002.373535247978,3cf1c9e7d43920261b3055dab4530f16d9c55918c7f78f8ab06a6490987c32b7
formal,30,barabasi_albert,19,n0030-r0019-barabasi_albert,fhs3,binary_panel,0,4983/14,5200/7,5780/7,11560/7,16543/14,23120/7,1651.4285714285713,3cf1c9e7d43920261b3055dab4530f16d9c55918c7f78f8ab06a6490987c32b7
formal,30,barabasi_albert,19,n0030-r0019-barabasi_albert,fhs5,source,0,360,5279/7,4176/7,20234/7,18261/7,99084/7,6607.318741931207,3cf1c9e7d43920261b3055dab4530f16d9c55918c7f78f8ab06a6490987c32b7
formal,30,barabasi_albert,19,n0030-r0019-barabasi_albert,fhs5,binary_panel,0,2474/7,5132/7,6960/7,13920/7,9434/7,27840/7,1988.5714285714287,3cf1c9e7d43920261b3055dab4530f16d9c55918c7f78f8ab06a6490987c32b7
formal,30,barabasi_albert,19,n0030-r0019-barabasi_albert,nch,source,0,360,5279/7,3025/7,4131,3979,357505/7,14241.433561632331,3cf1c9e7d43920261b3055dab4530f16d9c55918c7f78f8ab06a6490987c32b7
formal,30,barabasi_albert,19,n0030-r0019-barabasi_albert,nch,binary_panel,0,2503/7,5235/7,5200/7,10400/7,7703/7,20800/7,1485.7142857142858,3cf1c9e7d43920261b3055dab4530f16d9c55918c7f78f8ab06a6490987c32b7
formal,30,er_gnm,19,n0030-r0019-er_gnm,demand-aware,source,0,360,5279/7,4282/7,20402/7,18383/7,99532/7,6625.725429799399,e47db6c7108152333c96f35c2652e8274d3f5939697b593b0df3ea2c3132728e
formal,30,er_gnm,19,n0030-r0019-er_gnm,demand-aware,binary_panel,0,2511/7,5249/7,7949/7,15898/7,10460/7,31796/7,2271.1428571428573,e47db6c7108152333c96f35c2652e8274d3f5939697b593b0df3ea2c3132728e
formal,30,er_gnm,19,n0030-r0019-er_gnm,fhs3,source,0,360,5279/7,4723/7,13880/7,11652/7,5866,3094.4530263704028,e47db6c7108152333c96f35c2652e8274d3f5939697b593b0df3ea2c3132728e
formal,30,er_gnm,19,n0030-r0019-er_gnm,fhs3,binary_panel,0,2511/7,5249/7,12849/14,12849/7,2553/2,25698/7,1835.5714285714287,e47db6c7108152333c96f35c2652e8274d3f5939697b593b0df3ea2c3132728e
formal,30,er_gnm,19,n0030-r0019-er_gnm,fhs5,source,0,360,5279/7,4314/7,2936,2645,100288/7,6675.054658103439,e47db6c7108152333c96f35c2652e8274d3f5939697b593b0df3ea2c3132728e
formal,30,er_gnm,19,n0030-r0019-er_gnm,fhs5,binary_panel,0,2511/7,5249/7,7949/7,15898/7,10460/7,31796/7,2271.1428571428573,e47db6c7108152333c96f35c2652e8274d3f5939697b593b0df3ea2c3132728e
formal,30,er_gnm,19,n0030-r0019-er_gnm,nch,source,0,360,5279/7,480,23442/7,21878/7,169594/7,9475.659384832632,e47db6c7108152333c96f35c2652e8274d3f5939697b593b0df3ea2c3132728e
formal,30,er_gnm,19,n0030-r0019-er_gnm,nch,binary_panel,0,2518/7,5273/7,5484/7,10968/7,8002/7,21936/7,1566.857142857143,e47db6c7108152333c96f35c2652e8274d3f5939697b593b0df3ea2c3132728e
formal,30,sbm_fixed_count,19,n0030-r0019-sbm_fixed_count,demand-aware,source,0,360,5279/7,4709/7,21583/7,18845/7,102539/7,6866.933134850345,e53f3145e02d62f0f0ee4e1a60e26d05536ca29d68b2511e1a35fa98c4a97ed7
formal,30,sbm_fixed_count,19,n0030-r0019-sbm_fixed_count,demand-aware,binary_panel,0,2354/7,4869/7,8382/7,16764/7,10736/7,33528/7,2394.8571428571427,e53f3145e02d62f0f0ee4e1a60e26d05536ca29d68b2511e1a35fa98c4a97ed7
formal,30,sbm_fixed_count,19,n0030-r0019-sbm_fixed_count,fhs3,source,0,2479/7,5172/7,5108/7,2157,12422/7,44847/7,3381.1593818663164,e53f3145e02d62f0f0ee4e1a60e26d05536ca29d68b2511e1a35fa98c4a97ed7
formal,30,sbm_fixed_count,19,n0030-r0019-sbm_fixed_count,fhs3,binary_panel,0,2367/7,4908/7,7136/7,14272/7,9503/7,28544/7,2038.857142857143,e53f3145e02d62f0f0ee4e1a60e26d05536ca29d68b2511e1a35fa98c4a97ed7
formal,30,sbm_fixed_count,19,n0030-r0019-sbm_fixed_count,fhs5,source,0,360,5279/7,4742/7,21669/7,2695,102877/7,6887.459685607339,e53f3145e02d62f0f0ee4e1a60e26d05536ca29d68b2511e1a35fa98c4a97ed7
formal,30,sbm_fixed_count,19,n0030-r0019-sbm_fixed_count,fhs5,binary_panel,0,2354/7,4869/7,8382/7,16764/7,10736/7,33528/7,2394.8571428571427,e53f3145e02d62f0f0ee4e1a60e26d05536ca29d68b2511e1a35fa98c4a97ed7
formal,30,sbm_fixed_count,19,n0030-r0019-sbm_fixed_count,nch,source,0,360,5279/7,3468/7,23896/7,22231/7,170928/7,9606.363288498907,e53f3145e02d62f0f0ee4e1a60e26d05536ca29d68b2511e1a35fa98c4a97ed7
formal,30,sbm_fixed_count,19,n0030-r0019-sbm_fixed_count,nch,binary_panel,0,4911/14,5107/7,5029/7,10058/7,14969/14,20116/7,1436.857142857143,e53f3145e02d62f0f0ee4e1a60e26d05536ca29d68b2511e1a35fa98c4a97ed7
formal,60,barabasi_albert,0,n0060-r0000-barabasi_albert,demand-aware,source,0,720,10749/7,9554/7,46548/7,41759/7,32760,15257.372862693783,1ed4ea2ce711bc3d2405d269ffe09d4be2d534a4f34fe2e131c0eb4db92c9c95
formal,60,barabasi_albert,0,n0060-r0000-barabasi_albert,demand-aware,binary_panel,0,4905/7,10321/7,15523/7,31046/7,20428/7,62092/7,4435.142857142857,1ed4ea2ce711bc3d2405d269ffe09d4be2d534a4f34fe2e131c0eb4db92c9c95
formal,60,barabasi_albert,0,n0060-r0000-barabasi_albert,fhs3,source,0,720,10749/7,1581,32556/7,26444/7,96378/7,7263.633935363953,1ed4ea2ce711bc3d2405d269ffe09d4be2d534a4f34fe2e131c0eb4db92c9c95
formal,60,barabasi_albert,0,n0060-r0000-barabasi_albert,fhs3,binary_panel,0,9869/14,10399/7,27577/14,27577/7,18723/7,55154/7,3939.5714285714284,1ed4ea2ce711bc3d2405d269ffe09d4be2d534a4f34fe2e131c0eb4db92c9c95
formal,60,barabasi_albert,0,n0060-r0000-barabasi_albert,fhs5,source,0,720,10749/7,9554/7,46548/7,41759/7,32760,15257.372862693783,1ed4ea2ce711bc3d2405d269ffe09d4be2d534a4f34fe2e131c0eb4db92c9c95
formal,60,barabasi_albert,0,n0060-r0000-barabasi_albert,fhs5,binary_panel,0,4905/7,10321/7,15523/7,31046/7,20428/7,62092/7,4435.142857142857,1ed4ea2ce711bc3d2405d269ffe09d4be2d534a4f34fe2e131c0eb4db92c9c95
formal,60,barabasi_albert,0,n0060-r0000-barabasi_albert,nch,source,0,720,10749/7,7179/7,79966/7,74961/7,157038,41515.0183290444,1ed4ea2ce711bc3d2405d269ffe09d4be2d534a4f34fe2e131c0eb4db92c9c95
formal,60,barabasi_albert,0,n0060-r0000-barabasi_albert,nch,binary_panel,0,4958/7,10475/7,12611/7,25222/7,17569/7,50444/7,3603.1428571428573,1ed4ea2ce711bc3d2405d269ffe09d4be2d534a4f34fe2e131c0eb4db92c9c95
formal,60,er_gnm,0,n0060-r0000-er_gnm,demand-aware,source,0,720,10749/7,9663/7,46712/7,41779/7,229214/7,15258.385801002103,a898a20c0beb27223094ba9aabfe3deacb5d52957d934ba8cad448a8cd6c9f83
formal,60,er_gnm,0,n0060-r0000-er_gnm,demand-aware,binary_panel,0,5002/7,1518,17123/7,34246/7,22125/7,68492/7,4892.285714285715,a898a20c0beb27223094ba9aabfe3deacb5d52957d934ba8cad448a8cd6c9f83
formal,60,er_gnm,0,n0060-r0000-er_gnm,fhs3,source,0,720,10749/7,11134/7,32763/7,26652/7,97011/7,7311.5063336008,a898a20c0beb27223094ba9aabfe3deacb5d52957d934ba8cad448a8cd6c9f83
formal,60,er_gnm,0,n0060-r0000-er_gnm,fhs3,binary_panel,0,5024/7,10711/7,14914/7,29828/7,19938/7,59656/7,4261.142857142857,a898a20c0beb27223094ba9aabfe3deacb5d52957d934ba8cad448a8cd6c9f83
formal,60,er_gnm,0,n0060-r0000-er_gnm,fhs5,source,0,720,10749/7,9649/7,46650/7,41729/7,228870/7,15237.250113513854,a898a20c0beb27223094ba9aabfe3deacb5d52957d934ba8cad448a8cd6c9f83
formal,60,er_gnm,0,n0060-r0000-er_gnm,fhs5,binary_panel,0,5002/7,1518,17123/7,34246/7,22125/7,68492/7,4892.285714285715,a898a20c0beb27223094ba9aabfe3deacb5d52957d934ba8cad448a8cd6c9f83
formal,60,er_gnm,0,n0060-r0000-er_gnm,nch,source,0,720,10749/7,1134,58154/7,53684/7,64898,24277.432069290597,a898a20c0beb27223094ba9aabfe3deacb5d52957d934ba8cad448a8cd6c9f83
formal,60,er_gnm,0,n0060-r0000-er_gnm,nch,binary_panel,0,5035/7,10733/7,12715/7,25430/7,17750/7,50860/7,3632.8571428571427,a898a20c0beb27223094ba9aabfe3deacb5d52957d934ba8cad448a8cd6c9f83
formal,60,sbm_fixed_count,0,n0060-r0000-sbm_fixed_count,demand-aware,source,0,5010/7,10674/7,10559/7,50745/7,6373,248349/7,16534.89405392634,7de5ee72e84da94df24ad4470b8f74a10f49321cfbadfcbd6f85a99f385f2c5e
formal,60,sbm_fixed_count,0,n0060-r0000-sbm_fixed_count,demand-aware,binary_panel,0,673,9906/7,19123/7,38246/7,23834/7,76492/7,5463.714285714285,7de5ee72e84da94df24ad4470b8f74a10f49321cfbadfcbd6f85a99f385f2c5e
formal,60,sbm_fixed_count,0,n0060-r0000-sbm_fixed_count,fhs3,source,0,4877/7,10305/7,11841/7,34508/7,27474/7,101494/7,7643.773156917387,7de5ee72e84da94df24ad4470b8f74a10f49321cfbadfcbd6f85a99f385f2c5e
formal,60,sbm_fixed_count,0,n0060-r0000-sbm_fixed_count,fhs3,binary_panel,0,4758/7,9988/7,31609/14,31609/7,5875/2,63218/7,4515.571428571428,7de5ee72e84da94df24ad4470b8f74a10f49321cfbadfcbd6f85a99f385f2c5e
formal,60,sbm_fixed_count,0,n0060-r0000-sbm_fixed_count,fhs5,source,0,716,10674/7,10567/7,50762/7,44599/7,248436/7,16539.090689804347,7de5ee72e84da94df24ad4470b8f74a10f49321cfbadfcbd6f85a99f385f2c5e
formal,60,sbm_fixed_count,0,n0060-r0000-sbm_fixed_count,fhs5,binary_panel,0,673,9906/7,19123/7,38246/7,23834/7,76492/7,5463.714285714285,7de5ee72e84da94df24ad4470b8f74a10f49321cfbadfcbd6f85a99f385f2c5e
formal,60,sbm_fixed_count,0,n0060-r0000-sbm_fixed_count,nch,source,0,720,10749/7,8053/7,8608,7940,480906/7,25403.301432260367,7de5ee72e84da94df24ad4470b8f74a10f49321cfbadfcbd6f85a99f385f2c5e
formal,60,sbm_fixed_count,0,n0060-r0000-sbm_fixed_count,nch,binary_panel,0,4839/7,1459,12038/7,24076/7,2411,48152/7,3439.4285714285716,7de5ee72e84da94df24ad4470b8f74a10f49321cfbadfcbd6f85a99f385f2c5e
formal,60,barabasi_albert,1,n0060-r0001-barabasi_albert,demand-aware,source,0,720,10495/7,9686/7,46793/7,41919/7,229529/7,15281.59758182077,69a98c8e1c379c5a8ab4b01244ce468f66e398529511a71df1e4004324264c34
formal,60,barabasi_albert,1,n0060-r0001-barabasi_albert,demand-aware,binary_panel,0,4883/7,1433,15675/7,31350/7,20558/7,62700/7,4478.571428571428,69a98c8e1c379c5a8ab4b01244ce468f66e398529511a71df1e4004324264c34
formal,60,barabasi_albert,1,n0060-r0001-barabasi_albert,fhs3,source,0,720,10495/7,11133/7,32531/7,3767,95857/7,7220.702887101143,69a98c8e1c379c5a8ab4b01244ce468f66e398529511a71df1e4004324264c34
formal,60,barabasi_albert,1,n0060-r0001-barabasi_albert,fhs3,binary_panel,0,4950/7,10204/7,13891/7,27782/7,18841/7,55564/7,3968.8571428571427,69a98c8e1c379c5a8ab4b01244ce468f66e398529511a71df1e4004324264c34
formal,60,barabasi_albert,1,n0060-r0001-barabasi_albert,fhs5,source,0,720,10495/7,9686/7,46793/7,41919/7,229529/7,15281.59758182077,69a98c8e1c379c5a8ab4b01244ce468f66e398529511a71df1e4004324264c34
formal,60,barabasi_albert,1,n0060-r0001-barabasi_albert,fhs5,binary_panel,0,4883/7,1433,15675/7,31350/7,20558/7,62700/7,4478.571428571428,69a98c8e1c379c5a8ab4b01244ce468f66e398529511a71df1e4004324264c34
formal,60,barabasi_albert,1,n0060-r0001-barabasi_albert,nch,source,0,720,10495/7,7212/7,77718/7,73121/7,1062932/7,40068.45973352692,69a98c8e1c379c5a8ab4b01244ce468f66e398529511a71df1e4004324264c34
formal,60,barabasi_albert,1,n0060-r0001-barabasi_albert,nch,binary_panel,0,9897/14,10166/7,12770/7,25540/7,35437/14,51080/7,3648.5714285714284,69a98c8e1c379c5a8ab4b01244ce468f66e398529511a71df1e4004324264c34
formal,60,er_gnm,1,n0060-r0001-er_gnm,demand-aware,source,0,720,10495/7,9574/7,47206/7,42316/7,234118/7,15557.295022897426,61c644f1109f74510d7d6f4c4fbb0f55563732f630a345df53b776fad2cc7edc
formal,60,er_gnm,1,n0060-r0001-er_gnm,demand-aware,binary_panel,0,10025/14,20831/14,17170/7,34340/7,44365/14,68680/7,4905.714285714285,61c644f1109f74510d7d6f4c4fbb0f55563732f630a345df53b776fad2cc7edc
formal,60,er_gnm,1,n0060-r0001-er_gnm,fhs3,source,0,720,10495/7,11299/7,33328/7,27014/7,98846/7,7451.134699744858,61c644f1109f74510d7d6f4c4fbb0f55563732f630a345df53b776fad2cc7edc
formal,60,er_gnm,1,n0060-r0001-er_gnm,fhs3,binary_panel,0,5035/7,10471/7,14990/7,29980/7,20025/7,59960/7,4282.857142857143,61c644f1109f74510d7d6f4c4fbb0f55563732f630a345df53b776fad2cc7edc
formal,60,er_gnm,1,n0060-r0001-er_gnm,fhs5,source,0,720,10495/7,9586/7,47205/7,42332/7,33421,15547.898463893642,61c644f1109f74510d7d6f4c4fbb0f55563732f630a345df53b776fad2cc7edc
formal,60,er_gnm,1,n0060-r0001-er_gnm,fhs5,binary_panel,0,10025/14,20831/14,17170/7,34340/7,44365/14,68680/7,4905.714285714285,61c644f1109f74510d7d6f4c4fbb0f55563732f630a345df53b776fad2cc7edc
formal,60,er_gnm,1,n0060-r0001-er_gnm,nch,source,0,720,10495/7,7998/7,57193/7,7547,427183/7,23462.410947364486,61c644f1109f74510d7d6f4c4fbb0f55563732f630a345df53b776fad2cc7edc
formal,60,er_gnm,1,n0060-r0001-er_gnm,nch,binary_panel,0,10075/14,20963/14,26293/14,26293/7,18184/7,52586/7,3756.1428571428573,61c644f1109f74510d7d6f4c4fbb0f55563732f630a345df53b776fad2cc7edc
formal,60,sbm_fixed_count,1,n0060-r0001-sbm_fixed_count,demand-aware,source,0,5024/7,10436/7,10202/7,50306/7,6346,249442/7,16577.694764760512,5efc50bdbe609ac4090e539e63575a011a64adbd86f1f4e6aa8aa0bcfde1b390
formal,60,sbm_fixed_count,1,n0060-r0001-sbm_fixed_count,demand-aware,binary_panel,0,661,9435/7,18535/7,37070/7,23162/7,74140/7,5295.714285714285,5efc50bdbe609ac4090e539e63575a011a64adbd86f1f4e6aa8aa0bcfde1b390
formal,60,sbm_fixed_count,1,n0060-r0001-sbm_fixed_count,fhs3,source,0,4941/7,10200/7,12256/7,35828/7,28356/7,105604/7,7955.186710640258,5efc50bdbe609ac4090e539e63575a011a64adbd86f1f4e6aa8aa0bcfde1b390
formal,60,sbm_fixed_count,1,n0060-r0001-sbm_fixed_count,fhs3,binary_panel,0,9323/14,19137/14,29879/14,29879/7,19601/7,59758/7,4268.428571428572,5efc50bdbe609ac4090e539e63575a011a64adbd86f1f4e6aa8aa0bcfde1b390
formal,60,sbm_fixed_count,1,n0060-r0001-sbm_fixed_count,fhs5,source,0,5024/7,10436/7,10202/7,50306/7,6346,249442/7,16577.694764760512,5efc50bdbe609ac4090e539e63575a011a64adbd86f1f4e6aa8aa0bcfde1b390
formal,60,sbm_fixed_count,1,n0060-r0001-sbm_fixed_count,fhs5,binary_panel,0,661,9435/7,18535/7,37070/7,23162/7,74140/7,5295.714285714285,5efc50bdbe609ac4090e539e63575a011a64adbd86f1f4e6aa8aa0bcfde1b390
formal,60,sbm_fixed_count,1,n0060-r0001-sbm_fixed_count,nch,source,0,720,10495/7,8154/7,60554/7,55686/7,478090/7,25416.626708017655,5efc50bdbe609ac4090e539e63575a011a64adbd86f1f4e6aa8aa0bcfde1b390
formal,60,sbm_fixed_count,1,n0060-r0001-sbm_fixed_count,nch,binary_panel,0,4874/7,10063/7,12906/7,25812/7,2540,51624/7,3687.4285714285716,5efc50bdbe609ac4090e539e63575a011a64adbd86f1f4e6aa8aa0bcfde1b390
formal,60,barabasi_albert,2,n0060-r0002-barabasi_albert,demand-aware,source,0,720,10596/7,9543/7,46227/7,5938,227441/7,15124.687402926187,364e09b64a741a123f65b83ebbdb9add920e718326d587cb1ad12a183a73bd7d
formal,60,barabasi_albert,2,n0060-r0002-barabasi_albert,demand-aware,binary_panel,0,4880/7,10132/7,15994/7,31988/7,2982,63976/7,4569.714285714285,364e09b64a741a123f65b83ebbdb9add920e718326d587cb1ad12a183a73bd7d
formal,60,barabasi_albert,2,n0060-r0002-barabasi_albert,fhs3,source,0,720,10596/7,1592,32469/7,26288/7,95481/7,7190.787094218039,364e09b64a741a123f65b83ebbdb9add920e718326d587cb1ad12a183a73bd7d
formal,60,barabasi_albert,2,n0060-r0002-barabasi_albert,fhs3,binary_panel,0,9969/14,20775/14,14274/7,28548/7,38517/14,57096/7,4078.285714285714,364e09b64a741a123f65b83ebbdb9add920e718326d587cb1ad12a183a73bd7d
formal,60,barabasi_albert,2,n0060-r0002-barabasi_albert,fhs5,source,0,720,10596/7,9543/7,46227/7,5938,227441/7,15124.687402926187,364e09b64a741a123f65b83ebbdb9add920e718326d587cb1ad12a183a73bd7d
formal,60,barabasi_albert,2,n0060-r0002-barabasi_albert,fhs5,binary_panel,0,4880/7,10132/7,15994/7,31988/7,2982,63976/7,4569.714285714285,364e09b64a741a123f65b83ebbdb9add920e718326d587cb1ad12a183a73bd7d
formal,60,barabasi_albert,2,n0060-r0002-barabasi_albert,nch,source,0,720,10596/7,7311/7,79026/7,73923/7,1047750/7,40496.11987976101,364e09b64a741a123f65b83ebbdb9add920e718326d587cb1ad12a183a73bd7d
formal,60,barabasi_albert,2,n0060-r0002-barabasi_albert,nch,binary_panel,0,4986/7,10408/7,12872/7,25744/7,17858/7,51488/7,3677.714285714286,364e09b64a741a123f65b83ebbdb9add920e718326d587cb1ad12a183a73bd7d
formal,60,er_gnm,2,n0060-r0002-er_gnm,demand-aware,source,0,720,10596/7,9629/7,46248/7,41204/7,32176,15035.68982470161,d0328122f4be841211abe40e975892834e3b5e13ad15a699bec3fc32a308f391
formal,60,er_gnm,2,n0060-r0002-er_gnm,demand-aware,binary_panel,0,5011/7,10506/7,16711/7,33422/7,21722/7,66844/7,4774.571428571428,d0328122f4be841211abe40e975892834e3b5e13ad15a699bec3fc32a308f391
formal,60,er_gnm,2,n0060-r0002-er_gnm,fhs3,source,0,720,10596/7,11124/7,32472/7,26268/7,95616/7,7201.995688874186,d0328122f4be841211abe40e975892834e3b5e13ad15a699bec3fc32a308f391
formal,60,er_gnm,2,n0060-r0002-er_gnm,fhs3,binary_panel,0,5031/7,10565/7,2082,4164,19605/7,8328,4164.0,d0328122f4be841211abe40e975892834e3b5e13ad15a699bec3fc32a308f391
formal,60,er_gnm,2,n0060-r0002-er_gnm,fhs5,source,0,720,10596/7,9629/7,46248/7,41204/7,32176,15035.68982470161,d0328122f4be841211abe40e975892834e3b5e13ad15a699bec3fc32a308f391
formal,60,er_gnm,2,n0060-r0002-er_gnm,fhs5,binary_panel,0,5011/7,10506/7,16711/7,33422/7,21722/7,66844/7,4774.571428571428,d0328122f4be841211abe40e975892834e3b5e13ad15a699bec3fc32a308f391
formal,60,er_gnm,2,n0060-r0002-er_gnm,nch,source,0,720,10596/7,7906/7,59100/7,54762/7,466384/7,24847.16768778651,d0328122f4be841211abe40e975892834e3b5e13ad15a699bec3fc32a308f391
formal,60,er_gnm,2,n0060-r0002-er_gnm,nch,binary_panel,0,720,10596/7,12869/7,25738/7,17909/7,51476/7,3676.8571428571427,d0328122f4be841211abe40e975892834e3b5e13ad15a699bec3fc32a308f391
formal,60,sbm_fixed_count,2,n0060-r0002-sbm_fixed_count,demand-aware,source,0,720,10596/7,10295/7,49479/7,43619/7,34591,16123.703568635538,5d68347220f2fa2b7caab6d74d56c9730e6514ac5125d24c22178bb47d082da4
formal,60,sbm_fixed_count,2,n0060-r0002-sbm_fixed_count,demand-aware,binary_panel,0,9225/14,18903/14,18528/7,37056/7,46281/14,74112/7,5293.714285714285,5d68347220f2fa2b7caab6d74d56c9730e6514ac5125d24c22178bb47d082da4
formal,60,sbm_fixed_count,2,n0060-r0002-sbm_fixed_count,fhs3,source,0,4981/7,1491,12147/7,35772/7,4073,105978/7,7987.799821404614,5d68347220f2fa2b7caab6d74d56c9730e6514ac5125d24c22178bb47d082da4
formal,60,sbm_fixed_count,2,n0060-r0002-sbm_fixed_count,fhs3,binary_panel,0,4668/7,1369,15818/7,31636/7,20486/7,63272/7,4519.428571428572,5d68347220f2fa2b7caab6d74d56c9730e6514ac5125d24c22178bb47d082da4
formal,60,sbm_fixed_count,2,n0060-r0002-sbm_fixed_count,fhs5,source,0,720,10596/7,10295/7,49479/7,43619/7,34591,16123.703568635538,5d68347220f2fa2b7caab6d74d56c9730e6514ac5125d24c22178bb47d082da4
formal,60,sbm_fixed_count,2,n0060-r0002-sbm_fixed_count,fhs5,binary_panel,0,9225/14,18903/14,18528/7,37056/7,46281/14,74112/7,5293.714285714285,5d68347220f2fa2b7caab6d74d56c9730e6514ac5125d24c22178bb47d082da4
formal,60,sbm_fixed_count,2,n0060-r0002-sbm_fixed_count,nch,source,0,720,10596/7,8109/7,57544/7,7583,432444/7,23591.90353854336,5d68347220f2fa2b7caab6d74d56c9730e6514ac5125d24c22178bb47d082da4
formal,60,sbm_fixed_count,2,n0060-r0002-sbm_fixed_count,nch,binary_panel,0,4862/7,10098/7,12547/7,25094/7,2487,50188/7,3584.8571428571427,5d68347220f2fa2b7caab6d74d56c9730e6514ac5125d24c22178bb47d082da4
formal,60,barabasi_albert,3,n0060-r0003-barabasi_albert,demand-aware,source,0,720,10552/7,9627/7,46601/7,41774/7,229221/7,15243.825498796508,e9cb56cf3722d787a14e9a4757293e054d82c6996f2fe8b8adc3491c3f2fc9bd
formal,60,barabasi_albert,3,n0060-r0003-barabasi_albert,demand-aware,binary_panel,0,9591/14,2805/2,29961/14,29961/7,19776/7,59922/7,4280.142857142857,e9cb56cf3722d787a14e9a4757293e054d82c6996f2fe8b8adc3491c3f2fc9bd
formal,60,barabasi_albert,3,n0060-r0003-barabasi_albert,fhs3,source,0,720,10552/7,10833/7,4558,26098/7,94532/7,7125.149717450559,e9cb56cf3722d787a14e9a4757293e054d82c6996f2fe8b8adc3491c3f2fc9bd
formal,60,barabasi_albert,3,n0060-r0003-barabasi_albert,fhs3,binary_panel,0,9825/14,10156/7,1914,3828,36621/14,7656,3828.0,e9cb56cf3722d787a14e9a4757293e054d82c6996f2fe8b8adc3491c3f2fc9bd
formal,60,barabasi_albert,3,n0060-r0003-barabasi_albert,fhs5,source,0,720,10552/7,9627/7,46601/7,41774/7,229221/7,15243.825498796508,e9cb56cf3722d787a14e9a4757293e054d82c6996f2fe8b8adc3491c3f2fc9bd
formal,60,barabasi_albert,3,n0060-r0003-barabasi_albert,fhs5,binary_panel,0,9591/14,2805/2,29961/14,29961/7,19776/7,59922/7,4280.142857142857,e9cb56cf3722d787a14e9a4757293e054d82c6996f2fe8b8adc3491c3f2fc9bd
formal,60,barabasi_albert,3,n0060-r0003-barabasi_albert,nch,source,0,5039/7,10546/7,6800/7,12909,12347,1725357/7,51888.71122735359,e9cb56cf3722d787a14e9a4757293e054d82c6996f2fe8b8adc3491c3f2fc9bd
formal,60,barabasi_albert,3,n0060-r0003-barabasi_albert,nch,binary_panel,0,9929/14,10302/7,12289/7,24578/7,34507/14,49156/7,3511.1428571428573,e9cb56cf3722d787a14e9a4757293e054d82c6996f2fe8b8adc3491c3f2fc9bd
formal,60,er_gnm,3,n0060-r0003-er_gnm,demand-aware,source,0,720,10552/7,9656/7,46707/7,41731/7,228961/7,15252.323001868977,c3e76d1ed929cc0e917b4397a2d365bace1781484458bf92d2bab1dd0a9b19cb
formal,60,er_gnm,3,n0060-r0003-er_gnm,demand-aware,binary_panel,0,4964/7,1471,17054/7,34108/7,22018/7,68216/7,4872.571428571428,c3e76d1ed929cc0e917b4397a2d365bace1781484458bf92d2bab1dd0a9b19cb
formal,60,er_gnm,3,n0060-r0003-er_gnm,fhs3,source,0,720,10552/7,11138/7,32712/7,26514/7,96732/7,7289.429424653994,c3e76d1ed929cc0e917b4397a2d365bace1781484458bf92d2bab1dd0a9b19cb
formal,60,er_gnm,3,n0060-r0003-er_gnm,fhs3,binary_panel,0,5031/7,10510/7,2100,4200,19731/7,8400,4200.0,c3e76d1ed929cc0e917b4397a2d365bace1781484458bf92d2bab1dd0a9b19cb
formal,60,er_gnm,3,n0060-r0003-er_gnm,fhs5,source,0,720,10552/7,9656/7,46707/7,41731/7,228961/7,15252.323001868977,c3e76d1ed929cc0e917b4397a2d365bace1781484458bf92d2bab1dd0a9b19cb
formal,60,er_gnm,3,n0060-r0003-er_gnm,fhs5,binary_panel,0,4964/7,1471,17054/7,34108/7,22018/7,68216/7,4872.571428571428,c3e76d1ed929cc0e917b4397a2d365bace1781484458bf92d2bab1dd0a9b19cb
formal,60,er_gnm,3,n0060-r0003-er_gnm,nch,source,0,720,10552/7,7683/7,60521/7,56312/7,524851/7,26357.210033169646,c3e76d1ed929cc0e917b4397a2d365bace1781484458bf92d2bab1dd0a9b19cb
formal,60,er_gnm,3,n0060-r0003-er_gnm,nch,binary_panel,0,10069/14,21053/14,12389/7,24778/7,34847/14,49556/7,3539.714285714286,c3e76d1ed929cc0e917b4397a2d365bace1781484458bf92d2bab1dd0a9b19cb
formal,60,sbm_fixed_count,3,n0060-r0003-sbm_fixed_count,demand-aware,source,0,720,10552/7,10198/7,48763/7,6142,237929/7,15848.65081491902,6bb5ecc58cc1c769e7aa8bf5090abb672691dab3ad93970504a08ef3a4fbecf1
formal,60,sbm_fixed_count,3,n0060-r0003-sbm_fixed_count,demand-aware,binary_panel,0,4691/7,9643/7,17832/7,35664/7,22523/7,71328/7,5094.857142857143,6bb5ecc58cc1c769e7aa8bf5090abb672691dab3ad93970504a08ef3a4fbecf1
formal,60,sbm_fixed_count,3,n0060-r0003-sbm_fixed_count,fhs3,source,0,4930/7,10252/7,11885/7,35010/7,27957/7,14820,7819.276503473911,6bb5ecc58cc1c769e7aa8bf5090abb672691dab3ad93970504a08ef3a4fbecf1
formal,60,sbm_fixed_count,3,n0060-r0003-sbm_fixed_count,fhs3,binary_panel,0,4803/7,9916/7,15649/7,31298/7,20452/7,62596/7,4471.142857142857,6bb5ecc58cc1c769e7aa8bf5090abb672691dab3ad93970504a08ef3a4fbecf1
formal,60,sbm_fixed_count,3,n0060-r0003-sbm_fixed_count,fhs5,source,0,720,10552/7,10278/7,49509/7,43558/7,242397/7,16141.135758313434,6bb5ecc58cc1c769e7aa8bf5090abb672691dab3ad93970504a08ef3a4fbecf1
formal,60,sbm_fixed_count,3,n0060-r0003-sbm_fixed_count,fhs5,binary_panel,0,4691/7,9643/7,17832/7,35664/7,22523/7,71328/7,5094.857142857143,6bb5ecc58cc1c769e7aa8bf5090abb672691dab3ad93970504a08ef3a4fbecf1
formal,60,sbm_fixed_count,3,n0060-r0003-sbm_fixed_count,nch,source,0,720,10552/7,1141,58958/7,54437/7,468478/7,24764.2157054346,6bb5ecc58cc1c769e7aa8bf5090abb672691dab3ad93970504a08ef3a4fbecf1
formal,60,sbm_fixed_count,3,n0060-r0003-sbm_fixed_count,nch,binary_panel,0,4876/7,10085/7,12546/7,25092/7,17422/7,50184/7,3584.5714285714284,6bb5ecc58cc1c769e7aa8bf5090abb672691dab3ad93970504a08ef3a4fbecf1
formal,60,barabasi_albert,4,n0060-r0004-barabasi_albert,demand-aware,source,0,720,10712/7,1379,45914/7,5862,31880,14880.391383526676,59ca4aeb8f55a914b33e25b5462dfd5fb030b94948580c4b99df16982315077d
formal,60,barabasi_albert,4,n0060-r0004-barabasi_albert,demand-aware,binary_panel,0,9677/14,1451,16067/7,32134/7,5973/2,64268/7,4590.571428571428,59ca4aeb8f55a914b33e25b5462dfd5fb030b94948580c4b99df16982315077d
formal,60,barabasi_albert,4,n0060-r0004-barabasi_albert,fhs3,source,0,720,10712/7,10998/7,32635/7,26609/7,97187/7,7329.321162216734,59ca4aeb8f55a914b33e25b5462dfd5fb030b94948580c4b99df16982315077d
formal,60,barabasi_albert,4,n0060-r0004-barabasi_albert,fhs3,binary_panel,0,4940/7,1491,14512/7,29024/7,19452/7,58048/7,4146.285714285715,59ca4aeb8f55a914b33e25b5462dfd5fb030b94948580c4b99df16982315077d
formal,60,barabasi_albert,4,n0060-r0004-barabasi_albert,fhs5,source,0,720,10712/7,1379,45914/7,5862,31880,14880.391383526676,59ca4aeb8f55a914b33e25b5462dfd5fb030b94948580c4b99df16982315077d
formal,60,barabasi_albert,4,n0060-r0004-barabasi_albert,fhs5,binary_panel,0,9677/14,1451,16067/7,32134/7,5973/2,64268/7,4590.571428571428,59ca4aeb8f55a914b33e25b5462dfd5fb030b94948580c4b99df16982315077d
formal,60,barabasi_albert,4,n0060-r0004-barabasi_albert,nch,source,0,720,10712/7,7234/7,81999/7,76995/7,1318369/7,43990.434422316706,59ca4aeb8f55a914b33e25b5462dfd5fb030b94948580c4b99df16982315077d
formal,60,barabasi_albert,4,n0060-r0004-barabasi_albert,nch,binary_panel,0,713,10579/7,12350/7,24700/7,17341/7,49400/7,3528.5714285714284,59ca4aeb8f55a914b33e25b5462dfd5fb030b94948580c4b99df16982315077d
formal,60,er_gnm,4,n0060-r0004-er_gnm,demand-aware,source,0,720,10712/7,9707/7,6762,42185/7,233466/7,15523.9917086252,05ffd6696d730293df5c518e223969b915b14db11b2eb8c0f0fef8b6ddb9bef5
formal,60,er_gnm,4,n0060-r0004-er_gnm,demand-aware,binary_panel,0,5001/7,10582/7,17104/7,34208/7,22105/7,68416/7,4886.857142857143,05ffd6696d730293df5c518e223969b915b14db11b2eb8c0f0fef8b6ddb9bef5
formal,60,er_gnm,4,n0060-r0004-er_gnm,fhs3,source,0,720,10712/7,11057/7,32500/7,3774,96158/7,7246.6087996385395,05ffd6696d730293df5c518e223969b915b14db11b2eb8c0f0fef8b6ddb9bef5
formal,60,er_gnm,4,n0060-r0004-er_gnm,fhs3,binary_panel,0,720,10712/7,15290/7,30580/7,20330/7,61160/7,4368.571428571428,05ffd6696d730293df5c518e223969b915b14db11b2eb8c0f0fef8b6ddb9bef5
formal,60,er_gnm,4,n0060-r0004-er_gnm,fhs5,source,0,720,10712/7,9696/7,47287/7,6018,233243/7,15509.280710158686,05ffd6696d730293df5c518e223969b915b14db11b2eb8c0f0fef8b6ddb9bef5
formal,60,er_gnm,4,n0060-r0004-er_gnm,fhs5,binary_panel,0,5001/7,10582/7,17104/7,34208/7,22105/7,68416/7,4886.857142857143,05ffd6696d730293df5c518e223969b915b14db11b2eb8c0f0fef8b6ddb9bef5
formal,60,er_gnm,4,n0060-r0004-er_gnm,nch,source,0,720,10712/7,8075/7,56699/7,52214/7,60047,23088.795349371845,05ffd6696d730293df5c518e223969b915b14db11b2eb8c0f0fef8b6ddb9bef5
formal,60,er_gnm,4,n0060-r0004-er_gnm,nch,binary_panel,0,5039/7,10706/7,12982/7,25964/7,18021/7,51928/7,3709.1428571428573,05ffd6696d730293df5c518e223969b915b14db11b2eb8c0f0fef8b6ddb9bef5
formal,60,sbm_fixed_count,4,n0060-r0004-sbm_fixed_count,demand-aware,source,0,720,10712/7,10265/7,49545/7,43941/7,243431/7,16187.593752023093,69fbac57ad16ac41fd1100085794891968885a9e4115f75d9c3a1cf7bda1def9
formal,60,sbm_fixed_count,4,n0060-r0004-sbm_fixed_count,demand-aware,binary_panel,0,4569/7,19055/14,18140/7,36280/7,22709/7,72560/7,5182.857142857143,69fbac57ad16ac41fd1100085794891968885a9e4115f75d9c3a1cf7bda1def9
formal,60,sbm_fixed_count,4,n0060-r0004-sbm_fixed_count,fhs3,source,0,707,10425/7,11744/7,34460/7,27606/7,14548,7673.517953391082,69fbac57ad16ac41fd1100085794891968885a9e4115f75d9c3a1cf7bda1def9
formal,60,sbm_fixed_count,4,n0060-r0004-sbm_fixed_count,fhs3,binary_panel,0,667,19601/14,15231/7,30462/7,19900/7,60924/7,4351.714285714285,69fbac57ad16ac41fd1100085794891968885a9e4115f75d9c3a1cf7bda1def9
formal,60,sbm_fixed_count,4,n0060-r0004-sbm_fixed_count,fhs5,source,0,720,10712/7,10265/7,49545/7,43941/7,243431/7,16187.593752023093,69fbac57ad16ac41fd1100085794891968885a9e4115f75d9c3a1cf7bda1def9
formal,60,sbm_fixed_count,4,n0060-r0004-sbm_fixed_count,fhs5,binary_panel,0,4569/7,19055/14,18140/7,36280/7,22709/7,72560/7,5182.857142857143,69fbac57ad16ac41fd1100085794891968885a9e4115f75d9c3a1cf7bda1def9
formal,60,sbm_fixed_count,4,n0060-r0004-sbm_fixed_count,nch,source,0,720,10712/7,7999/7,58666/7,54161/7,464976/7,24553.718334863293,69fbac57ad16ac41fd1100085794891968885a9e4115f75d9c3a1cf7bda1def9
formal,60,sbm_fixed_count,4,n0060-r0004-sbm_fixed_count,nch,binary_panel,0,9733/14,10229/7,24799/14,24799/7,17266/7,49598/7,3542.714285714286,69fbac57ad16ac41fd1100085794891968885a9e4115f75d9c3a1cf7bda1def9
formal,60,barabasi_albert,5,n0060-r0005-barabasi_albert,demand-aware,source,0,720,10492/7,1392,6748,42222/7,232270/7,15453.371526959058,44c3159586c9802baa62141ae45cacb3ebb54fefaa87c6e54af69426b6b94d4a
formal,60,barabasi_albert,5,n0060-r0005-barabasi_albert,demand-aware,binary_panel,0,4751/7,9654/7,15905/7,31810/7,20656/7,63620/7,4544.285714285715,44c3159586c9802baa62141ae45cacb3ebb54fefaa87c6e54af69426b6b94d4a
formal,60,barabasi_albert,5,n0060-r0005-barabasi_albert,fhs3,source,0,720,10492/7,1549,31826/7,25990/7,94072/7,7088.65132456251,44c3159586c9802baa62141ae45cacb3ebb54fefaa87c6e54af69426b6b94d4a
formal,60,barabasi_albert,5,n0060-r0005-barabasi_albert,fhs3,binary_panel,0,4958/7,10249/7,13739/7,27478/7,2671,54956/7,3925.4285714285716,44c3159586c9802baa62141ae45cacb3ebb54fefaa87c6e54af69426b6b94d4a
formal,60,barabasi_albert,5,n0060-r0005-barabasi_albert,fhs5,source,0,720,10492/7,1392,6748,42222/7,232270/7,15453.371526959058,44c3159586c9802baa62141ae45cacb3ebb54fefaa87c6e54af69426b6b94d4a
formal,60,barabasi_albert,5,n0060-r0005-barabasi_albert,fhs5,binary_panel,0,4751/7,9654/7,15905/7,31810/7,20656/7,63620/7,4544.285714285715,44c3159586c9802baa62141ae45cacb3ebb54fefaa87c6e54af69426b6b94d4a
formal,60,barabasi_albert,5,n0060-r0005-barabasi_albert,nch,source,0,720,10492/7,7157/7,79482/7,74870/7,1141610/7,41681.116140775,44c3159586c9802baa62141ae45cacb3ebb54fefaa87c6e54af69426b6b94d4a
formal,60,barabasi_albert,5,n0060-r0005-barabasi_albert,nch,binary_panel,0,4957/7,10236/7,12602/7,25204/7,17559/7,50408/7,3600.5714285714284,44c3159586c9802baa62141ae45cacb3ebb54fefaa87c6e54af69426b6b94d4a
formal,60,er_gnm,5,n0060-r0005-er_gnm,demand-aware,source,0,5030/7,10452/7,9685/7,46804/7,41751/7,230156/7,15301.973484787097,42987df45ee032e747ca293787bd07619f055ae199a4a7a1d04d6bc12f098e57
formal,60,er_gnm,5,n0060-r0005-er_gnm,demand-aware,binary_panel,0,4964/7,20527/14,16904/7,33808/7,3124,67616/7,4829.714285714285,42987df45ee032e747ca293787bd07619f055ae199a4a7a1d04d6bc12f098e57
formal,60,er_gnm,5,n0060-r0005-er_gnm,fhs3,source,0,5028/7,10453/7,11357/7,33454/7,27087/7,99128/7,7471.6416818908065,42987df45ee032e747ca293787bd07619f055ae199a4a7a1d04d6bc12f098e57
formal,60,er_gnm,5,n0060-r0005-er_gnm,fhs3,binary_panel,0,4988/7,10334/7,2221,4442,20535/7,8884,4442.0,42987df45ee032e747ca293787bd07619f055ae199a4a7a1d04d6bc12f098e57
formal,60,er_gnm,5,n0060-r0005-er_gnm,fhs5,source,0,5030/7,10452/7,9685/7,46804/7,41751/7,230156/7,15301.973484787097,42987df45ee032e747ca293787bd07619f055ae199a4a7a1d04d6bc12f098e57
formal,60,er_gnm,5,n0060-r0005-er_gnm,fhs5,binary_panel,0,4964/7,20527/14,16904/7,33808/7,3124,67616/7,4829.714285714285,42987df45ee032e747ca293787bd07619f055ae199a4a7a1d04d6bc12f098e57
formal,60,er_gnm,5,n0060-r0005-er_gnm,nch,source,0,720,10492/7,7849/7,59981/7,7944,485141/7,25515.280067255277,42987df45ee032e747ca293787bd07619f055ae199a4a7a1d04d6bc12f098e57
formal,60,er_gnm,5,n0060-r0005-er_gnm,nch,binary_panel,0,715,10384/7,12389/7,24778/7,17394/7,49556/7,3539.714285714286,42987df45ee032e747ca293787bd07619f055ae199a4a7a1d04d6bc12f098e57
formal,60,sbm_fixed_count,5,n0060-r0005-sbm_fixed_count,demand-aware,source,0,720,10492/7,10193/7,49463/7,43495/7,34765,16188.87105977748,5531604999d22c1a8e06a97e2c669662fd12145731d00704368bd30ff6e18956
formal,60,sbm_fixed_count,5,n0060-r0005-sbm_fixed_count,demand-aware,binary_panel,0,4577/7,9280/7,17774/7,35548/7,3193,71096/7,5078.285714285715,5531604999d22c1a8e06a97e2c669662fd12145731d00704368bd30ff6e18956
formal,60,sbm_fixed_count,5,n0060-r0005-sbm_fixed_count,fhs3,source,0,4990/7,10344/7,1703,35233/7,4017,104639/7,7888.989076734867,5531604999d22c1a8e06a97e2c669662fd12145731d00704368bd30ff6e18956
formal,60,sbm_fixed_count,5,n0060-r0005-sbm_fixed_count,fhs3,binary_panel,0,9547/14,19659/14,15004/7,30008/7,39555/14,60016/7,4286.857142857143,5531604999d22c1a8e06a97e2c669662fd12145731d00704368bd30ff6e18956
formal,60,sbm_fixed_count,5,n0060-r0005-sbm_fixed_count,fhs5,source,0,720,10492/7,10193/7,49463/7,43495/7,34765,16188.87105977748,5531604999d22c1a8e06a97e2c669662fd12145731d00704368bd30ff6e18956
formal,60,sbm_fixed_count,5,n0060-r0005-sbm_fixed_count,fhs5,binary_panel,0,4577/7,9280/7,17774/7,35548/7,3193,71096/7,5078.285714285715,5531604999d22c1a8e06a97e2c669662fd12145731d00704368bd30ff6e18956
formal,60,sbm_fixed_count,5,n0060-r0005-sbm_fixed_count,nch,source,0,720,10492/7,8096/7,59099/7,7763,65725,24615.35044616795,5531604999d22c1a8e06a97e2c669662fd12145731d00704368bd30ff6e18956
formal,60,sbm_fixed_count,5,n0060-r0005-sbm_fixed_count,nch,binary_panel,0,4853/7,9970/7,12760/7,25520/7,17613/7,51040/7,3645.714285714286,5531604999d22c1a8e06a97e2c669662fd12145731d00704368bd30ff6e18956
formal,60,barabasi_albert,6,n0060-r0006-barabasi_albert,demand-aware,source,0,720,10539/7,9629/7,45558/7,40595/7,220788/7,14727.534981665958,0be81baeaee6b2126c4198d1938a82a43e99274c588aa246f091be36c2b55ec4
formal,60,barabasi_albert,6,n0060-r0006-barabasi_albert,demand-aware,binary_panel,0,4938/7,10224/7,16558/7,33116/7,21496/7,66232/7,4730.857142857143,0be81baeaee6b2126c4198d1938a82a43e99274c588aa246f091be36c2b55ec4
formal,60,barabasi_albert,6,n0060-r0006-barabasi_albert,fhs3,source,0,720,10539/7,11082/7,32526/7,26463/7,13734,7244.306328202552,0be81baeaee6b2126c4198d1938a82a43e99274c588aa246f091be36c2b55ec4
formal,60,barabasi_albert,6,n0060-r0006-barabasi_albert,fhs3,binary_panel,0,4957/7,10298/7,14482/7,28964/7,2777,57928/7,4137.714285714285,0be81baeaee6b2126c4198d1938a82a43e99274c588aa246f091be36c2b55ec4
formal,60,barabasi_albert,6,n0060-r0006-barabasi_albert,fhs5,source,0,720,10539/7,9629/7,45558/7,40595/7,220788/7,14727.534981665958,0be81baeaee6b2126c4198d1938a82a43e99274c588aa246f091be36c2b55ec4
formal,60,barabasi_albert,6,n0060-r0006-barabasi_albert,fhs5,binary_panel,0,4938/7,10224/7,16558/7,33116/7,21496/7,66232/7,4730.857142857143,0be81baeaee6b2126c4198d1938a82a43e99274c588aa246f091be36c2b55ec4
formal,60,barabasi_albert,6,n0060-r0006-barabasi_albert,nch,source,0,720,10539/7,7398/7,74708/7,69623/7,901244/7,37024.985642055246,0be81baeaee6b2126c4198d1938a82a43e99274c588aa246f091be36c2b55ec4
formal,60,barabasi_albert,6,n0060-r0006-barabasi_albert,nch,binary_panel,0,4999/7,10414/7,25833/14,25833/7,35831/14,51666/7,3690.4285714285716,0be81baeaee6b2126c4198d1938a82a43e99274c588aa246f091be36c2b55ec4
formal,60,er_gnm,6,n0060-r0006-er_gnm,demand-aware,source,0,720,10539/7,1382,6572,41019/7,31940,14909.703029815455,4bc9fe3e4986348eb64cec20e88580de7c16734d3e8e596279db9267fb388042
formal,60,er_gnm,6,n0060-r0006-er_gnm,demand-aware,binary_panel,0,4990/7,20767/14,33591/14,33591/7,43571/14,67182/7,4798.714285714285,4bc9fe3e4986348eb64cec20e88580de7c16734d3e8e596279db9267fb388042
formal,60,er_gnm,6,n0060-r0006-er_gnm,fhs3,source,0,5036/7,10531/7,11213/7,32804/7,26575/7,96742/7,7288.031785350354,4bc9fe3e4986348eb64cec20e88580de7c16734d3e8e596279db9267fb388042
formal,60,er_gnm,6,n0060-r0006-er_gnm,fhs3,binary_panel,0,5011/7,10440/7,14642/7,29284/7,19653/7,58568/7,4183.428571428572,4bc9fe3e4986348eb64cec20e88580de7c16734d3e8e596279db9267fb388042
formal,60,er_gnm,6,n0060-r0006-er_gnm,fhs5,source,0,720,10539/7,1382,6572,41019/7,31940,14909.703029815455,4bc9fe3e4986348eb64cec20e88580de7c16734d3e8e596279db9267fb388042
formal,60,er_gnm,6,n0060-r0006-er_gnm,fhs5,binary_panel,0,4990/7,20767/14,33591/14,33591/7,43571/14,67182/7,4798.714285714285,4bc9fe3e4986348eb64cec20e88580de7c16734d3e8e596279db9267fb388042
formal,60,er_gnm,6,n0060-r0006-er_gnm,nch,source,0,720,10539/7,8005/7,60829/7,55873/7,488753/7,25785.11984878604,4bc9fe3e4986348eb64cec20e88580de7c16734d3e8e596279db9267fb388042
formal,60,er_gnm,6,n0060-r0006-er_gnm,nch,binary_panel,0,715,10433/7,1832,3664,2547,7328,3664.0,4bc9fe3e4986348eb64cec20e88580de7c16734d3e8e596279db9267fb388042
formal,60,sbm_fixed_count,6,n0060-r0006-sbm_fixed_count,demand-aware,source,0,720,10539/7,10190/7,7126,43905/7,246404/7,16383.740374322764,70486f6100e63e6e55c20067ef4b87a8a448fdfe4b9bad5144468a27e37829de
formal,60,sbm_fixed_count,6,n0060-r0006-sbm_fixed_count,demand-aware,binary_panel,0,4629/7,1361,17973/7,35946/7,22602/7,71892/7,5135.142857142857,70486f6100e63e6e55c20067ef4b87a8a448fdfe4b9bad5144468a27e37829de
formal,60,sbm_fixed_count,6,n0060-r0006-sbm_fixed_count,fhs3,source,0,4964/7,10341/7,12146/7,5079,28298/7,104889/7,7902.11259455183,70486f6100e63e6e55c20067ef4b87a8a448fdfe4b9bad5144468a27e37829de
formal,60,sbm_fixed_count,6,n0060-r0006-sbm_fixed_count,fhs3,binary_panel,0,669,1382,15229/7,30458/7,19912/7,60916/7,4351.142857142857,70486f6100e63e6e55c20067ef4b87a8a448fdfe4b9bad5144468a27e37829de
formal,60,sbm_fixed_count,6,n0060-r0006-sbm_fixed_count,fhs5,source,0,720,10539/7,10190/7,7126,43905/7,246404/7,16383.740374322764,70486f6100e63e6e55c20067ef4b87a8a448fdfe4b9bad5144468a27e37829de
formal,60,sbm_fixed_count,6,n0060-r0006-sbm_fixed_count,fhs5,binary_panel,0,4629/7,1361,17973/7,35946/7,22602/7,71892/7,5135.142857142857,70486f6100e63e6e55c20067ef4b87a8a448fdfe4b9bad5144468a27e37829de
formal,60,sbm_fixed_count,6,n0060-r0006-sbm_fixed_count,nch,source,0,720,10539/7,8100/7,60260/7,55431/7,473888/7,25277.137076590436,70486f6100e63e6e55c20067ef4b87a8a448fdfe4b9bad5144468a27e37829de
formal,60,sbm_fixed_count,6,n0060-r0006-sbm_fixed_count,nch,binary_panel,0,4880/7,10111/7,12679/7,25358/7,17559/7,50716/7,3622.5714285714284,70486f6100e63e6e55c20067ef4b87a8a448fdfe4b9bad5144468a27e37829de
formal,60,barabasi_albert,7,n0060-r0007-barabasi_albert,demand-aware,source,0,720,10669/7,1385,46724/7,41806/7,228010/7,15215.434311213774,9fa47b093bbe548fae074378f3f7e9d06e998ec0a52156d5d76e12529d9ee7ce
formal,60,barabasi_albert,7,n0060-r0007-barabasi_albert,demand-aware,binary_panel,0,4867/7,10142/7,31475/14,31475/7,5887/2,62950/7,4496.428571428572,9fa47b093bbe548fae074378f3f7e9d06e998ec0a52156d5d76e12529d9ee7ce
formal,60,barabasi_albert,7,n0060-r0007-barabasi_albert,fhs3,source,0,720,10669/7,10985/7,32216/7,3743,95170/7,7170.939621023842,9fa47b093bbe548fae074378f3f7e9d06e998ec0a52156d5d76e12529d9ee7ce
formal,60,barabasi_albert,7,n0060-r0007-barabasi_albert,fhs3,binary_panel,0,4931/7,1480,13778/7,27556/7,18709/7,55112/7,3936.5714285714284,9fa47b093bbe548fae074378f3f7e9d06e998ec0a52156d5d76e12529d9ee7ce
formal,60,barabasi_albert,7,n0060-r0007-barabasi_albert,fhs5,source,0,720,10669/7,9750/7,47221/7,42187/7,230967/7,15409.292819673497,9fa47b093bbe548fae074378f3f7e9d06e998ec0a52156d5d76e12529d9ee7ce
formal,60,barabasi_albert,7,n0060-r0007-barabasi_albert,fhs5,binary_panel,0,4867/7,10142/7,31475/14,31475/7,5887/2,62950/7,4496.428571428572,9fa47b093bbe548fae074378f3f7e9d06e998ec0a52156d5d76e12529d9ee7ce
formal,60,barabasi_albert,7,n0060-r0007-barabasi_albert,nch,source,0,720,10669/7,7335/7,77474/7,72251/7,995056/7,39305.35320301917,9fa47b093bbe548fae074378f3f7e9d06e998ec0a52156d5d76e12529d9ee7ce
formal,60,barabasi_albert,7,n0060-r0007-barabasi_albert,nch,binary_panel,0,715,10533/7,12760/7,25520/7,17765/7,51040/7,3645.714285714286,9fa47b093bbe548fae074378f3f7e9d06e998ec0a52156d5d76e12529d9ee7ce
formal,60,er_gnm,7,n0060-r0007-er_gnm,demand-aware,source,0,720,10669/7,9658/7,46087/7,5873,223947/7,14945.83298446907,46827468d919d83504d29118792adc7c48c2204180a72f1888eef1471c10f0f7
formal,60,er_gnm,7,n0060-r0007-er_gnm,demand-aware,binary_panel,0,1429/2,10564/7,16749/7,33498/7,43501/14,66996/7,4785.428571428572,46827468d919d83504d29118792adc7c48c2204180a72f1888eef1471c10f0f7
formal,60,er_gnm,7,n0060-r0007-er_gnm,fhs3,source,0,720,10669/7,11050/7,4642,26456/7,96170/7,7247.757242498155,46827468d919d83504d29118792adc7c48c2204180a72f1888eef1471c10f0f7
formal,60,er_gnm,7,n0060-r0007-er_gnm,fhs3,binary_panel,0,5006/7,1510,14611/7,29222/7,19617/7,58444/7,4174.571428571428,46827468d919d83504d29118792adc7c48c2204180a72f1888eef1471c10f0f7
formal,60,er_gnm,7,n0060-r0007-er_gnm,fhs5,source,0,720,10669/7,9650/7,45805/7,5836,221945/7,14818.318758153744,46827468d919d83504d29118792adc7c48c2204180a72f1888eef1471c10f0f7
formal,60,er_gnm,7,n0060-r0007-er_gnm,fhs5,binary_panel,0,1429/2,10564/7,16749/7,33498/7,43501/14,66996/7,4785.428571428572,46827468d919d83504d29118792adc7c48c2204180a72f1888eef1471c10f0f7
formal,60,er_gnm,7,n0060-r0007-er_gnm,nch,source,0,720,10669/7,7925/7,8634,55862/7,503190/7,25867.890045167926,46827468d919d83504d29118792adc7c48c2204180a72f1888eef1471c10f0f7
formal,60,er_gnm,7,n0060-r0007-er_gnm,nch,binary_panel,0,10071/14,10653/7,25677/14,25677/7,17874/7,51354/7,3668.1428571428573,46827468d919d83504d29118792adc7c48c2204180a72f1888eef1471c10f0f7
formal,60,sbm_fixed_count,7,n0060-r0007-sbm_fixed_count,demand-aware,source,0,720,10669/7,10439/7,49442/7,43285/7,240682/7,16020.785084294881,bc666a3822a479c396317334f037cb907b519e11936e8d6f1e796b12cdd05cda
formal,60,sbm_fixed_count,7,n0060-r0007-sbm_fixed_count,demand-aware,binary_panel,0,9423/14,2801/2,18183/7,36366/7,45789/14,72732/7,5195.142857142857,bc666a3822a479c396317334f037cb907b519e11936e8d6f1e796b12cdd05cda
formal,60,sbm_fixed_count,7,n0060-r0007-sbm_fixed_count,fhs3,source,0,5010/7,1508,12191/7,35521/7,28258/7,104459/7,7866.955983799839,bc666a3822a479c396317334f037cb907b519e11936e8d6f1e796b12cdd05cda
formal,60,sbm_fixed_count,7,n0060-r0007-sbm_fixed_count,fhs3,binary_panel,0,4796/7,20103/14,15612/7,31224/7,20408/7,62448/7,4460.571428571428,bc666a3822a479c396317334f037cb907b519e11936e8d6f1e796b12cdd05cda
formal,60,sbm_fixed_count,7,n0060-r0007-sbm_fixed_count,fhs5,source,0,720,10669/7,10439/7,49442/7,43285/7,240682/7,16020.785084294881,bc666a3822a479c396317334f037cb907b519e11936e8d6f1e796b12cdd05cda
formal,60,sbm_fixed_count,7,n0060-r0007-sbm_fixed_count,fhs5,binary_panel,0,9423/14,2801/2,18183/7,36366/7,45789/14,72732/7,5195.142857142857,bc666a3822a479c396317334f037cb907b519e11936e8d6f1e796b12cdd05cda
formal,60,sbm_fixed_count,7,n0060-r0007-sbm_fixed_count,nch,source,0,720,10669/7,8196/7,60779/7,55722/7,476923/7,25456.382120918035,bc666a3822a479c396317334f037cb907b519e11936e8d6f1e796b12cdd05cda
formal,60,sbm_fixed_count,7,n0060-r0007-sbm_fixed_count,nch,binary_panel,0,690,10113/7,13236/7,26472/7,18066/7,52944/7,3781.714285714286,bc666a3822a479c396317334f037cb907b519e11936e8d6f1e796b12cdd05cda
formal,60,barabasi_albert,8,n0060-r0008-barabasi_albert,demand-aware,source,0,720,10482/7,9712/7,46624/7,41722/7,227530/7,15168.84618182521,54ecbde95eea543908f04baf59f3e11ade36f8b029b422c0eb9b4887b8c2bd5e
formal,60,barabasi_albert,8,n0060-r0008-barabasi_albert,demand-aware,binary_panel,0,4801/7,1402,2181,4362,20068/7,8724,4362.0,54ecbde95eea543908f04baf59f3e11ade36f8b029b422c0eb9b4887b8c2bd5e
formal,60,barabasi_albert,8,n0060-r0008-barabasi_albert,fhs3,source,0,720,10482/7,11040/7,4618,26267/7,95390/7,7186.653906738129,54ecbde95eea543908f04baf59f3e11ade36f8b029b422c0eb9b4887b8c2bd5e
formal,60,barabasi_albert,8,n0060-r0008-barabasi_albert,fhs3,binary_panel,0,4937/7,10172/7,13779/7,27558/7,18716/7,55116/7,3936.8571428571427,54ecbde95eea543908f04baf59f3e11ade36f8b029b422c0eb9b4887b8c2bd5e
formal,60,barabasi_albert,8,n0060-r0008-barabasi_albert,fhs5,source,0,720,10482/7,9712/7,46624/7,41722/7,227530/7,15168.84618182521,54ecbde95eea543908f04baf59f3e11ade36f8b029b422c0eb9b4887b8c2bd5e
formal,60,barabasi_albert,8,n0060-r0008-barabasi_albert,fhs5,binary_panel,0,4801/7,1402,2181,4362,20068/7,8724,4362.0,54ecbde95eea543908f04baf59f3e11ade36f8b029b422c0eb9b4887b8c2bd5e
formal,60,barabasi_albert,8,n0060-r0008-barabasi_albert,nch,source,0,720,10482/7,7173/7,83688/7,78461/7,1192266/7,44251.70025563704,54ecbde95eea543908f04baf59f3e11ade36f8b029b422c0eb9b4887b8c2bd5e
formal,60,barabasi_albert,8,n0060-r0008-barabasi_albert,nch,binary_panel,0,706,2907/2,25707/14,25707/7,35591/14,51414/7,3672.4285714285716,54ecbde95eea543908f04baf59f3e11ade36f8b029b422c0eb9b4887b8c2bd5e
formal,60,er_gnm,8,n0060-r0008-er_gnm,demand-aware,source,0,720,10482/7,9624/7,46853/7,41868/7,231013/7,15359.846304599852,becfda5a50f074bfacd1ae4f46feb4d8e8e0da78dad0e70545134dd66f5a39b9
formal,60,er_gnm,8,n0060-r0008-er_gnm,demand-aware,binary_panel,0,5001/7,10320/7,17664/7,35328/7,22665/7,70656/7,5046.857142857143,becfda5a50f074bfacd1ae4f46feb4d8e8e0da78dad0e70545134dd66f5a39b9
formal,60,er_gnm,8,n0060-r0008-er_gnm,fhs3,source,0,720,10482/7,11063/7,32728/7,26682/7,97262/7,7333.331042562442,becfda5a50f074bfacd1ae4f46feb4d8e8e0da78dad0e70545134dd66f5a39b9
formal,60,er_gnm,8,n0060-r0008-er_gnm,fhs3,binary_panel,0,5031/7,20893/14,4385/2,4385,40757/14,8770,4385.0,becfda5a50f074bfacd1ae4f46feb4d8e8e0da78dad0e70545134dd66f5a39b9
formal,60,er_gnm,8,n0060-r0008-er_gnm,fhs5,source,0,720,10482/7,9665/7,6719,5997,231815/7,15414.88043266186,becfda5a50f074bfacd1ae4f46feb4d8e8e0da78dad0e70545134dd66f5a39b9
formal,60,er_gnm,8,n0060-r0008-er_gnm,fhs5,binary_panel,0,5001/7,10320/7,17664/7,35328/7,22665/7,70656/7,5046.857142857143,becfda5a50f074bfacd1ae4f46feb4d8e8e0da78dad0e70545134dd66f5a39b9
formal,60,er_gnm,8,n0060-r0008-er_gnm,nch,source,0,720,10482/7,7978/7,58571/7,54049/7,65721,24476.908080996374,becfda5a50f074bfacd1ae4f46feb4d8e8e0da78dad0e70545134dd66f5a39b9
formal,60,er_gnm,8,n0060-r0008-er_gnm,nch,binary_panel,0,5039/7,10481/7,12857/7,25714/7,17896/7,51428/7,3673.4285714285716,becfda5a50f074bfacd1ae4f46feb4d8e8e0da78dad0e70545134dd66f5a39b9
formal,60,sbm_fixed_count,8,n0060-r0008-sbm_fixed_count,demand-aware,source,0,720,10482/7,1488,50136/7,44260/7,245790/7,16353.479547664529,805076f0ce4485f001bcab53cbfa421855373683397a6e21779bdddfd9817138
formal,60,sbm_fixed_count,8,n0060-r0008-sbm_fixed_count,demand-aware,binary_panel,0,9237/14,18887/14,17677/7,35354/7,44591/14,70708/7,5050.571428571428,805076f0ce4485f001bcab53cbfa421855373683397a6e21779bdddfd9817138
formal,60,sbm_fixed_count,8,n0060-r0008-sbm_fixed_count,fhs3,source,0,4953/7,10225/7,12232/7,36349/7,28916/7,15479,8172.26256617326,805076f0ce4485f001bcab53cbfa421855373683397a6e21779bdddfd9817138
formal,60,sbm_fixed_count,8,n0060-r0008-sbm_fixed_count,fhs3,binary_panel,0,9433/14,19365/14,30377/14,30377/7,19905/7,60754/7,4339.571428571428,805076f0ce4485f001bcab53cbfa421855373683397a6e21779bdddfd9817138
formal,60,sbm_fixed_count,8,n0060-r0008-sbm_fixed_count,fhs5,source,0,720,10482/7,1488,50136/7,44260/7,245790/7,16353.479547664529,805076f0ce4485f001bcab53cbfa421855373683397a6e21779bdddfd9817138
formal,60,sbm_fixed_count,8,n0060-r0008-sbm_fixed_count,fhs5,binary_panel,0,9237/14,18887/14,17677/7,35354/7,44591/14,70708/7,5050.571428571428,805076f0ce4485f001bcab53cbfa421855373683397a6e21779bdddfd9817138
formal,60,sbm_fixed_count,8,n0060-r0008-sbm_fixed_count,nch,source,0,720,10482/7,8039/7,60657/7,56080/7,488167/7,25681.166473063702,805076f0ce4485f001bcab53cbfa421855373683397a6e21779bdddfd9817138
formal,60,sbm_fixed_count,8,n0060-r0008-sbm_fixed_count,nch,binary_panel,0,4825/7,9900/7,12732/7,25464/7,17557/7,50928/7,3637.714285714286,805076f0ce4485f001bcab53cbfa421855373683397a6e21779bdddfd9817138
formal,60,barabasi_albert,9,n0060-r0009-barabasi_albert,demand-aware,source,0,720,10672/7,9521/7,45813/7,41158/7,223929/7,14921.980522523658,79550650e9e71c0da0843a4fc9781216442304223b4b763e962eda1c021674a1
formal,60,barabasi_albert,9,n0060-r0009-barabasi_albert,demand-aware,binary_panel,0,4845/7,10095/7,15639/7,31278/7,20484/7,62556/7,4468.285714285715,79550650e9e71c0da0843a4fc9781216442304223b4b763e962eda1c021674a1
formal,60,barabasi_albert,9,n0060-r0009-barabasi_albert,fhs3,source,0,720,10672/7,11051/7,32500/7,26420/7,13742,7249.617178213678,79550650e9e71c0da0843a4fc9781216442304223b4b763e962eda1c021674a1
formal,60,barabasi_albert,9,n0060-r0009-barabasi_albert,fhs3,binary_panel,0,9795/14,20497/14,27481/14,27481/7,18638/7,54962/7,3925.8571428571427,79550650e9e71c0da0843a4fc9781216442304223b4b763e962eda1c021674a1
formal,60,barabasi_albert,9,n0060-r0009-barabasi_albert,fhs5,source,0,720,10672/7,9521/7,45813/7,41158/7,223929/7,14921.980522523658,79550650e9e71c0da0843a4fc9781216442304223b4b763e962eda1c021674a1
formal,60,barabasi_albert,9,n0060-r0009-barabasi_albert,fhs5,binary_panel,0,4845/7,10095/7,15639/7,31278/7,20484/7,62556/7,4468.285714285715,79550650e9e71c0da0843a4fc9781216442304223b4b763e962eda1c021674a1
formal,60,barabasi_albert,9,n0060-r0009-barabasi_albert,nch,source,0,720,10672/7,1023,10879,71355/7,999483/7,38817.42562776117,79550650e9e71c0da0843a4fc9781216442304223b4b763e962eda1c021674a1
formal,60,barabasi_albert,9,n0060-r0009-barabasi_albert,nch,binary_panel,0,4961/7,10399/7,12843/7,25686/7,17804/7,51372/7,3669.4285714285716,79550650e9e71c0da0843a4fc9781216442304223b4b763e962eda1c021674a1
formal,60,er_gnm,9,n0060-r0009-er_gnm,demand-aware,source,0,720,10672/7,9596/7,45713/7,40902/7,222599/7,14833.11477149065,0a950a237a7dc91701b0b6fe0ab9fbae5352792ed25a4db8adff8f38d2d57c02
formal,60,er_gnm,9,n0060-r0009-er_gnm,demand-aware,binary_panel,0,4951/7,10445/7,17322/7,34644/7,22273/7,69288/7,4949.142857142857,0a950a237a7dc91701b0b6fe0ab9fbae5352792ed25a4db8adff8f38d2d57c02
formal,60,er_gnm,9,n0060-r0009-er_gnm,fhs3,source,0,720,10672/7,11153/7,4674,26504/7,96672/7,7284.269810360862,0a950a237a7dc91701b0b6fe0ab9fbae5352792ed25a4db8adff8f38d2d57c02
formal,60,er_gnm,9,n0060-r0009-er_gnm,fhs3,binary_panel,0,4995/7,10559/7,14633/7,29266/7,2804,58532/7,4180.857142857143,0a950a237a7dc91701b0b6fe0ab9fbae5352792ed25a4db8adff8f38d2d57c02
formal,60,er_gnm,9,n0060-r0009-er_gnm,fhs5,source,0,720,10672/7,9596/7,45713/7,40902/7,222599/7,14833.11477149065,0a950a237a7dc91701b0b6fe0ab9fbae5352792ed25a4db8adff8f38d2d57c02
formal,60,er_gnm,9,n0060-r0009-er_gnm,fhs5,binary_panel,0,4951/7,10445/7,17322/7,34644/7,22273/7,69288/7,4949.142857142857,0a950a237a7dc91701b0b6fe0ab9fbae5352792ed25a4db8adff8f38d2d57c02
formal,60,er_gnm,9,n0060-r0009-er_gnm,nch,source,0,720,10672/7,7944/7,60321/7,55718/7,487923/7,25619.098420459424,0a950a237a7dc91701b0b6fe0ab9fbae5352792ed25a4db8adff8f38d2d57c02
formal,60,er_gnm,9,n0060-r0009-er_gnm,nch,binary_panel,0,4995/7,10553/7,12914/7,25828/7,17909/7,51656/7,3689.714285714286,0a950a237a7dc91701b0b6fe0ab9fbae5352792ed25a4db8adff8f38d2d57c02
formal,60,sbm_fixed_count,9,n0060-r0009-sbm_fixed_count,demand-aware,source,0,720,10672/7,10494/7,51322/7,45379/7,253570/7,16856.189249197203,eba2ab0f18f46a6694242004b1368ab1c520b46af5d117870404016931fa1451
formal,60,sbm_fixed_count,9,n0060-r0009-sbm_fixed_count,demand-aware,binary_panel,0,9229/14,2747/2,19420/7,38840/7,6867/2,77680/7,5548.571428571428,eba2ab0f18f46a6694242004b1368ab1c520b46af5d117870404016931fa1451
formal,60,sbm_fixed_count,9,n0060-r0009-sbm_fixed_count,fhs3,source,0,710,10495/7,11933/7,35109/7,28058/7,103947/7,7834.1714552605545,eba2ab0f18f46a6694242004b1368ab1c520b46af5d117870404016931fa1451
formal,60,sbm_fixed_count,9,n0060-r0009-sbm_fixed_count,fhs3,binary_panel,0,4779/7,10014/7,15458/7,30916/7,2891,61832/7,4416.571428571428,eba2ab0f18f46a6694242004b1368ab1c520b46af5d117870404016931fa1451
formal,60,sbm_fixed_count,9,n0060-r0009-sbm_fixed_count,fhs5,source,0,720,10672/7,10494/7,51322/7,45379/7,253570/7,16856.189249197203,eba2ab0f18f46a6694242004b1368ab1c520b46af5d117870404016931fa1451
formal,60,sbm_fixed_count,9,n0060-r0009-sbm_fixed_count,fhs5,binary_panel,0,9229/14,2747/2,19420/7,38840/7,6867/2,77680/7,5548.571428571428,eba2ab0f18f46a6694242004b1368ab1c520b46af5d117870404016931fa1451
formal,60,sbm_fixed_count,9,n0060-r0009-sbm_fixed_count,nch,source,0,720,10672/7,8117/7,61686/7,56751/7,504722/7,26259.259247927053,eba2ab0f18f46a6694242004b1368ab1c520b46af5d117870404016931fa1451
formal,60,sbm_fixed_count,9,n0060-r0009-sbm_fixed_count,nch,binary_panel,0,4911/7,20679/14,1853,3706,17882/7,7412,3706.0,eba2ab0f18f46a6694242004b1368ab1c520b46af5d117870404016931fa1451
formal,60,barabasi_albert,10,n0060-r0010-barabasi_albert,demand-aware,source,0,720,10790/7,9599/7,46818/7,5998,32904,15339.931479981466,91275489f0e5fdac1e536bab9fbef23b195b5c4dde4d7be615ba3924c76af79c
formal,60,barabasi_albert,10,n0060-r0010-barabasi_albert,demand-aware,binary_panel,0,4892/7,10322/7,16783/7,33566/7,21675/7,67132/7,4795.142857142857,91275489f0e5fdac1e536bab9fbef23b195b5c4dde4d7be615ba3924c76af79c
formal,60,barabasi_albert,10,n0060-r0010-barabasi_albert,fhs3,source,0,5036/7,10778/7,11329/7,33223/7,26853/7,98141/7,7394.76949433672,91275489f0e5fdac1e536bab9fbef23b195b5c4dde4d7be615ba3924c76af79c
formal,60,barabasi_albert,10,n0060-r0010-barabasi_albert,fhs3,binary_panel,0,4983/7,10601/7,13970/7,27940/7,18953/7,55880/7,3991.4285714285716,91275489f0e5fdac1e536bab9fbef23b195b5c4dde4d7be615ba3924c76af79c
formal,60,barabasi_albert,10,n0060-r0010-barabasi_albert,fhs5,source,0,720,10790/7,9637/7,47114/7,42284/7,232100/7,15453.837356910168,91275489f0e5fdac1e536bab9fbef23b195b5c4dde4d7be615ba3924c76af79c
formal,60,barabasi_albert,10,n0060-r0010-barabasi_albert,fhs5,binary_panel,0,4892/7,10322/7,16783/7,33566/7,21675/7,67132/7,4795.142857142857,91275489f0e5fdac1e536bab9fbef23b195b5c4dde4d7be615ba3924c76af79c
formal,60,barabasi_albert,10,n0060-r0010-barabasi_albert,nch,source,0,720,10790/7,7438/7,72276/7,67166/7,829978/7,35155.4979706161,91275489f0e5fdac1e536bab9fbef23b195b5c4dde4d7be615ba3924c76af79c
formal,60,barabasi_albert,10,n0060-r0010-barabasi_albert,nch,binary_panel,0,4994/7,10649/7,12932/7,25864/7,17926/7,51728/7,3694.8571428571427,91275489f0e5fdac1e536bab9fbef23b195b5c4dde4d7be615ba3924c76af79c
formal,60,er_gnm,10,n0060-r0010-er_gnm,demand-aware,source,0,720,10790/7,9973/7,48085/7,42543/7,33697,15695.164197556578,80d755c37ab521cc4708ff3714518663f166169a943732550f51700f66ea9120
formal,60,er_gnm,10,n0060-r0010-er_gnm,demand-aware,binary_panel,0,9923/14,10561/7,16782/7,33564/7,43487/14,67128/7,4794.857142857143,80d755c37ab521cc4708ff3714518663f166169a943732550f51700f66ea9120
formal,60,er_gnm,10,n0060-r0010-er_gnm,fhs3,source,0,720,10790/7,11301/7,33371/7,27071/7,99049/7,7467.054787256912,80d755c37ab521cc4708ff3714518663f166169a943732550f51700f66ea9120
formal,60,er_gnm,10,n0060-r0010-er_gnm,fhs3,binary_panel,0,4999/7,10673/7,14800/7,29600/7,19799/7,59200/7,4228.571428571428,80d755c37ab521cc4708ff3714518663f166169a943732550f51700f66ea9120
formal,60,er_gnm,10,n0060-r0010-er_gnm,fhs5,source,0,720,10790/7,9973/7,48085/7,42543/7,33697,15695.164197556578,80d755c37ab521cc4708ff3714518663f166169a943732550f51700f66ea9120
formal,60,er_gnm,10,n0060-r0010-er_gnm,fhs5,binary_panel,0,9923/14,10561/7,16782/7,33564/7,43487/14,67128/7,4794.857142857143,80d755c37ab521cc4708ff3714518663f166169a943732550f51700f66ea9120
formal,60,er_gnm,10,n0060-r0010-er_gnm,nch,source,0,720,10790/7,7815/7,8780,56899/7,521774/7,26648.947263607526,80d755c37ab521cc4708ff3714518663f166169a943732550f51700f66ea9120
formal,60,er_gnm,10,n0060-r0010-er_gnm,nch,binary_panel,0,5032/7,10762/7,12697/7,25394/7,17729/7,50788/7,3627.714285714286,80d755c37ab521cc4708ff3714518663f166169a943732550f51700f66ea9120
formal,60,sbm_fixed_count,10,n0060-r0010-sbm_fixed_count,demand-aware,source,0,720,10790/7,10264/7,49752/7,43752/7,244564/7,16273.590638253294,9a3bb71f443a1598d16c7b652cfce9dd87dfe38836668c966a3eb1d417955167
formal,60,sbm_fixed_count,10,n0060-r0010-sbm_fixed_count,demand-aware,binary_panel,0,4811/7,20423/14,18293/7,36586/7,23104/7,73172/7,5226.571428571428,9a3bb71f443a1598d16c7b652cfce9dd87dfe38836668c966a3eb1d417955167
formal,60,sbm_fixed_count,10,n0060-r0010-sbm_fixed_count,fhs3,source,0,720,10790/7,12028/7,35176/7,28071/7,14816,7812.907003436824,9a3bb71f443a1598d16c7b652cfce9dd87dfe38836668c966a3eb1d417955167
formal,60,sbm_fixed_count,10,n0060-r0010-sbm_fixed_count,fhs3,binary_panel,0,4883/7,1480,15333/7,30666/7,2888,61332/7,4380.857142857143,9a3bb71f443a1598d16c7b652cfce9dd87dfe38836668c966a3eb1d417955167
formal,60,sbm_fixed_count,10,n0060-r0010-sbm_fixed_count,fhs5,source,0,720,10790/7,10263/7,49780/7,6258,244758/7,16286.73848595384,9a3bb71f443a1598d16c7b652cfce9dd87dfe38836668c966a3eb1d417955167
formal,60,sbm_fixed_count,10,n0060-r0010-sbm_fixed_count,fhs5,binary_panel,0,4811/7,20423/14,18293/7,36586/7,23104/7,73172/7,5226.571428571428,9a3bb71f443a1598d16c7b652cfce9dd87dfe38836668c966a3eb1d417955167
formal,60,sbm_fixed_count,10,n0060-r0010-sbm_fixed_count,nch,source,0,720,10790/7,8047/7,57229/7,52748/7,425277/7,23412.297575970337,9a3bb71f443a1598d16c7b652cfce9dd87dfe38836668c966a3eb1d417955167
formal,60,sbm_fixed_count,10,n0060-r0010-sbm_fixed_count,nch,binary_panel,0,4973/7,1509,1802,3604,17587/7,7208,3604.0,9a3bb71f443a1598d16c7b652cfce9dd87dfe38836668c966a3eb1d417955167
formal,60,barabasi_albert,11,n0060-r0011-barabasi_albert,demand-aware,source,0,720,10674/7,9542/7,45944/7,5893,224612/7,14970.338749726405,d39676f1f531c94f8a6318373dd248e30fdfba19a0949fcce386dc3edac54c31
formal,60,barabasi_albert,11,n0060-r0011-barabasi_albert,demand-aware,binary_panel,0,1369/2,9943/7,15438/7,30876/7,40459/14,61752/7,4410.857142857143,d39676f1f531c94f8a6318373dd248e30fdfba19a0949fcce386dc3edac54c31
formal,60,barabasi_albert,11,n0060-r0011-barabasi_albert,fhs3,source,0,5039/7,1524,11107/7,32370/7,26279/7,95208/7,7170.376781710312,d39676f1f531c94f8a6318373dd248e30fdfba19a0949fcce386dc3edac54c31
formal,60,barabasi_albert,11,n0060-r0011-barabasi_albert,fhs3,binary_panel,0,4840/7,10075/7,13619/7,27238/7,2637,54476/7,3891.1428571428573,d39676f1f531c94f8a6318373dd248e30fdfba19a0949fcce386dc3edac54c31
formal,60,barabasi_albert,11,n0060-r0011-barabasi_albert,fhs5,source,0,720,10674/7,9542/7,45944/7,5893,224612/7,14970.338749726405,d39676f1f531c94f8a6318373dd248e30fdfba19a0949fcce386dc3edac54c31
formal,60,barabasi_albert,11,n0060-r0011-barabasi_albert,fhs5,binary_panel,0,1369/2,9943/7,15438/7,30876/7,40459/14,61752/7,4410.857142857143,d39676f1f531c94f8a6318373dd248e30fdfba19a0949fcce386dc3edac54c31
formal,60,barabasi_albert,11,n0060-r0011-barabasi_albert,nch,source,0,720,10674/7,7171/7,81546/7,76787/7,1204356/7,43249.01888439361,d39676f1f531c94f8a6318373dd248e30fdfba19a0949fcce386dc3edac54c31
formal,60,barabasi_albert,11,n0060-r0011-barabasi_albert,nch,binary_panel,0,4951/7,20675/14,12380/7,24760/7,17331/7,49520/7,3537.1428571428573,d39676f1f531c94f8a6318373dd248e30fdfba19a0949fcce386dc3edac54c31
formal,60,er_gnm,11,n0060-r0011-er_gnm,demand-aware,source,0,720,10674/7,1369,46679/7,41738/7,229909/7,15295.530216353864,fe412a082ba82c453f2e9414627f616ec9f0957b8ab56676046dca0cdf133d72
formal,60,er_gnm,11,n0060-r0011-er_gnm,demand-aware,binary_panel,0,5008/7,10551/7,16949/7,33898/7,21957/7,67796/7,4842.571428571428,fe412a082ba82c453f2e9414627f616ec9f0957b8ab56676046dca0cdf133d72
formal,60,er_gnm,11,n0060-r0011-er_gnm,fhs3,source,0,720,10674/7,11042/7,32800/7,26746/7,13964,7372.1963533119615,fe412a082ba82c453f2e9414627f616ec9f0957b8ab56676046dca0cdf133d72
formal,60,er_gnm,11,n0060-r0011-er_gnm,fhs3,binary_panel,0,5022/7,10620/7,15287/7,30574/7,20309/7,61148/7,4367.714285714285,fe412a082ba82c453f2e9414627f616ec9f0957b8ab56676046dca0cdf133d72
formal,60,er_gnm,11,n0060-r0011-er_gnm,fhs5,source,0,720,10674/7,9582/7,6680,41814/7,230560/7,15335.595185124923,fe412a082ba82c453f2e9414627f616ec9f0957b8ab56676046dca0cdf133d72
formal,60,er_gnm,11,n0060-r0011-er_gnm,fhs5,binary_panel,0,5008/7,10551/7,16949/7,33898/7,21957/7,67796/7,4842.571428571428,fe412a082ba82c453f2e9414627f616ec9f0957b8ab56676046dca0cdf133d72
formal,60,er_gnm,11,n0060-r0011-er_gnm,nch,source,0,720,10674/7,7975/7,55982/7,51726/7,413300/7,22789.945973938968,fe412a082ba82c453f2e9414627f616ec9f0957b8ab56676046dca0cdf133d72
formal,60,er_gnm,11,n0060-r0011-er_gnm,nch,binary_panel,0,10077/14,1524,3697/2,3697,17978/7,7394,3697.0,fe412a082ba82c453f2e9414627f616ec9f0957b8ab56676046dca0cdf133d72
formal,60,sbm_fixed_count,11,n0060-r0011-sbm_fixed_count,demand-aware,source,0,720,10674/7,10207/7,49656/7,44011/7,34972,16275.739539998793,2725720cbf45207df4b1841e1b1f82ecba8e1760b714dbf427d1121bc616743b
formal,60,sbm_fixed_count,11,n0060-r0011-sbm_fixed_count,demand-aware,binary_panel,0,4744/7,9837/7,18089/7,36178/7,22833/7,72356/7,5168.285714285715,2725720cbf45207df4b1841e1b1f82ecba8e1760b714dbf427d1121bc616743b
formal,60,sbm_fixed_count,11,n0060-r0011-sbm_fixed_count,fhs3,source,0,5034/7,10641/7,11839/7,34830/7,3998,103116/7,7771.500774875285,2725720cbf45207df4b1841e1b1f82ecba8e1760b714dbf427d1121bc616743b
formal,60,sbm_fixed_count,11,n0060-r0011-sbm_fixed_count,fhs3,binary_panel,0,9607/14,19955/14,30167/14,30167/7,2841,60334/7,4309.571428571428,2725720cbf45207df4b1841e1b1f82ecba8e1760b714dbf427d1121bc616743b
formal,60,sbm_fixed_count,11,n0060-r0011-sbm_fixed_count,fhs5,source,0,720,10674/7,10207/7,49656/7,44011/7,34972,16275.739539998793,2725720cbf45207df4b1841e1b1f82ecba8e1760b714dbf427d1121bc616743b
formal,60,sbm_fixed_count,11,n0060-r0011-sbm_fixed_count,fhs5,binary_panel,0,4744/7,9837/7,18089/7,36178/7,22833/7,72356/7,5168.285714285715,2725720cbf45207df4b1841e1b1f82ecba8e1760b714dbf427d1121bc616743b
formal,60,sbm_fixed_count,11,n0060-r0011-sbm_fixed_count,nch,source,0,720,10674/7,1158,61965/7,57196/7,505923/7,26391.914047394126,2725720cbf45207df4b1841e1b1f82ecba8e1760b714dbf427d1121bc616743b
formal,60,sbm_fixed_count,11,n0060-r0011-sbm_fixed_count,nch,binary_panel,0,4735/7,9809/7,13206/7,26412/7,2563,52824/7,3773.1428571428573,2725720cbf45207df4b1841e1b1f82ecba8e1760b714dbf427d1121bc616743b
formal,60,barabasi_albert,12,n0060-r0012-barabasi_albert,demand-aware,source,0,720,10607/7,9617/7,46944/7,42020/7,231404/7,15395.72726434879,eff31432f6203a43c04dc6c432397ffd46b3e636f0705b4e92b12383705d2912
formal,60,barabasi_albert,12,n0060-r0012-barabasi_albert,demand-aware,binary_panel,0,9733/14,10114/7,31085/14,31085/7,20409/7,62170/7,4440.714285714285,eff31432f6203a43c04dc6c432397ffd46b3e636f0705b4e92b12383705d2912
formal,60,barabasi_albert,12,n0060-r0012-barabasi_albert,fhs3,source,0,720,10607/7,11118/7,32707/7,26562/7,96827/7,7297.489576450525,eff31432f6203a43c04dc6c432397ffd46b3e636f0705b4e92b12383705d2912
formal,60,barabasi_albert,12,n0060-r0012-barabasi_albert,fhs3,binary_panel,0,4959/7,10338/7,14032/7,28064/7,2713,56128/7,4009.1428571428573,eff31432f6203a43c04dc6c432397ffd46b3e636f0705b4e92b12383705d2912
formal,60,barabasi_albert,12,n0060-r0012-barabasi_albert,fhs5,source,0,720,10607/7,9617/7,46944/7,42020/7,231404/7,15395.72726434879,eff31432f6203a43c04dc6c432397ffd46b3e636f0705b4e92b12383705d2912
formal,60,barabasi_albert,12,n0060-r0012-barabasi_albert,fhs5,binary_panel,0,9733/14,10114/7,31085/14,31085/7,20409/7,62170/7,4440.714285714285,eff31432f6203a43c04dc6c432397ffd46b3e636f0705b4e92b12383705d2912
formal,60,barabasi_albert,12,n0060-r0012-barabasi_albert,nch,source,0,720,10607/7,7237/7,75534/7,71049/7,1076960/7,39056.037577771334,eff31432f6203a43c04dc6c432397ffd46b3e636f0705b4e92b12383705d2912
formal,60,barabasi_albert,12,n0060-r0012-barabasi_albert,nch,binary_panel,0,4967/7,10372/7,12363/7,24726/7,17330/7,49452/7,3532.285714285714,eff31432f6203a43c04dc6c432397ffd46b3e636f0705b4e92b12383705d2912
formal,60,er_gnm,12,n0060-r0012-er_gnm,demand-aware,source,0,720,10607/7,9643/7,47018/7,41983/7,232150/7,15428.916282530996,969c15b22278ba2f866c9be84d86974ba893a31531d1cfd060d9a0cd7c4d4c5c
formal,60,er_gnm,12,n0060-r0012-er_gnm,demand-aware,binary_panel,0,4950/7,10315/7,16755/7,33510/7,21705/7,67020/7,4787.142857142857,969c15b22278ba2f866c9be84d86974ba893a31531d1cfd060d9a0cd7c4d4c5c
formal,60,er_gnm,12,n0060-r0012-er_gnm,fhs3,source,0,720,10607/7,11086/7,32671/7,3797,96839/7,7299.366269316322,969c15b22278ba2f866c9be84d86974ba893a31531d1cfd060d9a0cd7c4d4c5c
formal,60,er_gnm,12,n0060-r0012-er_gnm,fhs3,binary_panel,0,5025/7,10554/7,14866/7,29732/7,19891/7,59464/7,4247.428571428572,969c15b22278ba2f866c9be84d86974ba893a31531d1cfd060d9a0cd7c4d4c5c
formal,60,er_gnm,12,n0060-r0012-er_gnm,fhs5,source,0,720,10607/7,9656/7,47195/7,42142/7,233325/7,15503.704327918784,969c15b22278ba2f866c9be84d86974ba893a31531d1cfd060d9a0cd7c4d4c5c
formal,60,er_gnm,12,n0060-r0012-er_gnm,fhs5,binary_panel,0,4950/7,10315/7,16755/7,33510/7,21705/7,67020/7,4787.142857142857,969c15b22278ba2f866c9be84d86974ba893a31531d1cfd060d9a0cd7c4d4c5c
formal,60,er_gnm,12,n0060-r0012-er_gnm,nch,source,0,720,10607/7,1112,57838/7,53878/7,455920/7,24278.81625720009,969c15b22278ba2f866c9be84d86974ba893a31531d1cfd060d9a0cd7c4d4c5c
formal,60,er_gnm,12,n0060-r0012-er_gnm,nch,binary_panel,0,5029/7,10568/7,12470/7,24940/7,17499/7,49880/7,3562.8571428571427,969c15b22278ba2f866c9be84d86974ba893a31531d1cfd060d9a0cd7c4d4c5c
formal,60,sbm_fixed_count,12,n0060-r0012-sbm_fixed_count,demand-aware,source,0,720,10607/7,10205/7,49221/7,43398/7,241319/7,16062.971546766752,13ea2311f8686d076e80a1c1fac27ad559417ab86dc2f105cbc47ce5e76b4b38
formal,60,sbm_fixed_count,12,n0060-r0012-sbm_fixed_count,demand-aware,binary_panel,0,4527/7,1335,17658/7,35316/7,22185/7,70632/7,5045.142857142857,13ea2311f8686d076e80a1c1fac27ad559417ab86dc2f105cbc47ce5e76b4b38
formal,60,sbm_fixed_count,12,n0060-r0012-sbm_fixed_count,fhs3,source,0,4955/7,10366/7,11919/7,35069/7,28034/7,14833,7825.448790971131,13ea2311f8686d076e80a1c1fac27ad559417ab86dc2f105cbc47ce5e76b4b38
formal,60,sbm_fixed_count,12,n0060-r0012-sbm_fixed_count,fhs3,binary_panel,0,4647/7,9633/7,15086/7,30172/7,2819,60344/7,4310.285714285715,13ea2311f8686d076e80a1c1fac27ad559417ab86dc2f105cbc47ce5e76b4b38
formal,60,sbm_fixed_count,12,n0060-r0012-sbm_fixed_count,fhs5,source,0,720,10607/7,10205/7,49221/7,43398/7,241319/7,16062.971546766752,13ea2311f8686d076e80a1c1fac27ad559417ab86dc2f105cbc47ce5e76b4b38
formal,60,sbm_fixed_count,12,n0060-r0012-sbm_fixed_count,fhs5,binary_panel,0,4527/7,1335,17658/7,35316/7,22185/7,70632/7,5045.142857142857,13ea2311f8686d076e80a1c1fac27ad559417ab86dc2f105cbc47ce5e76b4b38
formal,60,sbm_fixed_count,12,n0060-r0012-sbm_fixed_count,nch,source,0,720,10607/7,8150/7,62214/7,57292/7,503084/7,26463.03773672163,13ea2311f8686d076e80a1c1fac27ad559417ab86dc2f105cbc47ce5e76b4b38
formal,60,sbm_fixed_count,12,n0060-r0012-sbm_fixed_count,nch,binary_panel,0,4770/7,9948/7,13112/7,26224/7,17882/7,52448/7,3746.285714285714,13ea2311f8686d076e80a1c1fac27ad559417ab86dc2f105cbc47ce5e76b4b38
formal,60,barabasi_albert,13,n0060-r0013-barabasi_albert,demand-aware,source,0,720,10573/7,9701/7,6686,41920/7,230086/7,15293.41903361288,9b377922af6165aa04c368280d121a8f339e31f68353b61f1f1ee7df531e03b4
formal,60,barabasi_albert,13,n0060-r0013-barabasi_albert,demand-aware,binary_panel,0,4833/7,19841/14,16670/7,33340/7,21503/7,66680/7,4762.857142857143,9b377922af6165aa04c368280d121a8f339e31f68353b61f1f1ee7df531e03b4
formal,60,barabasi_albert,13,n0060-r0013-barabasi_albert,fhs3,source,0,720,10573/7,11154/7,33038/7,26895/7,14038,7409.706128316288,9b377922af6165aa04c368280d121a8f339e31f68353b61f1f1ee7df531e03b4
formal,60,barabasi_albert,13,n0060-r0013-barabasi_albert,fhs3,binary_panel,0,4905/7,10180/7,13982/7,27964/7,18887/7,55928/7,3994.8571428571427,9b377922af6165aa04c368280d121a8f339e31f68353b61f1f1ee7df531e03b4
formal,60,barabasi_albert,13,n0060-r0013-barabasi_albert,fhs5,source,0,720,10573/7,9701/7,6686,41920/7,230086/7,15293.41903361288,9b377922af6165aa04c368280d121a8f339e31f68353b61f1f1ee7df531e03b4
formal,60,barabasi_albert,13,n0060-r0013-barabasi_albert,fhs5,binary_panel,0,4833/7,19841/14,16670/7,33340/7,21503/7,66680/7,4762.857142857143,9b377922af6165aa04c368280d121a8f339e31f68353b61f1f1ee7df531e03b4
formal,60,barabasi_albert,13,n0060-r0013-barabasi_albert,nch,source,0,720,10573/7,7277/7,83304/7,77797/7,1217234/7,44109.10183321805,9b377922af6165aa04c368280d121a8f339e31f68353b61f1f1ee7df531e03b4
formal,60,barabasi_albert,13,n0060-r0013-barabasi_albert,nch,binary_panel,0,9951/14,20717/14,25645/14,25645/7,17798/7,51290/7,3663.5714285714284,9b377922af6165aa04c368280d121a8f339e31f68353b61f1f1ee7df531e03b4
formal,60,er_gnm,13,n0060-r0013-er_gnm,demand-aware,source,0,720,10573/7,9904/7,47154/7,41920/7,228204/7,15256.76243008644,141636f603932ebfde54b7a9df48bbcd9eafeae9bff011873571c8b0006bd90d
formal,60,er_gnm,13,n0060-r0013-er_gnm,demand-aware,binary_panel,0,5018/7,10488/7,18126/7,36252/7,23144/7,72504/7,5178.857142857143,141636f603932ebfde54b7a9df48bbcd9eafeae9bff011873571c8b0006bd90d
formal,60,er_gnm,13,n0060-r0013-er_gnm,fhs3,source,0,720,10573/7,11321/7,33097/7,26785/7,13937,7349.1926907312945,141636f603932ebfde54b7a9df48bbcd9eafeae9bff011873571c8b0006bd90d
formal,60,er_gnm,13,n0060-r0013-er_gnm,fhs3,binary_panel,0,5038/7,10561/7,15229/7,30458/7,20267/7,60916/7,4351.142857142857,141636f603932ebfde54b7a9df48bbcd9eafeae9bff011873571c8b0006bd90d
formal,60,er_gnm,13,n0060-r0013-er_gnm,fhs5,source,0,720,10573/7,9878/7,46948/7,41744/7,226952/7,15176.549705030715,141636f603932ebfde54b7a9df48bbcd9eafeae9bff011873571c8b0006bd90d
formal,60,er_gnm,13,n0060-r0013-er_gnm,fhs5,binary_panel,0,5018/7,10488/7,18126/7,36252/7,23144/7,72504/7,5178.857142857143,141636f603932ebfde54b7a9df48bbcd9eafeae9bff011873571c8b0006bd90d
formal,60,er_gnm,13,n0060-r0013-er_gnm,nch,source,0,720,10573/7,8233/7,58150/7,53278/7,436208/7,23843.612994632644,141636f603932ebfde54b7a9df48bbcd9eafeae9bff011873571c8b0006bd90d
formal,60,er_gnm,13,n0060-r0013-er_gnm,nch,binary_panel,0,5037/7,10558/7,13172/7,26344/7,18209/7,52688/7,3763.4285714285716,141636f603932ebfde54b7a9df48bbcd9eafeae9bff011873571c8b0006bd90d
formal,60,sbm_fixed_count,13,n0060-r0013-sbm_fixed_count,demand-aware,source,0,720,10573/7,10499/7,50595/7,44434/7,35407,16501.859330915646,6d9834d10201d3b6892316925eadfd6bd3b34ad85be513aa69884e92973d5af1
formal,60,sbm_fixed_count,13,n0060-r0013-sbm_fixed_count,demand-aware,binary_panel,0,4547/7,9320/7,18603/7,37206/7,23150/7,74412/7,5315.142857142857,6d9834d10201d3b6892316925eadfd6bd3b34ad85be513aa69884e92973d5af1
formal,60,sbm_fixed_count,13,n0060-r0013-sbm_fixed_count,fhs3,source,0,4957/7,10342/7,11929/7,35424/7,28358/7,15078,7960.146978574668,6d9834d10201d3b6892316925eadfd6bd3b34ad85be513aa69884e92973d5af1
formal,60,sbm_fixed_count,13,n0060-r0013-sbm_fixed_count,fhs3,binary_panel,0,669,9637/7,15649/7,31298/7,20332/7,62596/7,4471.142857142857,6d9834d10201d3b6892316925eadfd6bd3b34ad85be513aa69884e92973d5af1
formal,60,sbm_fixed_count,13,n0060-r0013-sbm_fixed_count,fhs5,source,0,720,10573/7,10499/7,50595/7,44434/7,35407,16501.859330915646,6d9834d10201d3b6892316925eadfd6bd3b34ad85be513aa69884e92973d5af1
formal,60,sbm_fixed_count,13,n0060-r0013-sbm_fixed_count,fhs5,binary_panel,0,4547/7,9320/7,18603/7,37206/7,23150/7,74412/7,5315.142857142857,6d9834d10201d3b6892316925eadfd6bd3b34ad85be513aa69884e92973d5af1
formal,60,sbm_fixed_count,13,n0060-r0013-sbm_fixed_count,nch,source,0,720,10573/7,8086/7,60225/7,7953,68015,25311.545179931672,6d9834d10201d3b6892316925eadfd6bd3b34ad85be513aa69884e92973d5af1
formal,60,sbm_fixed_count,13,n0060-r0013-sbm_fixed_count,nch,binary_panel,0,4861/7,10060/7,12573/7,25146/7,17434/7,50292/7,3592.285714285714,6d9834d10201d3b6892316925eadfd6bd3b34ad85be513aa69884e92973d5af1
formal,60,barabasi_albert,14,n0060-r0014-barabasi_albert,demand-aware,source,0,720,10302/7,9627/7,46632/7,41800/7,228638/7,15233.667457491343,272cb20e896d1e562a044057a1a096aad0912e2db4d924905d9bdc5820e37957
formal,60,barabasi_albert,14,n0060-r0014-barabasi_albert,demand-aware,binary_panel,0,9909/14,9999/7,4685/2,4685,21352/7,9370,4685.0,272cb20e896d1e562a044057a1a096aad0912e2db4d924905d9bdc5820e37957
formal,60,barabasi_albert,14,n0060-r0014-barabasi_albert,fhs3,source,0,5036/7,10287/7,10925/7,4568,26070/7,94330/7,7106.570120986755,272cb20e896d1e562a044057a1a096aad0912e2db4d924905d9bdc5820e37957
formal,60,barabasi_albert,14,n0060-r0014-barabasi_albert,fhs3,binary_panel,0,9763/14,19541/14,28839/14,28839/7,19301/7,57678/7,4119.857142857143,272cb20e896d1e562a044057a1a096aad0912e2db4d924905d9bdc5820e37957
formal,60,barabasi_albert,14,n0060-r0014-barabasi_albert,fhs5,source,0,720,10302/7,9627/7,46632/7,41800/7,228638/7,15233.667457491343,272cb20e896d1e562a044057a1a096aad0912e2db4d924905d9bdc5820e37957
formal,60,barabasi_albert,14,n0060-r0014-barabasi_albert,fhs5,binary_panel,0,9909/14,9999/7,4685/2,4685,21352/7,9370,4685.0,272cb20e896d1e562a044057a1a096aad0912e2db4d924905d9bdc5820e37957
formal,60,barabasi_albert,14,n0060-r0014-barabasi_albert,nch,source,0,720,10302/7,7206/7,77982/7,72857/7,1074008/7,40218.815103443,272cb20e896d1e562a044057a1a096aad0912e2db4d924905d9bdc5820e37957
formal,60,barabasi_albert,14,n0060-r0014-barabasi_albert,nch,binary_panel,0,4976/7,10077/7,12622/7,25244/7,2514,50488/7,3606.285714285714,272cb20e896d1e562a044057a1a096aad0912e2db4d924905d9bdc5820e37957
formal,60,er_gnm,14,n0060-r0014-er_gnm,demand-aware,source,0,720,10302/7,9445/7,46257/7,41483/7,229149/7,15215.35871748179,7dceb0f27da22183eb2dec7c85a285a866fe2f1d3a81d81d3ba9d4bece7f9ef8
formal,60,er_gnm,14,n0060-r0014-er_gnm,demand-aware,binary_panel,0,9963/14,2895/2,16593/7,33186/7,43149/14,66372/7,4740.857142857143,7dceb0f27da22183eb2dec7c85a285a866fe2f1d3a81d81d3ba9d4bece7f9ef8
formal,60,er_gnm,14,n0060-r0014-er_gnm,fhs3,source,0,720,10302/7,10970/7,4606,26270/7,95390/7,7188.693006755435,7dceb0f27da22183eb2dec7c85a285a866fe2f1d3a81d81d3ba9d4bece7f9ef8
formal,60,er_gnm,14,n0060-r0014-er_gnm,fhs3,binary_panel,0,5007/7,10200/7,28577/14,28577/7,5513/2,57154/7,4082.4285714285716,7dceb0f27da22183eb2dec7c85a285a866fe2f1d3a81d81d3ba9d4bece7f9ef8
formal,60,er_gnm,14,n0060-r0014-er_gnm,fhs5,source,0,720,10302/7,9445/7,46257/7,41483/7,229149/7,15215.35871748179,7dceb0f27da22183eb2dec7c85a285a866fe2f1d3a81d81d3ba9d4bece7f9ef8
formal,60,er_gnm,14,n0060-r0014-er_gnm,fhs5,binary_panel,0,9963/14,2895/2,16593/7,33186/7,43149/14,66372/7,4740.857142857143,7dceb0f27da22183eb2dec7c85a285a866fe2f1d3a81d81d3ba9d4bece7f9ef8
formal,60,er_gnm,14,n0060-r0014-er_gnm,nch,source,0,720,10302/7,7853/7,57944/7,53849/7,460842/7,24314.826912028217,7dceb0f27da22183eb2dec7c85a285a866fe2f1d3a81d81d3ba9d4bece7f9ef8
formal,60,er_gnm,14,n0060-r0014-er_gnm,nch,binary_panel,0,5016/7,10233/7,12962/7,25924/7,17978/7,51848/7,3703.4285714285716,7dceb0f27da22183eb2dec7c85a285a866fe2f1d3a81d81d3ba9d4bece7f9ef8
formal,60,sbm_fixed_count,14,n0060-r0014-sbm_fixed_count,demand-aware,source,0,720,10302/7,10543/7,48971/7,42881/7,235307/7,15708.265350817122,bee2ff9fc434796fbb6cf7b2ccef7ee44c54c433516866319bdbc16973802a8e
formal,60,sbm_fixed_count,14,n0060-r0014-sbm_fixed_count,demand-aware,binary_panel,0,683,19311/14,18584/7,37168/7,23365/7,74336/7,5309.714285714285,bee2ff9fc434796fbb6cf7b2ccef7ee44c54c433516866319bdbc16973802a8e
formal,60,sbm_fixed_count,14,n0060-r0014-sbm_fixed_count,fhs3,source,0,5022/7,10247/7,12035/7,5039,28121/7,104155/7,7847.572098105333,bee2ff9fc434796fbb6cf7b2ccef7ee44c54c433516866319bdbc16973802a8e
formal,60,sbm_fixed_count,14,n0060-r0014-sbm_fixed_count,fhs3,binary_panel,0,4820/7,9767/7,15406/7,30812/7,20226/7,61624/7,4401.714285714285,bee2ff9fc434796fbb6cf7b2ccef7ee44c54c433516866319bdbc16973802a8e
formal,60,sbm_fixed_count,14,n0060-r0014-sbm_fixed_count,fhs5,source,0,720,10302/7,10543/7,48971/7,42881/7,235307/7,15708.265350817122,bee2ff9fc434796fbb6cf7b2ccef7ee44c54c433516866319bdbc16973802a8e
formal,60,sbm_fixed_count,14,n0060-r0014-sbm_fixed_count,fhs5,binary_panel,0,683,19311/14,18584/7,37168/7,23365/7,74336/7,5309.714285714285,bee2ff9fc434796fbb6cf7b2ccef7ee44c54c433516866319bdbc16973802a8e
formal,60,sbm_fixed_count,14,n0060-r0014-sbm_fixed_count,nch,source,0,720,10302/7,8090/7,56337/7,51964/7,414467/7,22869.757862818104,bee2ff9fc434796fbb6cf7b2ccef7ee44c54c433516866319bdbc16973802a8e
formal,60,sbm_fixed_count,14,n0060-r0014-sbm_fixed_count,nch,binary_panel,0,4979/7,10119/7,12759/7,25518/7,2534,51036/7,3645.4285714285716,bee2ff9fc434796fbb6cf7b2ccef7ee44c54c433516866319bdbc16973802a8e
formal,60,barabasi_albert,15,n0060-r0015-barabasi_albert,demand-aware,source,0,720,10527/7,9719/7,47370/7,42339/7,233574/7,15533.23830408083,e7e05411116cc687c3b612eecb4f977f5a08e9dcbfe2327b20e47895604692b7
formal,60,barabasi_albert,15,n0060-r0015-barabasi_albert,demand-aware,binary_panel,0,4946/7,20507/14,16215/7,32430/7,3023,64860/7,4632.857142857143,e7e05411116cc687c3b612eecb4f977f5a08e9dcbfe2327b20e47895604692b7
formal,60,barabasi_albert,15,n0060-r0015-barabasi_albert,fhs3,source,0,720,10527/7,1603,32887/7,26693/7,97109/7,7316.685708585347,e7e05411116cc687c3b612eecb4f977f5a08e9dcbfe2327b20e47895604692b7
formal,60,barabasi_albert,15,n0060-r0015-barabasi_albert,fhs3,binary_panel,0,9971/14,10351/7,13903/7,27806/7,37777/14,55612/7,3972.285714285714,e7e05411116cc687c3b612eecb4f977f5a08e9dcbfe2327b20e47895604692b7
formal,60,barabasi_albert,15,n0060-r0015-barabasi_albert,fhs5,source,0,720,10527/7,9719/7,47370/7,42339/7,233574/7,15533.23830408083,e7e05411116cc687c3b612eecb4f977f5a08e9dcbfe2327b20e47895604692b7
formal,60,barabasi_albert,15,n0060-r0015-barabasi_albert,fhs5,binary_panel,0,4946/7,20507/14,16215/7,32430/7,3023,64860/7,4632.857142857143,e7e05411116cc687c3b612eecb4f977f5a08e9dcbfe2327b20e47895604692b7
formal,60,barabasi_albert,15,n0060-r0015-barabasi_albert,nch,source,0,720,10527/7,7445/7,76556/7,10197,971464/7,38428.22657479823,e7e05411116cc687c3b612eecb4f977f5a08e9dcbfe2327b20e47895604692b7
formal,60,barabasi_albert,15,n0060-r0015-barabasi_albert,nch,binary_panel,0,5008/7,10434/7,12757/7,25514/7,17765/7,51028/7,3644.8571428571427,e7e05411116cc687c3b612eecb4f977f5a08e9dcbfe2327b20e47895604692b7
formal,60,er_gnm,15,n0060-r0015-er_gnm,demand-aware,source,0,720,10527/7,9624/7,47255/7,42327/7,233657/7,15539.573392138895,e8af8fdbebb0691190f2f0b88e4cd28973c48ff06a66c6d49a3f6af2bb918e4d
formal,60,er_gnm,15,n0060-r0015-er_gnm,demand-aware,binary_panel,0,4992/7,10380/7,4827/2,4827,43773/14,9654,4827.0,e8af8fdbebb0691190f2f0b88e4cd28973c48ff06a66c6d49a3f6af2bb918e4d
formal,60,er_gnm,15,n0060-r0015-er_gnm,fhs3,source,0,5039/7,10524/7,1592,32555/7,26399/7,95911/7,7224.632854958904,e8af8fdbebb0691190f2f0b88e4cd28973c48ff06a66c6d49a3f6af2bb918e4d
formal,60,er_gnm,15,n0060-r0015-er_gnm,fhs3,binary_panel,0,5006/7,10414/7,2185,4370,20301/7,8740,4370.0,e8af8fdbebb0691190f2f0b88e4cd28973c48ff06a66c6d49a3f6af2bb918e4d
formal,60,er_gnm,15,n0060-r0015-er_gnm,fhs5,source,0,720,10527/7,9624/7,47255/7,42327/7,233657/7,15539.573392138895,e8af8fdbebb0691190f2f0b88e4cd28973c48ff06a66c6d49a3f6af2bb918e4d
formal,60,er_gnm,15,n0060-r0015-er_gnm,fhs5,binary_panel,0,4992/7,10380/7,4827/2,4827,43773/14,9654,4827.0,e8af8fdbebb0691190f2f0b88e4cd28973c48ff06a66c6d49a3f6af2bb918e4d
formal,60,er_gnm,15,n0060-r0015-er_gnm,nch,source,0,720,10527/7,7780/7,59790/7,55709/7,498550/7,25643.873639246067,e8af8fdbebb0691190f2f0b88e4cd28973c48ff06a66c6d49a3f6af2bb918e4d
formal,60,er_gnm,15,n0060-r0015-er_gnm,nch,binary_panel,0,10037/14,20897/14,26363/14,26363/7,2600,52726/7,3766.1428571428573,e8af8fdbebb0691190f2f0b88e4cd28973c48ff06a66c6d49a3f6af2bb918e4d
formal,60,sbm_fixed_count,15,n0060-r0015-sbm_fixed_count,demand-aware,source,0,720,10527/7,10443/7,49232/7,43139/7,238038/7,15888.663549565943,3c0661c3b920dbf2ce6fd081b510aa327121b2ac9682ed4c8db90e1c5ef4622a
formal,60,sbm_fixed_count,15,n0060-r0015-sbm_fixed_count,demand-aware,binary_panel,0,4751/7,1393,17882/7,35764/7,22633/7,71528/7,5109.142857142857,3c0661c3b920dbf2ce6fd081b510aa327121b2ac9682ed4c8db90e1c5ef4622a
formal,60,sbm_fixed_count,15,n0060-r0015-sbm_fixed_count,fhs3,source,0,720,10527/7,12051/7,35375/7,28296/7,104569/7,7879.692401698398,3c0661c3b920dbf2ce6fd081b510aa327121b2ac9682ed4c8db90e1c5ef4622a
formal,60,sbm_fixed_count,15,n0060-r0015-sbm_fixed_count,fhs3,binary_panel,0,9609/14,9881/7,15539/7,31078/7,40687/14,62156/7,4439.714285714285,3c0661c3b920dbf2ce6fd081b510aa327121b2ac9682ed4c8db90e1c5ef4622a
formal,60,sbm_fixed_count,15,n0060-r0015-sbm_fixed_count,fhs5,source,0,5036/7,10512/7,1521,7243,6332,35201,16436.799121295066,3c0661c3b920dbf2ce6fd081b510aa327121b2ac9682ed4c8db90e1c5ef4622a
formal,60,sbm_fixed_count,15,n0060-r0015-sbm_fixed_count,fhs5,binary_panel,0,4751/7,1393,17882/7,35764/7,22633/7,71528/7,5109.142857142857,3c0661c3b920dbf2ce6fd081b510aa327121b2ac9682ed4c8db90e1c5ef4622a
formal,60,sbm_fixed_count,15,n0060-r0015-sbm_fixed_count,nch,source,0,720,10527/7,8101/7,59781/7,54931/7,470033/7,25045.00716886853,3c0661c3b920dbf2ce6fd081b510aa327121b2ac9682ed4c8db90e1c5ef4622a
formal,60,sbm_fixed_count,15,n0060-r0015-sbm_fixed_count,nch,binary_panel,0,4985/7,10347/7,25253/14,25253/7,35223/14,50506/7,3607.5714285714284,3c0661c3b920dbf2ce6fd081b510aa327121b2ac9682ed4c8db90e1c5ef4622a
formal,60,barabasi_albert,16,n0060-r0016-barabasi_albert,demand-aware,source,0,720,10533/7,9594/7,46429/7,41464/7,227823/7,15169.13486404337,b0cc0988675c2c5f77b0940fabeb1abe3524efb7853508e8616d22e642016f36
formal,60,barabasi_albert,16,n0060-r0016-barabasi_albert,demand-aware,binary_panel,0,695,10044/7,15674/7,31348/7,20539/7,62696/7,4478.285714285715,b0cc0988675c2c5f77b0940fabeb1abe3524efb7853508e8616d22e642016f36
formal,60,barabasi_albert,16,n0060-r0016-barabasi_albert,fhs3,source,0,5031/7,10505/7,11240/7,33126/7,26854/7,98190/7,7401.2189068617545,b0cc0988675c2c5f77b0940fabeb1abe3524efb7853508e8616d22e642016f36
formal,60,barabasi_albert,16,n0060-r0016-barabasi_albert,fhs3,binary_panel,0,9853/14,20395/14,14039/7,28078/7,37931/14,56156/7,4011.1428571428573,b0cc0988675c2c5f77b0940fabeb1abe3524efb7853508e8616d22e642016f36
formal,60,barabasi_albert,16,n0060-r0016-barabasi_albert,fhs5,source,0,720,10533/7,9594/7,46429/7,41464/7,227823/7,15169.13486404337,b0cc0988675c2c5f77b0940fabeb1abe3524efb7853508e8616d22e642016f36
formal,60,barabasi_albert,16,n0060-r0016-barabasi_albert,fhs5,binary_panel,0,695,10044/7,15674/7,31348/7,20539/7,62696/7,4478.285714285715,b0cc0988675c2c5f77b0940fabeb1abe3524efb7853508e8616d22e642016f36
formal,60,barabasi_albert,16,n0060-r0016-barabasi_albert,nch,source,0,720,10533/7,7382/7,71699/7,66936/7,845387/7,35097.30405806708,b0cc0988675c2c5f77b0940fabeb1abe3524efb7853508e8616d22e642016f36
formal,60,barabasi_albert,16,n0060-r0016-barabasi_albert,nch,binary_panel,0,4958/7,20539/14,1781,3562,17425/7,7124,3562.0,b0cc0988675c2c5f77b0940fabeb1abe3524efb7853508e8616d22e642016f36
formal,60,er_gnm,16,n0060-r0016-er_gnm,demand-aware,source,0,5036/7,10523/7,9572/7,6607,41383/7,226893/7,15102.91679222541,df67844cd962cc4f0346c1a629dac329a2399ec12f036d01a89f2c8548ff5bd1
formal,60,er_gnm,16,n0060-r0016-er_gnm,demand-aware,binary_panel,0,9899/14,10279/7,33405/14,33405/7,21652/7,66810/7,4772.142857142857,df67844cd962cc4f0346c1a629dac329a2399ec12f036d01a89f2c8548ff5bd1
formal,60,er_gnm,16,n0060-r0016-er_gnm,fhs3,source,0,5030/7,10505/7,10977/7,4616,26319/7,95698/7,7212.7321067727435,df67844cd962cc4f0346c1a629dac329a2399ec12f036d01a89f2c8548ff5bd1
formal,60,er_gnm,16,n0060-r0016-er_gnm,fhs3,binary_panel,0,4999/7,10411/7,29409/14,29409/7,39407/14,58818/7,4201.285714285715,df67844cd962cc4f0346c1a629dac329a2399ec12f036d01a89f2c8548ff5bd1
formal,60,er_gnm,16,n0060-r0016-er_gnm,fhs5,source,0,5036/7,10523/7,9600/7,46399/7,41499/7,227659/7,15153.833208118574,df67844cd962cc4f0346c1a629dac329a2399ec12f036d01a89f2c8548ff5bd1
formal,60,er_gnm,16,n0060-r0016-er_gnm,fhs5,binary_panel,0,9899/14,10279/7,33405/14,33405/7,21652/7,66810/7,4772.142857142857,df67844cd962cc4f0346c1a629dac329a2399ec12f036d01a89f2c8548ff5bd1
formal,60,er_gnm,16,n0060-r0016-er_gnm,nch,source,0,720,10533/7,7929/7,57214/7,53012/7,441822/7,23723.801274007,df67844cd962cc4f0346c1a629dac329a2399ec12f036d01a89f2c8548ff5bd1
formal,60,er_gnm,16,n0060-r0016-er_gnm,nch,binary_panel,0,5030/7,10505/7,12800/7,25600/7,17830/7,51200/7,3657.1428571428573,df67844cd962cc4f0346c1a629dac329a2399ec12f036d01a89f2c8548ff5bd1
formal,60,sbm_fixed_count,16,n0060-r0016-sbm_fixed_count,demand-aware,source,0,720,10533/7,10292/7,49453/7,43600/7,242063/7,16115.426050198386,19b60b6d04d3782a1529817a29bafe004fdb97edbd71c44bd87d95faf222dcbf
formal,60,sbm_fixed_count,16,n0060-r0016-sbm_fixed_count,demand-aware,binary_panel,0,9365/14,19221/14,35827/14,35827/7,3228,71654/7,5118.142857142857,19b60b6d04d3782a1529817a29bafe004fdb97edbd71c44bd87d95faf222dcbf
formal,60,sbm_fixed_count,16,n0060-r0016-sbm_fixed_count,fhs3,source,0,5039/7,10530/7,11971/7,5079,28564/7,105939/7,7989.856969660004,19b60b6d04d3782a1529817a29bafe004fdb97edbd71c44bd87d95faf222dcbf
formal,60,sbm_fixed_count,16,n0060-r0016-sbm_fixed_count,fhs3,binary_panel,0,4752/7,1398,15567/7,31134/7,20319/7,62268/7,4447.714285714285,19b60b6d04d3782a1529817a29bafe004fdb97edbd71c44bd87d95faf222dcbf
formal,60,sbm_fixed_count,16,n0060-r0016-sbm_fixed_count,fhs5,source,0,720,10533/7,10292/7,49453/7,43600/7,242063/7,16115.426050198386,19b60b6d04d3782a1529817a29bafe004fdb97edbd71c44bd87d95faf222dcbf
formal,60,sbm_fixed_count,16,n0060-r0016-sbm_fixed_count,fhs5,binary_panel,0,9365/14,19221/14,35827/14,35827/7,3228,71654/7,5118.142857142857,19b60b6d04d3782a1529817a29bafe004fdb97edbd71c44bd87d95faf222dcbf
formal,60,sbm_fixed_count,16,n0060-r0016-sbm_fixed_count,nch,source,0,720,10533/7,1148,57928/7,53350/7,446198/7,24005.633293070536,19b60b6d04d3782a1529817a29bafe004fdb97edbd71c44bd87d95faf222dcbf
formal,60,sbm_fixed_count,16,n0060-r0016-sbm_fixed_count,nch,binary_panel,0,4892/7,10159/7,12625/7,25250/7,17517/7,50500/7,3607.1428571428573,19b60b6d04d3782a1529817a29bafe004fdb97edbd71c44bd87d95faf222dcbf
formal,60,barabasi_albert,17,n0060-r0017-barabasi_albert,demand-aware,source,0,720,10649/7,9596/7,46307/7,41414/7,227561/7,15130.677037439691,e20e7dd0a3d6ca1a8672daa7beb3c72425baf63b8ecd62fcfb739ba34b780377
formal,60,barabasi_albert,17,n0060-r0017-barabasi_albert,demand-aware,binary_panel,0,4911/7,1466,15539/7,31078/7,20450/7,62156/7,4439.714285714285,e20e7dd0a3d6ca1a8672daa7beb3c72425baf63b8ecd62fcfb739ba34b780377
formal,60,barabasi_albert,17,n0060-r0017-barabasi_albert,fhs3,source,0,720,10649/7,11019/7,32233/7,26198/7,95051/7,7160.582583508079,e20e7dd0a3d6ca1a8672daa7beb3c72425baf63b8ecd62fcfb739ba34b780377
formal,60,barabasi_albert,17,n0060-r0017-barabasi_albert,fhs3,binary_panel,0,4964/7,10433/7,14040/7,28080/7,19004/7,56160/7,4011.4285714285716,e20e7dd0a3d6ca1a8672daa7beb3c72425baf63b8ecd62fcfb739ba34b780377
formal,60,barabasi_albert,17,n0060-r0017-barabasi_albert,fhs5,source,0,720,10649/7,9596/7,46307/7,41414/7,227561/7,15130.677037439691,e20e7dd0a3d6ca1a8672daa7beb3c72425baf63b8ecd62fcfb739ba34b780377
formal,60,barabasi_albert,17,n0060-r0017-barabasi_albert,fhs5,binary_panel,0,4911/7,1466,15539/7,31078/7,20450/7,62156/7,4439.714285714285,e20e7dd0a3d6ca1a8672daa7beb3c72425baf63b8ecd62fcfb739ba34b780377
formal,60,barabasi_albert,17,n0060-r0017-barabasi_albert,nch,source,0,720,10649/7,7284/7,75919/7,71348/7,1038427/7,38799.53607732463,e20e7dd0a3d6ca1a8672daa7beb3c72425baf63b8ecd62fcfb739ba34b780377
formal,60,barabasi_albert,17,n0060-r0017-barabasi_albert,nch,binary_panel,0,5008/7,10529/7,12490/7,24980/7,17498/7,49960/7,3568.5714285714284,e20e7dd0a3d6ca1a8672daa7beb3c72425baf63b8ecd62fcfb739ba34b780377
formal,60,er_gnm,17,n0060-r0017-er_gnm,demand-aware,source,0,720,10649/7,9749/7,47825/7,42778/7,236441/7,15722.285353444864,55d917e4c1c0c7adf6b028bbbcdfe97201d21f8231af10b09b0a2534f551f43c
formal,60,er_gnm,17,n0060-r0017-er_gnm,demand-aware,binary_panel,0,5003/7,10547/7,17707/7,35414/7,22710/7,70828/7,5059.142857142857,55d917e4c1c0c7adf6b028bbbcdfe97201d21f8231af10b09b0a2534f551f43c
formal,60,er_gnm,17,n0060-r0017-er_gnm,fhs3,source,0,5034/7,10638/7,11443/7,33499/7,27015/7,98837/7,7446.231580065842,55d917e4c1c0c7adf6b028bbbcdfe97201d21f8231af10b09b0a2534f551f43c
formal,60,er_gnm,17,n0060-r0017-er_gnm,fhs3,binary_panel,0,5022/7,10601/7,14690/7,29380/7,2816,58760/7,4197.142857142857,55d917e4c1c0c7adf6b028bbbcdfe97201d21f8231af10b09b0a2534f551f43c
formal,60,er_gnm,17,n0060-r0017-er_gnm,fhs5,source,0,720,10649/7,9745/7,6815,42683/7,235593/7,15668.419804056392,55d917e4c1c0c7adf6b028bbbcdfe97201d21f8231af10b09b0a2534f551f43c
formal,60,er_gnm,17,n0060-r0017-er_gnm,fhs5,binary_panel,0,5003/7,10547/7,17707/7,35414/7,22710/7,70828/7,5059.142857142857,55d917e4c1c0c7adf6b028bbbcdfe97201d21f8231af10b09b0a2534f551f43c
formal,60,er_gnm,17,n0060-r0017-er_gnm,nch,source,0,720,10649/7,7900/7,62744/7,57964/7,546598/7,27417.888880897655,55d917e4c1c0c7adf6b028bbbcdfe97201d21f8231af10b09b0a2534f551f43c
formal,60,er_gnm,17,n0060-r0017-er_gnm,nch,binary_panel,0,5022/7,10609/7,13186/7,26372/7,18208/7,52744/7,3767.4285714285716,55d917e4c1c0c7adf6b028bbbcdfe97201d21f8231af10b09b0a2534f551f43c
formal,60,sbm_fixed_count,17,n0060-r0017-sbm_fixed_count,demand-aware,source,0,720,10649/7,9944/7,48284/7,6097,237680/7,15810.008713347454,d9ea194e6beb55ab18b91a2c8bf6dfe4d61b15f4cde160c978cf0703f00b7175
formal,60,sbm_fixed_count,17,n0060-r0017-sbm_fixed_count,demand-aware,binary_panel,0,4712/7,9792/7,17125/7,34250/7,21837/7,68500/7,4892.857142857143,d9ea194e6beb55ab18b91a2c8bf6dfe4d61b15f4cde160c978cf0703f00b7175
formal,60,sbm_fixed_count,17,n0060-r0017-sbm_fixed_count,fhs3,source,0,4980/7,10485/7,12172/7,35606/7,28319/7,104998/7,7909.934721337854,d9ea194e6beb55ab18b91a2c8bf6dfe4d61b15f4cde160c978cf0703f00b7175
formal,60,sbm_fixed_count,17,n0060-r0017-sbm_fixed_count,fhs3,binary_panel,0,680,9909/7,15655/7,31310/7,20415/7,62620/7,4472.857142857143,d9ea194e6beb55ab18b91a2c8bf6dfe4d61b15f4cde160c978cf0703f00b7175
formal,60,sbm_fixed_count,17,n0060-r0017-sbm_fixed_count,fhs5,source,0,720,10649/7,9984/7,47954/7,42407/7,33526,15624.675600935292,d9ea194e6beb55ab18b91a2c8bf6dfe4d61b15f4cde160c978cf0703f00b7175
formal,60,sbm_fixed_count,17,n0060-r0017-sbm_fixed_count,fhs5,binary_panel,0,4712/7,9792/7,17125/7,34250/7,21837/7,68500/7,4892.857142857143,d9ea194e6beb55ab18b91a2c8bf6dfe4d61b15f4cde160c978cf0703f00b7175
formal,60,sbm_fixed_count,17,n0060-r0017-sbm_fixed_count,nch,source,0,720,10649/7,7974/7,8305,53695/7,444665/7,24099.539517477195,d9ea194e6beb55ab18b91a2c8bf6dfe4d61b15f4cde160c978cf0703f00b7175
formal,60,sbm_fixed_count,17,n0060-r0017-sbm_fixed_count,nch,binary_panel,0,4981/7,10452/7,12480/7,24960/7,17461/7,49920/7,3565.714285714286,d9ea194e6beb55ab18b91a2c8bf6dfe4d61b15f4cde160c978cf0703f00b7175
formal,60,barabasi_albert,18,n0060-r0018-barabasi_albert,demand-aware,source,0,720,1504,9552/7,6580,5881,226178/7,15041.13959916619,6d2fa280b6bf53faa445a74715f15c666e921bf08edb84e98756ec5cb7f2b228
formal,60,barabasi_albert,18,n0060-r0018-barabasi_albert,demand-aware,binary_panel,0,4841/7,1427,15117/7,30234/7,19958/7,60468/7,4319.142857142857,6d2fa280b6bf53faa445a74715f15c666e921bf08edb84e98756ec5cb7f2b228
formal,60,barabasi_albert,18,n0060-r0018-barabasi_albert,fhs3,source,0,720,1504,10900/7,32063/7,26135/7,94915/7,7153.34434781481,6d2fa280b6bf53faa445a74715f15c666e921bf08edb84e98756ec5cb7f2b228
formal,60,barabasi_albert,18,n0060-r0018-barabasi_albert,fhs3,binary_panel,0,4908/7,10127/7,13354/7,26708/7,18262/7,53416/7,3815.4285714285716,6d2fa280b6bf53faa445a74715f15c666e921bf08edb84e98756ec5cb7f2b228
formal,60,barabasi_albert,18,n0060-r0018-barabasi_albert,fhs5,source,0,720,1504,9552/7,6580,5881,226178/7,15041.13959916619,6d2fa280b6bf53faa445a74715f15c666e921bf08edb84e98756ec5cb7f2b228
formal,60,barabasi_albert,18,n0060-r0018-barabasi_albert,fhs5,binary_panel,0,4841/7,1427,15117/7,30234/7,19958/7,60468/7,4319.142857142857,6d2fa280b6bf53faa445a74715f15c666e921bf08edb84e98756ec5cb7f2b228
formal,60,barabasi_albert,18,n0060-r0018-barabasi_albert,nch,source,0,720,1504,7073/7,76715/7,10338,1066165/7,39683.36121307992,6d2fa280b6bf53faa445a74715f15c666e921bf08edb84e98756ec5cb7f2b228
formal,60,barabasi_albert,18,n0060-r0018-barabasi_albert,nch,binary_panel,0,4936/7,10207/7,12538/7,25076/7,17474/7,50152/7,3582.285714285714,6d2fa280b6bf53faa445a74715f15c666e921bf08edb84e98756ec5cb7f2b228
formal,60,er_gnm,18,n0060-r0018-er_gnm,demand-aware,source,0,720,1504,9606/7,46439/7,41637/7,228493/7,15188.034615903429,34023f0a76f03ab5c60ee1b930d2e2aa6ae5d599ec01eddd07e4c97440a1100a
formal,60,er_gnm,18,n0060-r0018-er_gnm,demand-aware,binary_panel,0,4937/7,10273/7,16412/7,32824/7,21349/7,65648/7,4689.142857142857,34023f0a76f03ab5c60ee1b930d2e2aa6ae5d599ec01eddd07e4c97440a1100a
formal,60,er_gnm,18,n0060-r0018-er_gnm,fhs3,source,0,720,1504,11276/7,33325/7,27057/7,98969/7,7461.486151543863,34023f0a76f03ab5c60ee1b930d2e2aa6ae5d599ec01eddd07e4c97440a1100a
formal,60,er_gnm,18,n0060-r0018-er_gnm,fhs3,binary_panel,0,4994/7,10410/7,15110/7,30220/7,2872,60440/7,4317.142857142857,34023f0a76f03ab5c60ee1b930d2e2aa6ae5d599ec01eddd07e4c97440a1100a
formal,60,er_gnm,18,n0060-r0018-er_gnm,fhs5,source,0,720,1504,9626/7,6646,41694/7,228890/7,15213.902243619139,34023f0a76f03ab5c60ee1b930d2e2aa6ae5d599ec01eddd07e4c97440a1100a
formal,60,er_gnm,18,n0060-r0018-er_gnm,fhs5,binary_panel,0,4937/7,10273/7,16412/7,32824/7,21349/7,65648/7,4689.142857142857,34023f0a76f03ab5c60ee1b930d2e2aa6ae5d599ec01eddd07e4c97440a1100a
formal,60,er_gnm,18,n0060-r0018-er_gnm,nch,source,0,720,1504,8024/7,8321,53892/7,462729/7,24351.151660317726,34023f0a76f03ab5c60ee1b930d2e2aa6ae5d599ec01eddd07e4c97440a1100a
formal,60,er_gnm,18,n0060-r0018-er_gnm,nch,binary_panel,0,5024/7,1496,13121/7,26242/7,18145/7,52484/7,3748.8571428571427,34023f0a76f03ab5c60ee1b930d2e2aa6ae5d599ec01eddd07e4c97440a1100a
formal,60,sbm_fixed_count,18,n0060-r0018-sbm_fixed_count,demand-aware,source,0,720,1504,10608/7,50342/7,44280/7,243902/7,16285.513597388437,6bfb327d76c1370872b7b9c589ba05afe83b8f7655d7b8dcf8afd1269c4c6acb
formal,60,sbm_fixed_count,18,n0060-r0018-sbm_fixed_count,demand-aware,binary_panel,0,4577/7,18857/14,18138/7,36276/7,3245,72552/7,5182.285714285715,6bfb327d76c1370872b7b9c589ba05afe83b8f7655d7b8dcf8afd1269c4c6acb
formal,60,sbm_fixed_count,18,n0060-r0018-sbm_fixed_count,fhs3,source,0,692,10102/7,12249/7,35780/7,28289/7,15058,7939.805828486894,6bfb327d76c1370872b7b9c589ba05afe83b8f7655d7b8dcf8afd1269c4c6acb
formal,60,sbm_fixed_count,18,n0060-r0018-sbm_fixed_count,fhs3,binary_panel,0,4687/7,2767/2,15441/7,30882/7,20128/7,61764/7,4411.714285714285,6bfb327d76c1370872b7b9c589ba05afe83b8f7655d7b8dcf8afd1269c4c6acb
formal,60,sbm_fixed_count,18,n0060-r0018-sbm_fixed_count,fhs5,source,0,720,1504,10625/7,50426/7,44340/7,34904,16313.489066175884,6bfb327d76c1370872b7b9c589ba05afe83b8f7655d7b8dcf8afd1269c4c6acb
formal,60,sbm_fixed_count,18,n0060-r0018-sbm_fixed_count,fhs5,binary_panel,0,4577/7,18857/14,18138/7,36276/7,3245,72552/7,5182.285714285715,6bfb327d76c1370872b7b9c589ba05afe83b8f7655d7b8dcf8afd1269c4c6acb
formal,60,sbm_fixed_count,18,n0060-r0018-sbm_fixed_count,nch,source,0,720,1504,8348/7,8319,53435/7,429089/7,23639.108778523143,6bfb327d76c1370872b7b9c589ba05afe83b8f7655d7b8dcf8afd1269c4c6acb
formal,60,sbm_fixed_count,18,n0060-r0018-sbm_fixed_count,nch,binary_panel,0,4818/7,20063/14,12776/7,25552/7,17594/7,51104/7,3650.285714285714,6bfb327d76c1370872b7b9c589ba05afe83b8f7655d7b8dcf8afd1269c4c6acb
formal,60,barabasi_albert,19,n0060-r0019-barabasi_albert,demand-aware,source,0,720,10600/7,9739/7,46482/7,41449/7,225570/7,15065.671657617417,7472378046419ef3c5ab3f77d091292859fa8ab285bf3d153c3b484bfe673f6e
formal,60,barabasi_albert,19,n0060-r0019-barabasi_albert,demand-aware,binary_panel,0,695,10067/7,15452/7,30904/7,20317/7,61808/7,4414.857142857143,7472378046419ef3c5ab3f77d091292859fa8ab285bf3d153c3b484bfe673f6e
formal,60,barabasi_albert,19,n0060-r0019-barabasi_albert,fhs3,source,0,720,10600/7,10921/7,32402/7,26483/7,96484/7,7276.230288978032,7472378046419ef3c5ab3f77d091292859fa8ab285bf3d153c3b484bfe673f6e
formal,60,barabasi_albert,19,n0060-r0019-barabasi_albert,fhs3,binary_panel,0,4938/7,10282/7,13697/7,27394/7,18635/7,54788/7,3913.4285714285716,7472378046419ef3c5ab3f77d091292859fa8ab285bf3d153c3b484bfe673f6e
formal,60,barabasi_albert,19,n0060-r0019-barabasi_albert,fhs5,source,0,720,10600/7,9739/7,46482/7,41449/7,225570/7,15065.671657617417,7472378046419ef3c5ab3f77d091292859fa8ab285bf3d153c3b484bfe673f6e
formal,60,barabasi_albert,19,n0060-r0019-barabasi_albert,fhs5,binary_panel,0,695,10067/7,15452/7,30904/7,20317/7,61808/7,4414.857142857143,7472378046419ef3c5ab3f77d091292859fa8ab285bf3d153c3b484bfe673f6e
formal,60,barabasi_albert,19,n0060-r0019-barabasi_albert,nch,source,0,720,10600/7,7128/7,12228,80455/7,1378466/7,46628.57793326049,7472378046419ef3c5ab3f77d091292859fa8ab285bf3d153c3b484bfe673f6e
formal,60,barabasi_albert,19,n0060-r0019-barabasi_albert,nch,binary_panel,0,9939/14,10352/7,24835/14,24835/7,17387/7,49670/7,3547.8571428571427,7472378046419ef3c5ab3f77d091292859fa8ab285bf3d153c3b484bfe673f6e
formal,60,er_gnm,19,n0060-r0019-er_gnm,demand-aware,source,0,719,10579/7,9739/7,46434/7,41319/7,225462/7,15053.144923397505,f0b90cfaecb08e54ab12babd49a6d09527b9c2e6bafbeefd161a7864bdb232c7
formal,60,er_gnm,19,n0060-r0019-er_gnm,demand-aware,binary_panel,0,5001/7,10469/7,2424,4848,21969/7,9696,4848.0,f0b90cfaecb08e54ab12babd49a6d09527b9c2e6bafbeefd161a7864bdb232c7
formal,60,er_gnm,19,n0060-r0019-er_gnm,fhs3,source,0,719,10574/7,1608,32619/7,26335/7,95559/7,7193.6639977665955,f0b90cfaecb08e54ab12babd49a6d09527b9c2e6bafbeefd161a7864bdb232c7
formal,60,er_gnm,19,n0060-r0019-er_gnm,fhs3,binary_panel,0,4990/7,1492,15262/7,30524/7,20252/7,61048/7,4360.571428571428,f0b90cfaecb08e54ab12babd49a6d09527b9c2e6bafbeefd161a7864bdb232c7
formal,60,er_gnm,19,n0060-r0019-er_gnm,fhs5,source,0,719,10579/7,9753/7,46551/7,41439/7,226199/7,15099.573220578432,f0b90cfaecb08e54ab12babd49a6d09527b9c2e6bafbeefd161a7864bdb232c7
formal,60,er_gnm,19,n0060-r0019-er_gnm,fhs5,binary_panel,0,5001/7,10469/7,2424,4848,21969/7,9696,4848.0,f0b90cfaecb08e54ab12babd49a6d09527b9c2e6bafbeefd161a7864bdb232c7
formal,60,er_gnm,19,n0060-r0019-er_gnm,nch,source,0,720,10600/7,1140,57509/7,53090/7,443733/7,23845.259076539038,f0b90cfaecb08e54ab12babd49a6d09527b9c2e6bafbeefd161a7864bdb232c7
formal,60,er_gnm,19,n0060-r0019-er_gnm,nch,binary_panel,0,717,10527/7,26295/14,26295/7,36333/14,52590/7,3756.4285714285716,f0b90cfaecb08e54ab12babd49a6d09527b9c2e6bafbeefd161a7864bdb232c7
formal,60,sbm_fixed_count,19,n0060-r0019-sbm_fixed_count,demand-aware,source,0,720,10600/7,10057/7,48560/7,42895/7,237514/7,15834.146056306521,edf1257c9005b5918d11e39d305f2ccd275bd21ba085bede800da35ef76c7b6e
formal,60,sbm_fixed_count,19,n0060-r0019-sbm_fixed_count,demand-aware,binary_panel,0,4733/7,9745/7,16928/7,33856/7,21661/7,67712/7,4836.571428571428,edf1257c9005b5918d11e39d305f2ccd275bd21ba085bede800da35ef76c7b6e
formal,60,sbm_fixed_count,19,n0060-r0019-sbm_fixed_count,fhs3,source,0,5037/7,10588/7,11877/7,34742/7,27850/7,102448/7,7717.814839110314,edf1257c9005b5918d11e39d305f2ccd275bd21ba085bede800da35ef76c7b6e
formal,60,sbm_fixed_count,19,n0060-r0019-sbm_fixed_count,fhs3,binary_panel,0,4778/7,9848/7,15479/7,30958/7,20257/7,61916/7,4422.571428571428,edf1257c9005b5918d11e39d305f2ccd275bd21ba085bede800da35ef76c7b6e
formal,60,sbm_fixed_count,19,n0060-r0019-sbm_fixed_count,fhs5,source,0,720,10600/7,10124/7,49023/7,6181,240167/7,16006.417972336185,edf1257c9005b5918d11e39d305f2ccd275bd21ba085bede800da35ef76c7b6e
formal,60,sbm_fixed_count,19,n0060-r0019-sbm_fixed_count,fhs5,binary_panel,0,4733/7,9745/7,16928/7,33856/7,21661/7,67712/7,4836.571428571428,edf1257c9005b5918d11e39d305f2ccd275bd21ba085bede800da35ef76c7b6e
formal,60,sbm_fixed_count,19,n0060-r0019-sbm_fixed_count,nch,source,0,720,10600/7,8153/7,58473/7,7683,63831,24136.025897677795,edf1257c9005b5918d11e39d305f2ccd275bd21ba085bede800da35ef76c7b6e
formal,60,sbm_fixed_count,19,n0060-r0019-sbm_fixed_count,nch,binary_panel,0,703,10222/7,26221/14,26221/7,36063/14,52442/7,3745.8571428571427,edf1257c9005b5918d11e39d305f2ccd275bd21ba085bede800da35ef76c7b6e
formal,120,barabasi_albert,0,n0120-r0000-barabasi_albert,demand-aware,source,0,1440,20817/7,21872/7,106296/7,94170/7,522588/7,34789.10726351442,bf3c0ead30c5d4c312bf4372ba130cf815223ffcd5b74032ef6bc3e59b4ba48c
formal,120,barabasi_albert,0,n0120-r0000-barabasi_albert,demand-aware,binary_panel,0,9735/7,2819,33917/7,67834/7,6236,135668/7,9690.57142857143,bf3c0ead30c5d4c312bf4372ba130cf815223ffcd5b74032ef6bc3e59b4ba48c
formal,120,barabasi_albert,0,n0120-r0000-barabasi_albert,fhs3,source,0,1440,20817/7,24607/7,72762/7,58203/7,216168/7,16298.012985849335,bf3c0ead30c5d4c312bf4372ba130cf815223ffcd5b74032ef6bc3e59b4ba48c
formal,120,barabasi_albert,0,n0120-r0000-barabasi_albert,fhs3,binary_panel,0,9806/7,19965/7,30680/7,61360/7,40486/7,122720/7,8765.714285714286,bf3c0ead30c5d4c312bf4372ba130cf815223ffcd5b74032ef6bc3e59b4ba48c
formal,120,barabasi_albert,0,n0120-r0000-barabasi_albert,fhs5,source,0,1440,20817/7,21872/7,106296/7,94170/7,522588/7,34789.10726351442,bf3c0ead30c5d4c312bf4372ba130cf815223ffcd5b74032ef6bc3e59b4ba48c
formal,120,barabasi_albert,0,n0120-r0000-barabasi_albert,fhs5,binary_panel,0,9735/7,2819,33917/7,67834/7,6236,135668/7,9690.57142857143,bf3c0ead30c5d4c312bf4372ba130cf815223ffcd5b74032ef6bc3e59b4ba48c
formal,120,barabasi_albert,0,n0120-r0000-barabasi_albert,nch,source,0,1440,20817/7,15662/7,253240/7,240727/7,6653762/7,159678.72963685563,bf3c0ead30c5d4c312bf4372ba130cf815223ffcd5b74032ef6bc3e59b4ba48c
formal,120,barabasi_albert,0,n0120-r0000-barabasi_albert,nch,binary_panel,0,1412,20169/7,28222/7,56444/7,38106/7,112888/7,8063.428571428572,bf3c0ead30c5d4c312bf4372ba130cf815223ffcd5b74032ef6bc3e59b4ba48c
formal,120,er_gnm,0,n0120-r0000-er_gnm,demand-aware,source,0,1440,20817/7,22024/7,106233/7,93713/7,520259/7,34650.77027857517,f9c1146ad617743415b14d6697e662f2e595c68ef055037f718e45cc9edb4673
formal,120,er_gnm,0,n0120-r0000-er_gnm,demand-aware,binary_panel,0,1427,20554/7,5515,11030,6942,22060,11030.0,f9c1146ad617743415b14d6697e662f2e595c68ef055037f718e45cc9edb4673
formal,120,er_gnm,0,n0120-r0000-er_gnm,fhs3,source,0,1439,20799/7,25259/7,74199/7,58943/7,219441/7,16536.641562676155,f9c1146ad617743415b14d6697e662f2e595c68ef055037f718e45cc9edb4673
formal,120,er_gnm,0,n0120-r0000-er_gnm,fhs3,binary_panel,0,10020/7,20612/7,33526/7,67052/7,43546/7,134104/7,9578.857142857143,f9c1146ad617743415b14d6697e662f2e595c68ef055037f718e45cc9edb4673
formal,120,er_gnm,0,n0120-r0000-er_gnm,fhs5,source,0,1440,20817/7,22024/7,106233/7,93713/7,520259/7,34650.77027857517,f9c1146ad617743415b14d6697e662f2e595c68ef055037f718e45cc9edb4673
formal,120,er_gnm,0,n0120-r0000-er_gnm,fhs5,binary_panel,0,1427,20554/7,5515,11030,6942,22060,11030.0,f9c1146ad617743415b14d6697e662f2e595c68ef055037f718e45cc9edb4673
formal,120,er_gnm,0,n0120-r0000-er_gnm,nch,source,0,1440,20817/7,17679/7,132011/7,122142/7,1057859/7,55677.77957323242,f9c1146ad617743415b14d6697e662f2e595c68ef055037f718e45cc9edb4673
formal,120,er_gnm,0,n0120-r0000-er_gnm,nch,binary_panel,0,10069/7,20781/7,28745/7,57490/7,38814/7,114980/7,8212.857142857143,f9c1146ad617743415b14d6697e662f2e595c68ef055037f718e45cc9edb4673
formal,120,sbm_fixed_count,0,n0120-r0000-sbm_fixed_count,demand-aware,source,0,1440,20817/7,3313,112417/7,98664/7,552925/7,36778.95205800158,1a92f38af024c4783776664bab50e38694cec07bd288389d014f4a4a34a499bf
formal,120,sbm_fixed_count,0,n0120-r0000-sbm_fixed_count,demand-aware,binary_panel,0,9456/7,19241/7,5826,11652,50238/7,23304,11652.0,1a92f38af024c4783776664bab50e38694cec07bd288389d014f4a4a34a499bf
formal,120,sbm_fixed_count,0,n0120-r0000-sbm_fixed_count,fhs3,source,0,10019/7,20648/7,27180/7,79409/7,62143/7,233965/7,17623.88243452753,1a92f38af024c4783776664bab50e38694cec07bd288389d014f4a4a34a499bf
formal,120,sbm_fixed_count,0,n0120-r0000-sbm_fixed_count,fhs3,binary_panel,0,9610/7,19629/7,34919/7,69838/7,44529/7,139676/7,9976.857142857143,1a92f38af024c4783776664bab50e38694cec07bd288389d014f4a4a34a499bf
formal,120,sbm_fixed_count,0,n0120-r0000-sbm_fixed_count,fhs5,source,0,1440,20817/7,3313,112417/7,98664/7,552925/7,36778.95205800158,1a92f38af024c4783776664bab50e38694cec07bd288389d014f4a4a34a499bf
formal,120,sbm_fixed_count,0,n0120-r0000-sbm_fixed_count,fhs5,binary_panel,0,9456/7,19241/7,5826,11652,50238/7,23304,11652.0,1a92f38af024c4783776664bab50e38694cec07bd288389d014f4a4a34a499bf
formal,120,sbm_fixed_count,0,n0120-r0000-sbm_fixed_count,nch,source,0,1440,20817/7,18141/7,141096/7,130113/7,167072,60619.76724133197,1a92f38af024c4783776664bab50e38694cec07bd288389d014f4a4a34a499bf
formal,120,sbm_fixed_count,0,n0120-r0000-sbm_fixed_count,nch,binary_panel,0,9798/7,20078/7,29611/7,59222/7,39409/7,118444/7,8460.285714285714,1a92f38af024c4783776664bab50e38694cec07bd288389d014f4a4a34a499bf
formal,120,barabasi_albert,1,n0120-r0001-barabasi_albert,demand-aware,source,0,1440,3013,3164,107431/7,95001/7,527433/7,35124.732306696824,14e2a31be3508f3269a6c140e300cfe19a55b2c8ec2e222e6aebbffe066a50da
formal,120,barabasi_albert,1,n0120-r0001-barabasi_albert,demand-aware,binary_panel,0,9694/7,2851,35097/7,70194/7,44791/7,140388/7,10027.714285714286,14e2a31be3508f3269a6c140e300cfe19a55b2c8ec2e222e6aebbffe066a50da
formal,120,barabasi_albert,1,n0120-r0001-barabasi_albert,fhs3,source,0,1440,3013,25064/7,74360/7,59319/7,221416/7,16697.776278917878,14e2a31be3508f3269a6c140e300cfe19a55b2c8ec2e222e6aebbffe066a50da
formal,120,barabasi_albert,1,n0120-r0001-barabasi_albert,fhs3,binary_panel,0,9735/7,40255/14,62149/14,62149/7,81619/14,124298/7,8878.42857142857,14e2a31be3508f3269a6c140e300cfe19a55b2c8ec2e222e6aebbffe066a50da
formal,120,barabasi_albert,1,n0120-r0001-barabasi_albert,fhs5,source,0,1440,3013,3164,107431/7,95001/7,527433/7,35124.732306696824,14e2a31be3508f3269a6c140e300cfe19a55b2c8ec2e222e6aebbffe066a50da
formal,120,barabasi_albert,1,n0120-r0001-barabasi_albert,fhs5,binary_panel,0,9694/7,2851,35097/7,70194/7,44791/7,140388/7,10027.714285714286,14e2a31be3508f3269a6c140e300cfe19a55b2c8ec2e222e6aebbffe066a50da
formal,120,barabasi_albert,1,n0120-r0001-barabasi_albert,nch,source,0,1440,3013,16361/7,206505/7,193192/7,3569873/7,115267.08343176593,14e2a31be3508f3269a6c140e300cfe19a55b2c8ec2e222e6aebbffe066a50da
formal,120,barabasi_albert,1,n0120-r0001-barabasi_albert,nch,binary_panel,0,9805/7,20275/7,57121/14,57121/7,76731/14,114242/7,8160.142857142857,14e2a31be3508f3269a6c140e300cfe19a55b2c8ec2e222e6aebbffe066a50da
formal,120,er_gnm,1,n0120-r0001-er_gnm,demand-aware,source,0,10078/7,21082/7,22010/7,107175/7,13540,527841/7,35120.200108254285,2868af1e3e3e174a849258fa35bbb5b682d0b6beff0aec95495f1839483f98fc
formal,120,er_gnm,1,n0120-r0001-er_gnm,demand-aware,binary_panel,0,9972/7,20788/7,38309/7,76618/7,48281/7,153236/7,10945.42857142857,2868af1e3e3e174a849258fa35bbb5b682d0b6beff0aec95495f1839483f98fc
formal,120,er_gnm,1,n0120-r0001-er_gnm,fhs3,source,0,1439,21055/7,25554/7,74947/7,59415/7,221411/7,16683.109023439272,2868af1e3e3e174a849258fa35bbb5b682d0b6beff0aec95495f1839483f98fc
formal,120,er_gnm,1,n0120-r0001-er_gnm,fhs3,binary_panel,0,10036/7,20942/7,33701/7,67402/7,43737/7,134804/7,9628.857142857143,2868af1e3e3e174a849258fa35bbb5b682d0b6beff0aec95495f1839483f98fc
formal,120,er_gnm,1,n0120-r0001-er_gnm,fhs5,source,0,10078/7,21082/7,22010/7,107175/7,13540,527841/7,35120.200108254285,2868af1e3e3e174a849258fa35bbb5b682d0b6beff0aec95495f1839483f98fc
formal,120,er_gnm,1,n0120-r0001-er_gnm,fhs5,binary_panel,0,9972/7,20788/7,38309/7,76618/7,48281/7,153236/7,10945.42857142857,2868af1e3e3e174a849258fa35bbb5b682d0b6beff0aec95495f1839483f98fc
formal,120,er_gnm,1,n0120-r0001-er_gnm,nch,source,0,1440,3013,17648/7,19085,123535/7,1075303/7,56622.70656329874,2868af1e3e3e174a849258fa35bbb5b682d0b6beff0aec95495f1839483f98fc
formal,120,er_gnm,1,n0120-r0001-er_gnm,nch,binary_panel,0,10064/7,21036/7,28915/7,57830/7,38979/7,115660/7,8261.42857142857,2868af1e3e3e174a849258fa35bbb5b682d0b6beff0aec95495f1839483f98fc
formal,120,sbm_fixed_count,1,n0120-r0001-sbm_fixed_count,demand-aware,source,0,1440,3013,23463/7,114500/7,100263/7,564548/7,37555.95774778539,ae54f711b068dca2201a26ac1cf28479b83f60cd98cff6986a45dec1cb581515
formal,120,sbm_fixed_count,1,n0120-r0001-sbm_fixed_count,demand-aware,binary_panel,0,9486/7,19532/7,41329/7,82658/7,50815/7,165316/7,11808.285714285714,ae54f711b068dca2201a26ac1cf28479b83f60cd98cff6986a45dec1cb581515
formal,120,sbm_fixed_count,1,n0120-r0001-sbm_fixed_count,fhs3,source,0,1430,2989,27718/7,11631,9083,240777/7,18144.390313387008,ae54f711b068dca2201a26ac1cf28479b83f60cd98cff6986a45dec1cb581515
formal,120,sbm_fixed_count,1,n0120-r0001-sbm_fixed_count,fhs3,binary_panel,0,19157/14,39457/14,5108,10216,90669/14,20432,10216.0,ae54f711b068dca2201a26ac1cf28479b83f60cd98cff6986a45dec1cb581515
formal,120,sbm_fixed_count,1,n0120-r0001-sbm_fixed_count,fhs5,source,0,1440,3013,23073/7,112275/7,98499/7,552791/7,36780.75227997682,ae54f711b068dca2201a26ac1cf28479b83f60cd98cff6986a45dec1cb581515
formal,120,sbm_fixed_count,1,n0120-r0001-sbm_fixed_count,fhs5,binary_panel,0,9486/7,19532/7,41329/7,82658/7,50815/7,165316/7,11808.285714285714,ae54f711b068dca2201a26ac1cf28479b83f60cd98cff6986a45dec1cb581515
formal,120,sbm_fixed_count,1,n0120-r0001-sbm_fixed_count,nch,source,0,10079/7,21088/7,18057/7,138703/7,127886/7,1136949/7,59279.50032354637,ae54f711b068dca2201a26ac1cf28479b83f60cd98cff6986a45dec1cb581515
formal,120,sbm_fixed_count,1,n0120-r0001-sbm_fixed_count,nch,binary_panel,0,9755/7,20266/7,4291,8582,39792/7,17164,8582.0,ae54f711b068dca2201a26ac1cf28479b83f60cd98cff6986a45dec1cb581515
formal,120,barabasi_albert,2,n0120-r0002-barabasi_albert,demand-aware,source,0,1440,3038,21956/7,106266/7,93920/7,521806/7,34727.81021419697,89cf17b503953058d2e1df5fed0f5a0b7db3b8749196a909098f808d3dfc648e
formal,120,barabasi_albert,2,n0120-r0002-barabasi_albert,demand-aware,binary_panel,0,19547/14,20351/7,70549/14,70549/7,45048/7,141098/7,10078.42857142857,89cf17b503953058d2e1df5fed0f5a0b7db3b8749196a909098f808d3dfc648e
formal,120,barabasi_albert,2,n0120-r0002-barabasi_albert,fhs3,source,0,1440,3038,25237/7,10551,58648/7,217863/7,16413.076351869768,89cf17b503953058d2e1df5fed0f5a0b7db3b8749196a909098f808d3dfc648e
formal,120,barabasi_albert,2,n0120-r0002-barabasi_albert,fhs3,binary_panel,0,9855/7,2947,31539/7,63078/7,41394/7,126156/7,9011.142857142857,89cf17b503953058d2e1df5fed0f5a0b7db3b8749196a909098f808d3dfc648e
formal,120,barabasi_albert,2,n0120-r0002-barabasi_albert,fhs5,source,0,1440,3038,21956/7,106266/7,93920/7,521806/7,34727.81021419697,89cf17b503953058d2e1df5fed0f5a0b7db3b8749196a909098f808d3dfc648e
formal,120,barabasi_albert,2,n0120-r0002-barabasi_albert,fhs5,binary_panel,0,19547/14,20351/7,70549/14,70549/7,45048/7,141098/7,10078.42857142857,89cf17b503953058d2e1df5fed0f5a0b7db3b8749196a909098f808d3dfc648e
formal,120,barabasi_albert,2,n0120-r0002-barabasi_albert,nch,source,0,1440,3038,16462/7,206279/7,193476/7,486647,113302.53609678794,89cf17b503953058d2e1df5fed0f5a0b7db3b8749196a909098f808d3dfc648e
formal,120,barabasi_albert,2,n0120-r0002-barabasi_albert,nch,binary_panel,0,19833/14,20749/7,29507/7,59014/7,78847/14,118028/7,8430.57142857143,89cf17b503953058d2e1df5fed0f5a0b7db3b8749196a909098f808d3dfc648e
formal,120,er_gnm,2,n0120-r0002-er_gnm,demand-aware,source,0,1440,3038,22068/7,105542/7,93141/7,514130/7,34281.746758572976,c01169cc804a287705d2eef11b6004f10c5dcbe734e720ab68bd5b10cf24a1d0
formal,120,er_gnm,2,n0120-r0002-er_gnm,demand-aware,binary_panel,0,9984/7,2999,38912/7,77824/7,48896/7,155648/7,11117.714285714286,c01169cc804a287705d2eef11b6004f10c5dcbe734e720ab68bd5b10cf24a1d0
formal,120,er_gnm,2,n0120-r0002-er_gnm,fhs3,source,0,1440,3038,3633,74859/7,59470/7,221709/7,16710.14791277382,c01169cc804a287705d2eef11b6004f10c5dcbe734e720ab68bd5b10cf24a1d0
formal,120,er_gnm,2,n0120-r0002-er_gnm,fhs3,binary_panel,0,10006/7,21039/7,34393/7,68786/7,44399/7,137572/7,9826.57142857143,c01169cc804a287705d2eef11b6004f10c5dcbe734e720ab68bd5b10cf24a1d0
formal,120,er_gnm,2,n0120-r0002-er_gnm,fhs5,source,0,1440,3038,22068/7,105542/7,93141/7,514130/7,34281.746758572976,c01169cc804a287705d2eef11b6004f10c5dcbe734e720ab68bd5b10cf24a1d0
formal,120,er_gnm,2,n0120-r0002-er_gnm,fhs5,binary_panel,0,9984/7,2999,38912/7,77824/7,48896/7,155648/7,11117.714285714286,c01169cc804a287705d2eef11b6004f10c5dcbe734e720ab68bd5b10cf24a1d0
formal,120,er_gnm,2,n0120-r0002-er_gnm,nch,source,0,10076/7,21258/7,18022/7,135301/7,124954/7,1101131/7,57433.440988314505,c01169cc804a287705d2eef11b6004f10c5dcbe734e720ab68bd5b10cf24a1d0
formal,120,er_gnm,2,n0120-r0002-er_gnm,nch,binary_panel,0,10049/7,42303/14,8531/2,8531,79815/14,17062,8531.0,c01169cc804a287705d2eef11b6004f10c5dcbe734e720ab68bd5b10cf24a1d0
formal,120,sbm_fixed_count,2,n0120-r0002-sbm_fixed_count,demand-aware,source,0,1440,3038,23460/7,16368,14347,565954/7,37616.18596908702,655e6b4a28982f3e752d3236109629ddb9ea707125681e059f6b0247429472d8
formal,120,sbm_fixed_count,2,n0120-r0002-sbm_fixed_count,demand-aware,binary_panel,0,9398/7,2790,40018/7,80036/7,49416/7,160072/7,11433.714285714286,655e6b4a28982f3e752d3236109629ddb9ea707125681e059f6b0247429472d8
formal,120,sbm_fixed_count,2,n0120-r0002-sbm_fixed_count,fhs3,source,0,9986/7,20999/7,26928/7,78721/7,61652/7,232037/7,17479.468248756377,655e6b4a28982f3e752d3236109629ddb9ea707125681e059f6b0247429472d8
formal,120,sbm_fixed_count,2,n0120-r0002-sbm_fixed_count,fhs3,binary_panel,0,19151/14,19975/7,68659/14,68659/7,43905/7,137318/7,9808.42857142857,655e6b4a28982f3e752d3236109629ddb9ea707125681e059f6b0247429472d8
formal,120,sbm_fixed_count,2,n0120-r0002-sbm_fixed_count,fhs5,source,0,1440,3038,23460/7,16368,14347,565954/7,37616.18596908702,655e6b4a28982f3e752d3236109629ddb9ea707125681e059f6b0247429472d8
formal,120,sbm_fixed_count,2,n0120-r0002-sbm_fixed_count,fhs5,binary_panel,0,9398/7,2790,40018/7,80036/7,49416/7,160072/7,11433.714285714286,655e6b4a28982f3e752d3236109629ddb9ea707125681e059f6b0247429472d8
formal,120,sbm_fixed_count,2,n0120-r0002-sbm_fixed_count,nch,source,0,1440,3038,2545,138395/7,127945/7,1163363/7,59628.31975166878,655e6b4a28982f3e752d3236109629ddb9ea707125681e059f6b0247429472d8
formal,120,sbm_fixed_count,2,n0120-r0002-sbm_fixed_count,nch,binary_panel,0,9860/7,20659/7,29250/7,58500/7,39110/7,117000/7,8357.142857142857,655e6b4a28982f3e752d3236109629ddb9ea707125681e059f6b0247429472d8
formal,120,barabasi_albert,3,n0120-r0003-barabasi_albert,demand-aware,source,0,1440,21382/7,21654/7,105284/7,13346,518414/7,34484.67452607758,e5e43ad4cd05fe73a8fd00ebd3f6b500afcd06a114ecc3ec60f3c6a0981a5cbb
formal,120,barabasi_albert,3,n0120-r0003-barabasi_albert,demand-aware,binary_panel,0,19555/14,20481/7,5044,10088,90171/14,20176,10088.0,e5e43ad4cd05fe73a8fd00ebd3f6b500afcd06a114ecc3ec60f3c6a0981a5cbb
formal,120,barabasi_albert,3,n0120-r0003-barabasi_albert,fhs3,source,0,1440,21382/7,3599,74404/7,59236/7,220862/7,16650.412575280312,e5e43ad4cd05fe73a8fd00ebd3f6b500afcd06a114ecc3ec60f3c6a0981a5cbb
formal,120,barabasi_albert,3,n0120-r0003-barabasi_albert,fhs3,binary_panel,0,9904/7,20877/7,31887/7,63774/7,41791/7,127548/7,9110.57142857143,e5e43ad4cd05fe73a8fd00ebd3f6b500afcd06a114ecc3ec60f3c6a0981a5cbb
formal,120,barabasi_albert,3,n0120-r0003-barabasi_albert,fhs5,source,0,1440,21382/7,21654/7,105284/7,13346,518414/7,34484.67452607758,e5e43ad4cd05fe73a8fd00ebd3f6b500afcd06a114ecc3ec60f3c6a0981a5cbb
formal,120,barabasi_albert,3,n0120-r0003-barabasi_albert,fhs5,binary_panel,0,19555/14,20481/7,5044,10088,90171/14,20176,10088.0,e5e43ad4cd05fe73a8fd00ebd3f6b500afcd06a114ecc3ec60f3c6a0981a5cbb
formal,120,barabasi_albert,3,n0120-r0003-barabasi_albert,nch,source,0,1440,21382/7,16512/7,196519/7,184550/7,3117141/7,106289.7257740777,e5e43ad4cd05fe73a8fd00ebd3f6b500afcd06a114ecc3ec60f3c6a0981a5cbb
formal,120,barabasi_albert,3,n0120-r0003-barabasi_albert,nch,binary_panel,0,9972/7,21047/7,28876/7,57752/7,38848/7,115504/7,8250.285714285714,e5e43ad4cd05fe73a8fd00ebd3f6b500afcd06a114ecc3ec60f3c6a0981a5cbb
formal,120,er_gnm,3,n0120-r0003-er_gnm,demand-aware,source,0,10075/7,21368/7,21997/7,105233/7,92906/7,73173,34171.96222791164,1733febc09a78f5f75e475eff8522ccd2a737be850ea2bf356550eab2f14d3d1
formal,120,er_gnm,3,n0120-r0003-er_gnm,demand-aware,binary_panel,0,9946/7,20971/7,37559/7,75118/7,47505/7,150236/7,10731.142857142857,1733febc09a78f5f75e475eff8522ccd2a737be850ea2bf356550eab2f14d3d1
formal,120,er_gnm,3,n0120-r0003-er_gnm,fhs3,source,0,10077/7,21374/7,25457/7,75451/7,8576,224513/7,16930.096377226433,1733febc09a78f5f75e475eff8522ccd2a737be850ea2bf356550eab2f14d3d1
formal,120,er_gnm,3,n0120-r0003-er_gnm,fhs3,binary_panel,0,10004/7,3021,34152/7,68304/7,6308,136608/7,9757.714285714286,1733febc09a78f5f75e475eff8522ccd2a737be850ea2bf356550eab2f14d3d1
formal,120,er_gnm,3,n0120-r0003-er_gnm,fhs5,source,0,10075/7,21368/7,21997/7,105233/7,92906/7,73173,34171.96222791164,1733febc09a78f5f75e475eff8522ccd2a737be850ea2bf356550eab2f14d3d1
formal,120,er_gnm,3,n0120-r0003-er_gnm,fhs5,binary_panel,0,9946/7,20971/7,37559/7,75118/7,47505/7,150236/7,10731.142857142857,1733febc09a78f5f75e475eff8522ccd2a737be850ea2bf356550eab2f14d3d1
formal,120,er_gnm,3,n0120-r0003-er_gnm,nch,source,0,1440,21382/7,17678/7,135633/7,125553/7,1122879/7,58076.89672004634,1733febc09a78f5f75e475eff8522ccd2a737be850ea2bf356550eab2f14d3d1
formal,120,er_gnm,3,n0120-r0003-er_gnm,nch,binary_panel,0,10054/7,6081/2,57985/14,57985/7,78093/14,115970/7,8283.57142857143,1733febc09a78f5f75e475eff8522ccd2a737be850ea2bf356550eab2f14d3d1
formal,120,sbm_fixed_count,3,n0120-r0003-sbm_fixed_count,demand-aware,source,0,1440,21382/7,22991/7,112220/7,98725/7,552612/7,36790.21557250442,190a46d5451cfc592444e910fd2cc847c4a84a1f1e07c1f4bee62548740fa9b7
formal,120,sbm_fixed_count,3,n0120-r0003-sbm_fixed_count,demand-aware,binary_panel,0,9455/7,19773/7,39981/7,79962/7,49436/7,159924/7,11423.142857142857,190a46d5451cfc592444e910fd2cc847c4a84a1f1e07c1f4bee62548740fa9b7
formal,120,sbm_fixed_count,3,n0120-r0003-sbm_fixed_count,fhs3,source,0,1428,21114/7,3832,11270,61984/7,33358,17598.124332801464,190a46d5451cfc592444e910fd2cc847c4a84a1f1e07c1f4bee62548740fa9b7
formal,120,sbm_fixed_count,3,n0120-r0003-sbm_fixed_count,fhs3,binary_panel,0,9501/7,2844,10085/2,10085,89597/14,20170,10085.0,190a46d5451cfc592444e910fd2cc847c4a84a1f1e07c1f4bee62548740fa9b7
formal,120,sbm_fixed_count,3,n0120-r0003-sbm_fixed_count,fhs5,source,0,1440,21382/7,22863/7,111227/7,97878/7,546633/7,36407.498014426616,190a46d5451cfc592444e910fd2cc847c4a84a1f1e07c1f4bee62548740fa9b7
formal,120,sbm_fixed_count,3,n0120-r0003-sbm_fixed_count,fhs5,binary_panel,0,9455/7,19773/7,39981/7,79962/7,49436/7,159924/7,11423.142857142857,190a46d5451cfc592444e910fd2cc847c4a84a1f1e07c1f4bee62548740fa9b7
formal,120,sbm_fixed_count,3,n0120-r0003-sbm_fixed_count,nch,source,0,1440,21382/7,17916/7,138197/7,127662/7,1125639/7,59001.723979785536,190a46d5451cfc592444e910fd2cc847c4a84a1f1e07c1f4bee62548740fa9b7
formal,120,sbm_fixed_count,3,n0120-r0003-sbm_fixed_count,nch,binary_panel,0,19601/14,20599/7,28923/7,57846/7,77447/14,115692/7,8263.714285714286,190a46d5451cfc592444e910fd2cc847c4a84a1f1e07c1f4bee62548740fa9b7
formal,120,barabasi_albert,4,n0120-r0004-barabasi_albert,demand-aware,source,0,1440,21020/7,21996/7,106273/7,94139/7,520063/7,34666.99759614774,e438710ee957788d0697aff838807aeda6566ebbb14b367a9187857187280b2d
formal,120,barabasi_albert,4,n0120-r0004-barabasi_albert,demand-aware,binary_panel,0,19179/14,38993/14,35704/7,71408/7,12941/2,142816/7,10201.142857142857,e438710ee957788d0697aff838807aeda6566ebbb14b367a9187857187280b2d
formal,120,barabasi_albert,4,n0120-r0004-barabasi_albert,fhs3,source,0,1440,21020/7,25094/7,74234/7,59162/7,220606/7,16633.14641100325,e438710ee957788d0697aff838807aeda6566ebbb14b367a9187857187280b2d
formal,120,barabasi_albert,4,n0120-r0004-barabasi_albert,fhs3,binary_panel,0,1398,20138/7,31078/7,62156/7,40864/7,124312/7,8879.42857142857,e438710ee957788d0697aff838807aeda6566ebbb14b367a9187857187280b2d
formal,120,barabasi_albert,4,n0120-r0004-barabasi_albert,fhs5,source,0,1440,21020/7,21996/7,106273/7,94139/7,520063/7,34666.99759614774,e438710ee957788d0697aff838807aeda6566ebbb14b367a9187857187280b2d
formal,120,barabasi_albert,4,n0120-r0004-barabasi_albert,fhs5,binary_panel,0,19179/14,38993/14,35704/7,71408/7,12941/2,142816/7,10201.142857142857,e438710ee957788d0697aff838807aeda6566ebbb14b367a9187857187280b2d
formal,120,barabasi_albert,4,n0120-r0004-barabasi_albert,nch,source,0,1440,21020/7,16528/7,197851/7,185173/7,3087131/7,107132.04961608633,e438710ee957788d0697aff838807aeda6566ebbb14b367a9187857187280b2d
formal,120,barabasi_albert,4,n0120-r0004-barabasi_albert,nch,binary_panel,0,9909/7,20478/7,28856/7,57712/7,38765/7,115424/7,8244.57142857143,e438710ee957788d0697aff838807aeda6566ebbb14b367a9187857187280b2d
formal,120,er_gnm,4,n0120-r0004-er_gnm,demand-aware,source,0,1440,21020/7,21885/7,15005,92808/7,73279,34183.98970994514,d153c6cac302a318588d1bb463e6a6b74ff50c545f0f89742882d2dd0b55e59a
formal,120,er_gnm,4,n0120-r0004-er_gnm,demand-aware,binary_panel,0,9949/7,20620/7,5577,11154,48988/7,22308,11154.0,d153c6cac302a318588d1bb463e6a6b74ff50c545f0f89742882d2dd0b55e59a
formal,120,er_gnm,4,n0120-r0004-er_gnm,fhs3,source,0,1440,21020/7,25440/7,10668,59261/7,220740/7,16633.614714497413,d153c6cac302a318588d1bb463e6a6b74ff50c545f0f89742882d2dd0b55e59a
formal,120,er_gnm,4,n0120-r0004-er_gnm,fhs3,binary_panel,0,20067/14,41763/14,4953,9906,89409/14,19812,9906.0,d153c6cac302a318588d1bb463e6a6b74ff50c545f0f89742882d2dd0b55e59a
formal,120,er_gnm,4,n0120-r0004-er_gnm,fhs5,source,0,1440,21020/7,21964/7,106205/7,93871/7,520481/7,34673.35223612613,d153c6cac302a318588d1bb463e6a6b74ff50c545f0f89742882d2dd0b55e59a
formal,120,er_gnm,4,n0120-r0004-er_gnm,fhs5,binary_panel,0,9949/7,20620/7,5577,11154,48988/7,22308,11154.0,d153c6cac302a318588d1bb463e6a6b74ff50c545f0f89742882d2dd0b55e59a
formal,120,er_gnm,4,n0120-r0004-er_gnm,nch,source,0,1440,21020/7,17761/7,19233,124644/7,158515,57395.53210065128,d153c6cac302a318588d1bb463e6a6b74ff50c545f0f89742882d2dd0b55e59a
formal,120,er_gnm,4,n0120-r0004-er_gnm,nch,binary_panel,0,20115/14,41899/14,29423/7,58846/7,78961/14,117692/7,8406.57142857143,d153c6cac302a318588d1bb463e6a6b74ff50c545f0f89742882d2dd0b55e59a
formal,120,sbm_fixed_count,4,n0120-r0004-sbm_fixed_count,demand-aware,source,0,1440,21020/7,23165/7,112727/7,98962/7,554997/7,36926.64479754725,54ec2106e20c87cde098b01cba3e61ad705abb6941d297659ad698d35cf7f47c
formal,120,sbm_fixed_count,4,n0120-r0004-sbm_fixed_count,demand-aware,binary_panel,0,18771/14,38629/14,39895/7,79790/7,98561/14,159580/7,11398.57142857143,54ec2106e20c87cde098b01cba3e61ad705abb6941d297659ad698d35cf7f47c
formal,120,sbm_fixed_count,4,n0120-r0004-sbm_fixed_count,fhs3,source,0,9879/7,2924,27022/7,79642/7,62371/7,236078/7,17794.80146862578,54ec2106e20c87cde098b01cba3e61ad705abb6941d297659ad698d35cf7f47c
formal,120,sbm_fixed_count,4,n0120-r0004-sbm_fixed_count,fhs3,binary_panel,0,9459/7,19531/7,34533/7,69066/7,43992/7,138132/7,9866.57142857143,54ec2106e20c87cde098b01cba3e61ad705abb6941d297659ad698d35cf7f47c
formal,120,sbm_fixed_count,4,n0120-r0004-sbm_fixed_count,fhs5,source,0,1440,21020/7,23165/7,112727/7,98962/7,554997/7,36926.64479754725,54ec2106e20c87cde098b01cba3e61ad705abb6941d297659ad698d35cf7f47c
formal,120,sbm_fixed_count,4,n0120-r0004-sbm_fixed_count,fhs5,binary_panel,0,18771/14,38629/14,39895/7,79790/7,98561/14,159580/7,11398.57142857143,54ec2106e20c87cde098b01cba3e61ad705abb6941d297659ad698d35cf7f47c
formal,120,sbm_fixed_count,4,n0120-r0004-sbm_fixed_count,nch,source,0,1440,21020/7,18023/7,144912/7,134026/7,1236330/7,63193.06628726756,54ec2106e20c87cde098b01cba3e61ad705abb6941d297659ad698d35cf7f47c
formal,120,sbm_fixed_count,4,n0120-r0004-sbm_fixed_count,nch,binary_panel,0,9598/7,2831,58879/14,58879/7,78075/14,117758/7,8411.285714285714,54ec2106e20c87cde098b01cba3e61ad705abb6941d297659ad698d35cf7f47c
formal,120,barabasi_albert,5,n0120-r0005-barabasi_albert,demand-aware,source,0,1440,2998,3142,105346/7,93214/7,513710/7,34245.64941150321,0159f04ed232808474dbcb8d183e4c1ca33a24411cd46b9fdb304094b4a8d128
formal,120,barabasi_albert,5,n0120-r0005-barabasi_albert,demand-aware,binary_panel,0,9735/7,19877/7,33858/7,67716/7,43593/7,135432/7,9673.714285714286,0159f04ed232808474dbcb8d183e4c1ca33a24411cd46b9fdb304094b4a8d128
formal,120,barabasi_albert,5,n0120-r0005-barabasi_albert,fhs3,source,0,10075/7,20956/7,25049/7,73623/7,58552/7,217821/7,16415.246926913656,0159f04ed232808474dbcb8d183e4c1ca33a24411cd46b9fdb304094b4a8d128
formal,120,barabasi_albert,5,n0120-r0005-barabasi_albert,fhs3,binary_panel,0,19627/14,40231/14,4384,8768,81003/14,17536,8768.0,0159f04ed232808474dbcb8d183e4c1ca33a24411cd46b9fdb304094b4a8d128
formal,120,barabasi_albert,5,n0120-r0005-barabasi_albert,fhs5,source,0,1440,2998,3142,105346/7,93214/7,513710/7,34245.64941150321,0159f04ed232808474dbcb8d183e4c1ca33a24411cd46b9fdb304094b4a8d128
formal,120,barabasi_albert,5,n0120-r0005-barabasi_albert,fhs5,binary_panel,0,9735/7,19877/7,33858/7,67716/7,43593/7,135432/7,9673.714285714286,0159f04ed232808474dbcb8d183e4c1ca33a24411cd46b9fdb304094b4a8d128
formal,120,barabasi_albert,5,n0120-r0005-barabasi_albert,nch,source,0,1440,2998,16249/7,220910/7,207533/7,4127854/7,126583.57637606797,0159f04ed232808474dbcb8d183e4c1ca33a24411cd46b9fdb304094b4a8d128
formal,120,barabasi_albert,5,n0120-r0005-barabasi_albert,nch,binary_panel,0,9955/7,20513/7,28730/7,57460/7,38685/7,114920/7,8208.57142857143,0159f04ed232808474dbcb8d183e4c1ca33a24411cd46b9fdb304094b4a8d128
formal,120,er_gnm,5,n0120-r0005-er_gnm,demand-aware,source,0,1440,2998,21894/7,105947/7,93568/7,519577/7,34603.49552461945,b7f6d4fc969bdd369c1b9d83e69b2d6e37f07849cfb72dd94f57993ea76ee615
formal,120,er_gnm,5,n0120-r0005-er_gnm,demand-aware,binary_panel,0,1430,20803/7,38407/7,76814/7,48417/7,153628/7,10973.42857142857,b7f6d4fc969bdd369c1b9d83e69b2d6e37f07849cfb72dd94f57993ea76ee615
formal,120,er_gnm,5,n0120-r0005-er_gnm,fhs3,source,0,1440,2998,3625,10626,59029/7,31380,16550.500207303867,b7f6d4fc969bdd369c1b9d83e69b2d6e37f07849cfb72dd94f57993ea76ee615
formal,120,er_gnm,5,n0120-r0005-er_gnm,fhs3,binary_panel,0,20053/14,20836/7,67793/14,67793/7,43923/7,135586/7,9684.714285714286,b7f6d4fc969bdd369c1b9d83e69b2d6e37f07849cfb72dd94f57993ea76ee615
formal,120,er_gnm,5,n0120-r0005-er_gnm,fhs5,source,0,1440,2998,21894/7,105947/7,93568/7,519577/7,34603.49552461945,b7f6d4fc969bdd369c1b9d83e69b2d6e37f07849cfb72dd94f57993ea76ee615
formal,120,er_gnm,5,n0120-r0005-er_gnm,fhs5,binary_panel,0,1430,20803/7,38407/7,76814/7,48417/7,153628/7,10973.42857142857,b7f6d4fc969bdd369c1b9d83e69b2d6e37f07849cfb72dd94f57993ea76ee615
formal,120,er_gnm,5,n0120-r0005-er_gnm,nch,source,0,1440,2998,17613/7,134620/7,124723/7,1125048/7,57688.361449803924,b7f6d4fc969bdd369c1b9d83e69b2d6e37f07849cfb72dd94f57993ea76ee615
formal,120,er_gnm,5,n0120-r0005-er_gnm,nch,binary_panel,0,10053/7,2985,28827/7,57654/7,38880/7,115308/7,8236.285714285714,b7f6d4fc969bdd369c1b9d83e69b2d6e37f07849cfb72dd94f57993ea76ee615
formal,120,sbm_fixed_count,5,n0120-r0005-sbm_fixed_count,demand-aware,source,0,1440,2998,23047/7,112551/7,98928/7,555055/7,36924.6513997886,dba662cf3635b73f8d0b2fd08cd5536fbb8333703ee328283056bd07adac7757
formal,120,sbm_fixed_count,5,n0120-r0005-sbm_fixed_count,demand-aware,binary_panel,0,9313/7,19064/7,78119/14,78119/7,96745/14,156238/7,11159.857142857143,dba662cf3635b73f8d0b2fd08cd5536fbb8333703ee328283056bd07adac7757
formal,120,sbm_fixed_count,5,n0120-r0005-sbm_fixed_count,fhs3,source,0,10022/7,20799/7,26787/7,79104/7,62242/7,234798/7,17700.896847176195,dba662cf3635b73f8d0b2fd08cd5536fbb8333703ee328283056bd07adac7757
formal,120,sbm_fixed_count,5,n0120-r0005-sbm_fixed_count,fhs3,binary_panel,0,2715/2,19498/7,35029/7,70058/7,89063/14,140116/7,10008.285714285714,dba662cf3635b73f8d0b2fd08cd5536fbb8333703ee328283056bd07adac7757
formal,120,sbm_fixed_count,5,n0120-r0005-sbm_fixed_count,fhs5,source,0,1440,2998,23047/7,112551/7,98928/7,555055/7,36924.6513997886,dba662cf3635b73f8d0b2fd08cd5536fbb8333703ee328283056bd07adac7757
formal,120,sbm_fixed_count,5,n0120-r0005-sbm_fixed_count,fhs5,binary_panel,0,9313/7,19064/7,78119/14,78119/7,96745/14,156238/7,11159.857142857143,dba662cf3635b73f8d0b2fd08cd5536fbb8333703ee328283056bd07adac7757
formal,120,sbm_fixed_count,5,n0120-r0005-sbm_fixed_count,nch,source,0,1440,2998,17768/7,137223/7,126949/7,1143655/7,58951.48927718069,dba662cf3635b73f8d0b2fd08cd5536fbb8333703ee328283056bd07adac7757
formal,120,sbm_fixed_count,5,n0120-r0005-sbm_fixed_count,nch,binary_panel,0,19745/14,20367/7,57769/14,57769/7,38757/7,115538/7,8252.714285714286,dba662cf3635b73f8d0b2fd08cd5536fbb8333703ee328283056bd07adac7757
formal,120,barabasi_albert,6,n0120-r0006-barabasi_albert,demand-aware,source,0,1440,21082/7,21808/7,14947,92577/7,510975/7,34048.95995878455,3222f6972cb78a71b77f8a1b31a4642b154b3565579b9d59ba4102c9314cd85d
formal,120,barabasi_albert,6,n0120-r0006-barabasi_albert,demand-aware,binary_panel,0,9735/7,2858,34435/7,68870/7,6310,137740/7,9838.57142857143,3222f6972cb78a71b77f8a1b31a4642b154b3565579b9d59ba4102c9314cd85d
formal,120,barabasi_albert,6,n0120-r0006-barabasi_albert,fhs3,source,0,1440,21082/7,3568,73275/7,8327,216519/7,16314.891601851223,3222f6972cb78a71b77f8a1b31a4642b154b3565579b9d59ba4102c9314cd85d
formal,120,barabasi_albert,6,n0120-r0006-barabasi_albert,fhs3,binary_panel,0,19769/14,40879/14,31070/7,62140/7,81909/14,124280/7,8877.142857142857,3222f6972cb78a71b77f8a1b31a4642b154b3565579b9d59ba4102c9314cd85d
formal,120,barabasi_albert,6,n0120-r0006-barabasi_albert,fhs5,source,0,1440,21082/7,21808/7,14947,92577/7,510975/7,34048.95995878455,3222f6972cb78a71b77f8a1b31a4642b154b3565579b9d59ba4102c9314cd85d
formal,120,barabasi_albert,6,n0120-r0006-barabasi_albert,fhs5,binary_panel,0,9735/7,2858,34435/7,68870/7,6310,137740/7,9838.57142857143,3222f6972cb78a71b77f8a1b31a4642b154b3565579b9d59ba4102c9314cd85d
formal,120,barabasi_albert,6,n0120-r0006-barabasi_albert,nch,source,0,1440,21082/7,16081/7,224081/7,211607/7,4681077/7,131665.3977707015,3222f6972cb78a71b77f8a1b31a4642b154b3565579b9d59ba4102c9314cd85d
formal,120,barabasi_albert,6,n0120-r0006-barabasi_albert,nch,binary_panel,0,9945/7,20625/7,56389/14,56389/7,10897/2,112778/7,8055.571428571428,3222f6972cb78a71b77f8a1b31a4642b154b3565579b9d59ba4102c9314cd85d
formal,120,er_gnm,6,n0120-r0006-er_gnm,demand-aware,source,0,1440,21082/7,21704/7,105277/7,93173/7,518179/7,34459.884549585615,80d06bdb0edd9ece2876e37e9859e6f4e40a131238e174096f830519b2ab678a
formal,120,er_gnm,6,n0120-r0006-er_gnm,demand-aware,binary_panel,0,9978/7,41567/14,76609/14,76609/7,13795/2,153218/7,10944.142857142857,80d06bdb0edd9ece2876e37e9859e6f4e40a131238e174096f830519b2ab678a
formal,120,er_gnm,6,n0120-r0006-er_gnm,fhs3,source,0,1440,21082/7,25234/7,74603/7,8483,221611/7,16708.172837816473,80d06bdb0edd9ece2876e37e9859e6f4e40a131238e174096f830519b2ab678a
formal,120,er_gnm,6,n0120-r0006-er_gnm,fhs3,binary_panel,0,1429,20864/7,33722/7,67444/7,43725/7,134888/7,9634.857142857143,80d06bdb0edd9ece2876e37e9859e6f4e40a131238e174096f830519b2ab678a
formal,120,er_gnm,6,n0120-r0006-er_gnm,fhs5,source,0,1440,21082/7,21704/7,105277/7,93173/7,518179/7,34459.884549585615,80d06bdb0edd9ece2876e37e9859e6f4e40a131238e174096f830519b2ab678a
formal,120,er_gnm,6,n0120-r0006-er_gnm,fhs5,binary_panel,0,9978/7,41567/14,76609/14,76609/7,13795/2,153218/7,10944.142857142857,80d06bdb0edd9ece2876e37e9859e6f4e40a131238e174096f830519b2ab678a
formal,120,er_gnm,6,n0120-r0006-er_gnm,nch,source,0,1440,21082/7,17807/7,138618/7,18321,165228,59646.78568639482,80d06bdb0edd9ece2876e37e9859e6f4e40a131238e174096f830519b2ab678a
formal,120,er_gnm,6,n0120-r0006-er_gnm,nch,binary_panel,0,10043/7,20988/7,29691/7,59382/7,39734/7,118764/7,8483.142857142857,80d06bdb0edd9ece2876e37e9859e6f4e40a131238e174096f830519b2ab678a
formal,120,sbm_fixed_count,6,n0120-r0006-sbm_fixed_count,demand-aware,source,0,1440,21082/7,3264,111487/7,97932/7,78361,36532.172249075564,93b7e1ebf9d1805892651707898a26141dfaab0846ed7a2350151eeaf7c40adc
formal,120,sbm_fixed_count,6,n0120-r0006-sbm_fixed_count,demand-aware,binary_panel,0,9603/7,39615/14,80681/14,80681/7,99887/14,161362/7,11525.857142857143,93b7e1ebf9d1805892651707898a26141dfaab0846ed7a2350151eeaf7c40adc
formal,120,sbm_fixed_count,6,n0120-r0006-sbm_fixed_count,fhs3,source,0,10029/7,20915/7,27446/7,80730/7,9027,238974/7,18010.3976115571,93b7e1ebf9d1805892651707898a26141dfaab0846ed7a2350151eeaf7c40adc
formal,120,sbm_fixed_count,6,n0120-r0006-sbm_fixed_count,fhs3,binary_panel,0,19423/14,40235/14,35204/7,70408/7,12833/2,140816/7,10058.285714285714,93b7e1ebf9d1805892651707898a26141dfaab0846ed7a2350151eeaf7c40adc
formal,120,sbm_fixed_count,6,n0120-r0006-sbm_fixed_count,fhs5,source,0,1440,21082/7,3264,111487/7,97932/7,78361,36532.172249075564,93b7e1ebf9d1805892651707898a26141dfaab0846ed7a2350151eeaf7c40adc
formal,120,sbm_fixed_count,6,n0120-r0006-sbm_fixed_count,fhs5,binary_panel,0,9603/7,39615/14,80681/14,80681/7,99887/14,161362/7,11525.857142857143,93b7e1ebf9d1805892651707898a26141dfaab0846ed7a2350151eeaf7c40adc
formal,120,sbm_fixed_count,6,n0120-r0006-sbm_fixed_count,nch,source,0,1440,21082/7,17848/7,134041/7,123654/7,1077523/7,56657.15637436918,93b7e1ebf9d1805892651707898a26141dfaab0846ed7a2350151eeaf7c40adc
formal,120,sbm_fixed_count,6,n0120-r0006-sbm_fixed_count,nch,binary_panel,0,9819/7,20406/7,29287/7,58574/7,39106/7,117148/7,8367.714285714286,93b7e1ebf9d1805892651707898a26141dfaab0846ed7a2350151eeaf7c40adc
formal,120,barabasi_albert,7,n0120-r0007-barabasi_albert,demand-aware,source,0,1440,21325/7,21661/7,105590/7,93682/7,521348/7,34646.407952980975,2ee3697628b9890af84c9a9aed666f81ebdfe80d91eba8db72fd0cc125337300
formal,120,barabasi_albert,7,n0120-r0007-barabasi_albert,demand-aware,binary_panel,0,2763/2,19946/7,34393/7,68786/7,88127/14,137572/7,9826.57142857143,2ee3697628b9890af84c9a9aed666f81ebdfe80d91eba8db72fd0cc125337300
formal,120,barabasi_albert,7,n0120-r0007-barabasi_albert,fhs3,source,0,1440,21325/7,24748/7,72873/7,58166/7,215877/7,16271.000734010771,2ee3697628b9890af84c9a9aed666f81ebdfe80d91eba8db72fd0cc125337300
formal,120,barabasi_albert,7,n0120-r0007-barabasi_albert,fhs3,binary_panel,0,9794/7,20350/7,30451/7,60902/7,40245/7,121804/7,8700.285714285714,2ee3697628b9890af84c9a9aed666f81ebdfe80d91eba8db72fd0cc125337300
formal,120,barabasi_albert,7,n0120-r0007-barabasi_albert,fhs5,source,0,1440,21325/7,21661/7,105590/7,93682/7,521348/7,34646.407952980975,2ee3697628b9890af84c9a9aed666f81ebdfe80d91eba8db72fd0cc125337300
formal,120,barabasi_albert,7,n0120-r0007-barabasi_albert,fhs5,binary_panel,0,2763/2,19946/7,34393/7,68786/7,88127/14,137572/7,9826.57142857143,2ee3697628b9890af84c9a9aed666f81ebdfe80d91eba8db72fd0cc125337300
formal,120,barabasi_albert,7,n0120-r0007-barabasi_albert,nch,source,0,1440,21325/7,16008/7,242441/7,32581,5329251/7,146240.32740495953,2ee3697628b9890af84c9a9aed666f81ebdfe80d91eba8db72fd0cc125337300
formal,120,barabasi_albert,7,n0120-r0007-barabasi_albert,nch,binary_panel,0,9915/7,20688/7,57293/14,57293/7,77123/14,114586/7,8184.714285714285,2ee3697628b9890af84c9a9aed666f81ebdfe80d91eba8db72fd0cc125337300
formal,120,er_gnm,7,n0120-r0007-er_gnm,demand-aware,source,0,10075/7,21318/7,22040/7,105498/7,92993/7,515202/7,34312.29681796151,a3937165b035766a86aaa6be695268b92a25e8128cec6c44f5bea778dce2ae70
formal,120,er_gnm,7,n0120-r0007-er_gnm,demand-aware,binary_panel,0,19959/14,41999/14,37964/7,75928/7,95887/14,151856/7,10846.857142857143,a3937165b035766a86aaa6be695268b92a25e8128cec6c44f5bea778dce2ae70
formal,120,er_gnm,7,n0120-r0007-er_gnm,fhs3,source,0,10070/7,21306/7,3638,74819/7,59369/7,221299/7,16676.85682345411,a3937165b035766a86aaa6be695268b92a25e8128cec6c44f5bea778dce2ae70
formal,120,er_gnm,7,n0120-r0007-er_gnm,fhs3,binary_panel,0,10053/7,42457/14,67775/14,67775/7,87881/14,135550/7,9682.142857142857,a3937165b035766a86aaa6be695268b92a25e8128cec6c44f5bea778dce2ae70
formal,120,er_gnm,7,n0120-r0007-er_gnm,fhs5,source,0,10075/7,21318/7,22040/7,105498/7,92993/7,515202/7,34312.29681796151,a3937165b035766a86aaa6be695268b92a25e8128cec6c44f5bea778dce2ae70
formal,120,er_gnm,7,n0120-r0007-er_gnm,fhs5,binary_panel,0,19959/14,41999/14,37964/7,75928/7,95887/14,151856/7,10846.857142857143,a3937165b035766a86aaa6be695268b92a25e8128cec6c44f5bea778dce2ae70
formal,120,er_gnm,7,n0120-r0007-er_gnm,nch,source,0,1440,21325/7,17951/7,19477,125866/7,1115883/7,58085.276753336795,a3937165b035766a86aaa6be695268b92a25e8128cec6c44f5bea778dce2ae70
formal,120,er_gnm,7,n0120-r0007-er_gnm,nch,binary_panel,0,20113/14,21251/7,60021/14,60021/7,40067/7,120042/7,8574.42857142857,a3937165b035766a86aaa6be695268b92a25e8128cec6c44f5bea778dce2ae70
formal,120,sbm_fixed_count,7,n0120-r0007-sbm_fixed_count,demand-aware,source,0,1440,21325/7,23314/7,113147/7,99153/7,556289/7,37021.08532754358,312a1f3aceeb08996d3d24d7c0b6fa6eebe631126c97e189077bee8129ad3ebf
formal,120,sbm_fixed_count,7,n0120-r0007-sbm_fixed_count,demand-aware,binary_panel,0,1363,39525/14,80531/14,80531/7,99613/14,161062/7,11504.42857142857,312a1f3aceeb08996d3d24d7c0b6fa6eebe631126c97e189077bee8129ad3ebf
formal,120,sbm_fixed_count,7,n0120-r0007-sbm_fixed_count,fhs3,source,0,9966/7,20980/7,27025/7,80018/7,62841/7,237940/7,17941.274093740132,312a1f3aceeb08996d3d24d7c0b6fa6eebe631126c97e189077bee8129ad3ebf
formal,120,sbm_fixed_count,7,n0120-r0007-sbm_fixed_count,fhs3,binary_panel,0,9654/7,20064/7,35092/7,70184/7,44746/7,140368/7,10026.285714285714,312a1f3aceeb08996d3d24d7c0b6fa6eebe631126c97e189077bee8129ad3ebf
formal,120,sbm_fixed_count,7,n0120-r0007-sbm_fixed_count,fhs5,source,0,1440,21325/7,23314/7,113147/7,99153/7,556289/7,37021.08532754358,312a1f3aceeb08996d3d24d7c0b6fa6eebe631126c97e189077bee8129ad3ebf
formal,120,sbm_fixed_count,7,n0120-r0007-sbm_fixed_count,fhs5,binary_panel,0,1363,39525/14,80531/14,80531/7,99613/14,161062/7,11504.42857142857,312a1f3aceeb08996d3d24d7c0b6fa6eebe631126c97e189077bee8129ad3ebf
formal,120,sbm_fixed_count,7,n0120-r0007-sbm_fixed_count,nch,source,0,1440,21325/7,17992/7,136299/7,17952,1101795/7,57844.826219020004,312a1f3aceeb08996d3d24d7c0b6fa6eebe631126c97e189077bee8129ad3ebf
formal,120,sbm_fixed_count,7,n0120-r0007-sbm_fixed_count,nch,binary_panel,0,9812/7,20540/7,28852/7,57704/7,38664/7,115408/7,8243.42857142857,312a1f3aceeb08996d3d24d7c0b6fa6eebe631126c97e189077bee8129ad3ebf
formal,120,barabasi_albert,8,n0120-r0008-barabasi_albert,demand-aware,source,0,10078/7,3041,22124/7,106759/7,94273/7,74623,34813.93282136872,4686f1da4ff0a0dda01bd211cc9a2de547ac0f3ef43bdd84c6a8e9e2b695808d
formal,120,barabasi_albert,8,n0120-r0008-barabasi_albert,demand-aware,binary_panel,0,9729/7,20243/7,69773/14,69773/7,89231/14,139546/7,9967.57142857143,4686f1da4ff0a0dda01bd211cc9a2de547ac0f3ef43bdd84c6a8e9e2b695808d
formal,120,barabasi_albert,8,n0120-r0008-barabasi_albert,fhs3,source,0,10078/7,21281/7,25192/7,10647,59330/7,221493/7,16700.10839139099,4686f1da4ff0a0dda01bd211cc9a2de547ac0f3ef43bdd84c6a8e9e2b695808d
formal,120,barabasi_albert,8,n0120-r0008-barabasi_albert,fhs3,binary_panel,0,9809/7,20464/7,4452,8904,40973/7,17808,8904.0,4686f1da4ff0a0dda01bd211cc9a2de547ac0f3ef43bdd84c6a8e9e2b695808d
formal,120,barabasi_albert,8,n0120-r0008-barabasi_albert,fhs5,source,0,10078/7,3041,22124/7,106759/7,94273/7,74623,34813.93282136872,4686f1da4ff0a0dda01bd211cc9a2de547ac0f3ef43bdd84c6a8e9e2b695808d
formal,120,barabasi_albert,8,n0120-r0008-barabasi_albert,fhs5,binary_panel,0,9729/7,20243/7,69773/14,69773/7,89231/14,139546/7,9967.57142857143,4686f1da4ff0a0dda01bd211cc9a2de547ac0f3ef43bdd84c6a8e9e2b695808d
formal,120,barabasi_albert,8,n0120-r0008-barabasi_albert,nch,source,0,1440,21293/7,2369,202575/7,27097,3213471/7,110394.9538701191,4686f1da4ff0a0dda01bd211cc9a2de547ac0f3ef43bdd84c6a8e9e2b695808d
formal,120,barabasi_albert,8,n0120-r0008-barabasi_albert,nch,binary_panel,0,9934/7,20835/7,28834/7,57668/7,38768/7,115336/7,8238.285714285714,4686f1da4ff0a0dda01bd211cc9a2de547ac0f3ef43bdd84c6a8e9e2b695808d
formal,120,er_gnm,8,n0120-r0008-er_gnm,demand-aware,source,0,10079/7,3041,21849/7,105572/7,93514/7,517058/7,34452.252478762624,26a9b1664bb2668278e4f4d1ef169169022adbde46e9991371ead4a9b8584383
formal,120,er_gnm,8,n0120-r0008-er_gnm,demand-aware,binary_panel,0,9988/7,20990/7,39213/7,78426/7,49201/7,156852/7,11203.714285714286,26a9b1664bb2668278e4f4d1ef169169022adbde46e9991371ead4a9b8584383
formal,120,er_gnm,8,n0120-r0008-er_gnm,fhs3,source,0,10074/7,21274/7,25390/7,74763/7,59411/7,221475/7,16692.92385205521,26a9b1664bb2668278e4f4d1ef169169022adbde46e9991371ead4a9b8584383
formal,120,er_gnm,8,n0120-r0008-er_gnm,fhs3,binary_panel,0,10042/7,3024,33708/7,67416/7,6250,134832/7,9630.857142857143,26a9b1664bb2668278e4f4d1ef169169022adbde46e9991371ead4a9b8584383
formal,120,er_gnm,8,n0120-r0008-er_gnm,fhs5,source,0,10079/7,3041,21849/7,105572/7,93514/7,517058/7,34452.252478762624,26a9b1664bb2668278e4f4d1ef169169022adbde46e9991371ead4a9b8584383
formal,120,er_gnm,8,n0120-r0008-er_gnm,fhs5,binary_panel,0,9988/7,20990/7,39213/7,78426/7,49201/7,156852/7,11203.714285714286,26a9b1664bb2668278e4f4d1ef169169022adbde46e9991371ead4a9b8584383
formal,120,er_gnm,8,n0120-r0008-er_gnm,nch,source,0,1440,21293/7,17887/7,139264/7,128853/7,1164894/7,59988.33304820851,26a9b1664bb2668278e4f4d1ef169169022adbde46e9991371ead4a9b8584383
formal,120,er_gnm,8,n0120-r0008-er_gnm,nch,binary_panel,0,10032/7,21137/7,29812/7,59624/7,5692,119248/7,8517.714285714286,26a9b1664bb2668278e4f4d1ef169169022adbde46e9991371ead4a9b8584383
formal,120,sbm_fixed_count,8,n0120-r0008-sbm_fixed_count,demand-aware,source,0,1440,21293/7,22902/7,111306/7,97626/7,547564/7,36438.4729372616,b734f545ace8d3bcf65d5a1d594ea7cdd5b57a8369b05a652a3abb9d5e1d159d
formal,120,sbm_fixed_count,8,n0120-r0008-sbm_fixed_count,demand-aware,binary_panel,0,9444/7,19696/7,5590,11180,48574/7,22360,11180.0,b734f545ace8d3bcf65d5a1d594ea7cdd5b57a8369b05a652a3abb9d5e1d159d
formal,120,sbm_fixed_count,8,n0120-r0008-sbm_fixed_count,fhs3,source,0,10000/7,21062/7,3843,79139/7,62138/7,234289/7,17657.5120917594,b734f545ace8d3bcf65d5a1d594ea7cdd5b57a8369b05a652a3abb9d5e1d159d
formal,120,sbm_fixed_count,8,n0120-r0008-sbm_fixed_count,fhs3,binary_panel,0,9546/7,19975/7,34709/7,69418/7,44255/7,138836/7,9916.857142857143,b734f545ace8d3bcf65d5a1d594ea7cdd5b57a8369b05a652a3abb9d5e1d159d
formal,120,sbm_fixed_count,8,n0120-r0008-sbm_fixed_count,fhs5,source,0,1440,21293/7,22902/7,111306/7,97626/7,547564/7,36438.4729372616,b734f545ace8d3bcf65d5a1d594ea7cdd5b57a8369b05a652a3abb9d5e1d159d
formal,120,sbm_fixed_count,8,n0120-r0008-sbm_fixed_count,fhs5,binary_panel,0,9444/7,19696/7,5590,11180,48574/7,22360,11180.0,b734f545ace8d3bcf65d5a1d594ea7cdd5b57a8369b05a652a3abb9d5e1d159d
formal,120,sbm_fixed_count,8,n0120-r0008-sbm_fixed_count,nch,source,0,1440,21293/7,17959/7,135117/7,124692/7,1076391/7,57048.64336959168,b734f545ace8d3bcf65d5a1d594ea7cdd5b57a8369b05a652a3abb9d5e1d159d
formal,120,sbm_fixed_count,8,n0120-r0008-sbm_fixed_count,nch,binary_panel,0,9706/7,20354/7,29409/7,58818/7,39115/7,117636/7,8402.57142857143,b734f545ace8d3bcf65d5a1d594ea7cdd5b57a8369b05a652a3abb9d5e1d159d
formal,120,barabasi_albert,9,n0120-r0009-barabasi_albert,demand-aware,source,0,1440,21236/7,21857/7,105272/7,93028/7,515042/7,34311.955593674546,7aa1c776fe2d94c898f8de36af1e1a8019839b3cb869be0d2ce279caa645df50
formal,120,barabasi_albert,9,n0120-r0009-barabasi_albert,demand-aware,binary_panel,0,9553/7,39047/14,35841/7,71682/7,45394/7,143364/7,10240.285714285714,7aa1c776fe2d94c898f8de36af1e1a8019839b3cb869be0d2ce279caa645df50
formal,120,barabasi_albert,9,n0120-r0009-barabasi_albert,fhs3,source,0,1440,21236/7,24907/7,73390/7,58476/7,217508/7,16394.746821572277,7aa1c776fe2d94c898f8de36af1e1a8019839b3cb869be0d2ce279caa645df50
formal,120,barabasi_albert,9,n0120-r0009-barabasi_albert,fhs3,binary_panel,0,9888/7,20628/7,31025/7,62050/7,40913/7,124100/7,8864.285714285714,7aa1c776fe2d94c898f8de36af1e1a8019839b3cb869be0d2ce279caa645df50
formal,120,barabasi_albert,9,n0120-r0009-barabasi_albert,fhs5,source,0,1440,21236/7,21857/7,105272/7,93028/7,515042/7,34311.955593674546,7aa1c776fe2d94c898f8de36af1e1a8019839b3cb869be0d2ce279caa645df50
formal,120,barabasi_albert,9,n0120-r0009-barabasi_albert,fhs5,binary_panel,0,9553/7,39047/14,35841/7,71682/7,45394/7,143364/7,10240.285714285714,7aa1c776fe2d94c898f8de36af1e1a8019839b3cb869be0d2ce279caa645df50
formal,120,barabasi_albert,9,n0120-r0009-barabasi_albert,nch,source,0,1440,21236/7,16066/7,242154/7,228355/7,5623140/7,147037.9366999154,7aa1c776fe2d94c898f8de36af1e1a8019839b3cb869be0d2ce279caa645df50
formal,120,barabasi_albert,9,n0120-r0009-barabasi_albert,nch,binary_panel,0,9925/7,20697/7,29140/7,58280/7,39065/7,116560/7,8325.714285714286,7aa1c776fe2d94c898f8de36af1e1a8019839b3cb869be0d2ce279caa645df50
formal,120,er_gnm,9,n0120-r0009-er_gnm,demand-aware,source,0,1440,21236/7,22046/7,106465/7,93972/7,521993/7,34754.84995370469,f5f5f3ce5ecfe45daa88c7201c28faeda71ac42585705c18985d1adc3b32320e
formal,120,er_gnm,9,n0120-r0009-er_gnm,demand-aware,binary_panel,0,10028/7,21057/7,38901/7,77802/7,48929/7,155604/7,11114.57142857143,f5f5f3ce5ecfe45daa88c7201c28faeda71ac42585705c18985d1adc3b32320e
formal,120,er_gnm,9,n0120-r0009-er_gnm,fhs3,source,0,10078/7,21227/7,25433/7,74814/7,59415/7,221472/7,16691.435128830108,f5f5f3ce5ecfe45daa88c7201c28faeda71ac42585705c18985d1adc3b32320e
formal,120,er_gnm,9,n0120-r0009-er_gnm,fhs3,binary_panel,0,10069/7,21190/7,34017/7,68034/7,6298,136068/7,9719.142857142857,f5f5f3ce5ecfe45daa88c7201c28faeda71ac42585705c18985d1adc3b32320e
formal,120,er_gnm,9,n0120-r0009-er_gnm,fhs5,source,0,1440,21236/7,22046/7,106465/7,93972/7,521993/7,34754.84995370469,f5f5f3ce5ecfe45daa88c7201c28faeda71ac42585705c18985d1adc3b32320e
formal,120,er_gnm,9,n0120-r0009-er_gnm,fhs5,binary_panel,0,10028/7,21057/7,38901/7,77802/7,48929/7,155604/7,11114.57142857143,f5f5f3ce5ecfe45daa88c7201c28faeda71ac42585705c18985d1adc3b32320e
formal,120,er_gnm,9,n0120-r0009-er_gnm,nch,source,0,1440,21236/7,17771/7,137687/7,127464/7,1129419/7,58958.27407918851,f5f5f3ce5ecfe45daa88c7201c28faeda71ac42585705c18985d1adc3b32320e
formal,120,er_gnm,9,n0120-r0009-er_gnm,nch,binary_panel,0,10061/7,21164/7,29466/7,58932/7,39527/7,117864/7,8418.857142857143,f5f5f3ce5ecfe45daa88c7201c28faeda71ac42585705c18985d1adc3b32320e
formal,120,sbm_fixed_count,9,n0120-r0009-sbm_fixed_count,demand-aware,source,0,1440,21236/7,23080/7,111816/7,98180/7,78538,36572.95845689711,fc65679c098ff471f875add47a3fa8406c2ad79c8757e77c5893c1dc3e072727
formal,120,sbm_fixed_count,9,n0120-r0009-sbm_fixed_count,demand-aware,binary_panel,0,9405/7,19386/7,40022/7,80044/7,7061,160088/7,11434.857142857143,fc65679c098ff471f875add47a3fa8406c2ad79c8757e77c5893c1dc3e072727
formal,120,sbm_fixed_count,9,n0120-r0009-sbm_fixed_count,fhs3,source,0,9820/7,20525/7,26966/7,78802/7,61559/7,232214/7,17492.29316840078,fc65679c098ff471f875add47a3fa8406c2ad79c8757e77c5893c1dc3e072727
formal,120,sbm_fixed_count,9,n0120-r0009-sbm_fixed_count,fhs3,binary_panel,0,9508/7,19623/7,34920/7,69840/7,44428/7,139680/7,9977.142857142857,fc65679c098ff471f875add47a3fa8406c2ad79c8757e77c5893c1dc3e072727
formal,120,sbm_fixed_count,9,n0120-r0009-sbm_fixed_count,fhs5,source,0,1440,21236/7,23080/7,111816/7,98180/7,78538,36572.95845689711,fc65679c098ff471f875add47a3fa8406c2ad79c8757e77c5893c1dc3e072727
formal,120,sbm_fixed_count,9,n0120-r0009-sbm_fixed_count,fhs5,binary_panel,0,9405/7,19386/7,40022/7,80044/7,7061,160088/7,11434.857142857143,fc65679c098ff471f875add47a3fa8406c2ad79c8757e77c5893c1dc3e072727
formal,120,sbm_fixed_count,9,n0120-r0009-sbm_fixed_count,nch,source,0,1440,21236/7,18040/7,144470/7,133451/7,1243226/7,63074.94396048951,fc65679c098ff471f875add47a3fa8406c2ad79c8757e77c5893c1dc3e072727
formal,120,sbm_fixed_count,9,n0120-r0009-sbm_fixed_count,nch,binary_panel,0,9698/7,20144/7,29404/7,58808/7,5586,117616/7,8401.142857142857,fc65679c098ff471f875add47a3fa8406c2ad79c8757e77c5893c1dc3e072727
formal,120,barabasi_albert,10,n0120-r0010-barabasi_albert,demand-aware,source,0,1440,20946/7,21692/7,104968/7,93057/7,515654/7,34308.15610642893,15070cc6609fc27fb39939454c3d29a9dc40a40794edbf65ebb08a038f130415
formal,120,barabasi_albert,10,n0120-r0010-barabasi_albert,demand-aware,binary_panel,0,9728/7,19821/7,34225/7,68450/7,6279,136900/7,9778.57142857143,15070cc6609fc27fb39939454c3d29a9dc40a40794edbf65ebb08a038f130415
formal,120,barabasi_albert,10,n0120-r0010-barabasi_albert,fhs3,source,0,1440,20946/7,24865/7,73181/7,58349/7,216715/7,16333.552401890787,15070cc6609fc27fb39939454c3d29a9dc40a40794edbf65ebb08a038f130415
formal,120,barabasi_albert,10,n0120-r0010-barabasi_albert,fhs3,binary_panel,0,9845/7,40361/14,4458,8916,41051/7,17832,8916.0,15070cc6609fc27fb39939454c3d29a9dc40a40794edbf65ebb08a038f130415
formal,120,barabasi_albert,10,n0120-r0010-barabasi_albert,fhs5,source,0,1440,20946/7,21692/7,104968/7,93057/7,515654/7,34308.15610642893,15070cc6609fc27fb39939454c3d29a9dc40a40794edbf65ebb08a038f130415
formal,120,barabasi_albert,10,n0120-r0010-barabasi_albert,fhs5,binary_panel,0,9728/7,19821/7,34225/7,68450/7,6279,136900/7,9778.57142857143,15070cc6609fc27fb39939454c3d29a9dc40a40794edbf65ebb08a038f130415
formal,120,barabasi_albert,10,n0120-r0010-barabasi_albert,nch,source,0,10079/7,20940/7,16238/7,199837/7,187914/7,507273,111134.40793059584,15070cc6609fc27fb39939454c3d29a9dc40a40794edbf65ebb08a038f130415
formal,120,barabasi_albert,10,n0120-r0010-barabasi_albert,nch,binary_panel,0,9913/7,2912,29062/7,58124/7,38975/7,116248/7,8303.42857142857,15070cc6609fc27fb39939454c3d29a9dc40a40794edbf65ebb08a038f130415
formal,120,er_gnm,10,n0120-r0010-er_gnm,demand-aware,source,0,10079/7,20940/7,22131/7,105722/7,13316,514366/7,34315.74268154295,a6703371ea0b85bf828cdfddd1bc0fb2f01f822ba1e4089fc5cd85893fb0474e
formal,120,er_gnm,10,n0120-r0010-er_gnm,demand-aware,binary_panel,0,10035/7,20794/7,38611/7,77222/7,48646/7,154444/7,11031.714285714286,a6703371ea0b85bf828cdfddd1bc0fb2f01f822ba1e4089fc5cd85893fb0474e
formal,120,er_gnm,10,n0120-r0010-er_gnm,fhs3,source,0,1440,20946/7,25689/7,10869,60429/7,226281/7,17062.49939156407,a6703371ea0b85bf828cdfddd1bc0fb2f01f822ba1e4089fc5cd85893fb0474e
formal,120,er_gnm,10,n0120-r0010-er_gnm,fhs3,binary_panel,0,10055/7,20858/7,34449/7,68898/7,44504/7,137796/7,9842.57142857143,a6703371ea0b85bf828cdfddd1bc0fb2f01f822ba1e4089fc5cd85893fb0474e
formal,120,er_gnm,10,n0120-r0010-er_gnm,fhs5,source,0,10079/7,20940/7,22131/7,105722/7,13316,514366/7,34315.74268154295,a6703371ea0b85bf828cdfddd1bc0fb2f01f822ba1e4089fc5cd85893fb0474e
formal,120,er_gnm,10,n0120-r0010-er_gnm,fhs5,binary_panel,0,10035/7,20794/7,38611/7,77222/7,48646/7,154444/7,11031.714285714286,a6703371ea0b85bf828cdfddd1bc0fb2f01f822ba1e4089fc5cd85893fb0474e
formal,120,er_gnm,10,n0120-r0010-er_gnm,nch,source,0,1440,20946/7,17896/7,138368/7,18275,1143900/7,59322.68766977168,a6703371ea0b85bf828cdfddd1bc0fb2f01f822ba1e4089fc5cd85893fb0474e
formal,120,er_gnm,10,n0120-r0010-er_gnm,nch,binary_panel,0,10064/7,20890/7,29685/7,59370/7,39749/7,118740/7,8481.42857142857,a6703371ea0b85bf828cdfddd1bc0fb2f01f822ba1e4089fc5cd85893fb0474e
formal,120,sbm_fixed_count,10,n0120-r0010-sbm_fixed_count,demand-aware,source,0,1440,20946/7,23067/7,111724/7,98027/7,547600/7,36488.82749921745,a0fdb9e10b9a017aa93379785b21067584e9cdb733ff22f18a5405bef578f6aa
formal,120,sbm_fixed_count,10,n0120-r0010-sbm_fixed_count,demand-aware,binary_panel,0,18665/14,37937/14,11331/2,11331,48991/7,22662,11331.0,a0fdb9e10b9a017aa93379785b21067584e9cdb733ff22f18a5405bef578f6aa
formal,120,sbm_fixed_count,10,n0120-r0010-sbm_fixed_count,fhs3,source,0,9957/7,20627/7,3885,79658/7,8903,235120/7,17714.356772095216,a0fdb9e10b9a017aa93379785b21067584e9cdb733ff22f18a5405bef578f6aa
formal,120,sbm_fixed_count,10,n0120-r0010-sbm_fixed_count,fhs3,binary_panel,0,19051/14,38891/14,34791/7,69582/7,88633/14,139164/7,9940.285714285714,a0fdb9e10b9a017aa93379785b21067584e9cdb733ff22f18a5405bef578f6aa
formal,120,sbm_fixed_count,10,n0120-r0010-sbm_fixed_count,fhs5,source,0,1440,20946/7,23067/7,111724/7,98027/7,547600/7,36488.82749921745,a0fdb9e10b9a017aa93379785b21067584e9cdb733ff22f18a5405bef578f6aa
formal,120,sbm_fixed_count,10,n0120-r0010-sbm_fixed_count,fhs5,binary_panel,0,18665/14,37937/14,11331/2,11331,48991/7,22662,11331.0,a0fdb9e10b9a017aa93379785b21067584e9cdb733ff22f18a5405bef578f6aa
formal,120,sbm_fixed_count,10,n0120-r0010-sbm_fixed_count,nch,source,0,1440,20946/7,2550,135201/7,125035/7,158991,57611.463161926535,a0fdb9e10b9a017aa93379785b21067584e9cdb733ff22f18a5405bef578f6aa
formal,120,sbm_fixed_count,10,n0120-r0010-sbm_fixed_count,nch,binary_panel,0,9871/7,20339/7,29195/7,58390/7,39066/7,116780/7,8341.42857142857,a0fdb9e10b9a017aa93379785b21067584e9cdb733ff22f18a5405bef578f6aa
formal,120,barabasi_albert,11,n0120-r0011-barabasi_albert,demand-aware,source,0,1440,21018/7,22383/7,107921/7,95258/7,530517/7,35261.37109913323,c7ff3d6f0a127225d19a6d41a878974ffc5d6730a4063c751cba16c39b94ddd1
formal,120,barabasi_albert,11,n0120-r0011-barabasi_albert,demand-aware,binary_panel,0,9812/7,20214/7,36709/7,73418/7,46521/7,146836/7,10488.285714285714,c7ff3d6f0a127225d19a6d41a878974ffc5d6730a4063c751cba16c39b94ddd1
formal,120,barabasi_albert,11,n0120-r0011-barabasi_albert,fhs3,source,0,1440,21018/7,25362/7,74577/7,59205/7,220713/7,16633.76165558646,c7ff3d6f0a127225d19a6d41a878974ffc5d6730a4063c751cba16c39b94ddd1
formal,120,barabasi_albert,11,n0120-r0011-barabasi_albert,fhs3,binary_panel,0,19843/14,41129/14,9347/2,9347,42636/7,18694,9347.0,c7ff3d6f0a127225d19a6d41a878974ffc5d6730a4063c751cba16c39b94ddd1
formal,120,barabasi_albert,11,n0120-r0011-barabasi_albert,fhs5,source,0,1440,21018/7,22383/7,107921/7,95258/7,530517/7,35261.37109913323,c7ff3d6f0a127225d19a6d41a878974ffc5d6730a4063c751cba16c39b94ddd1
formal,120,barabasi_albert,11,n0120-r0011-barabasi_albert,fhs5,binary_panel,0,9812/7,20214/7,36709/7,73418/7,46521/7,146836/7,10488.285714285714,c7ff3d6f0a127225d19a6d41a878974ffc5d6730a4063c751cba16c39b94ddd1
formal,120,barabasi_albert,11,n0120-r0011-barabasi_albert,nch,source,0,1440,21018/7,16768/7,176950/7,165857/7,332446,89970.53801001934,c7ff3d6f0a127225d19a6d41a878974ffc5d6730a4063c751cba16c39b94ddd1
formal,120,barabasi_albert,11,n0120-r0011-barabasi_albert,nch,binary_panel,0,9965/7,20595/7,29376/7,58752/7,39341/7,117504/7,8393.142857142857,c7ff3d6f0a127225d19a6d41a878974ffc5d6730a4063c751cba16c39b94ddd1
formal,120,er_gnm,11,n0120-r0011-er_gnm,demand-aware,source,0,1440,21018/7,21884/7,106287/7,13415,522737/7,34787.42624570404,cc77015fa7e96dfa21742ea88ac539feff4b6deb856f609407dbea9a997c1b70
formal,120,er_gnm,11,n0120-r0011-er_gnm,demand-aware,binary_panel,0,9962/7,20647/7,38964/7,77928/7,48926/7,155856/7,11132.57142857143,cc77015fa7e96dfa21742ea88ac539feff4b6deb856f609407dbea9a997c1b70
formal,120,er_gnm,11,n0120-r0011-er_gnm,fhs3,source,0,10078/7,21009/7,3628,74923/7,8507,222239/7,16752.88433067238,cc77015fa7e96dfa21742ea88ac539feff4b6deb856f609407dbea9a997c1b70
formal,120,er_gnm,11,n0120-r0011-er_gnm,fhs3,binary_panel,0,19987/14,41477/14,4812,9624,87355/14,19248,9624.0,cc77015fa7e96dfa21742ea88ac539feff4b6deb856f609407dbea9a997c1b70
formal,120,er_gnm,11,n0120-r0011-er_gnm,fhs5,source,0,1440,21018/7,21884/7,106287/7,13415,522737/7,34787.42624570404,cc77015fa7e96dfa21742ea88ac539feff4b6deb856f609407dbea9a997c1b70
formal,120,er_gnm,11,n0120-r0011-er_gnm,fhs5,binary_panel,0,9962/7,20647/7,38964/7,77928/7,48926/7,155856/7,11132.57142857143,cc77015fa7e96dfa21742ea88ac539feff4b6deb856f609407dbea9a997c1b70
formal,120,er_gnm,11,n0120-r0011-er_gnm,nch,source,0,1440,21018/7,17729/7,142969/7,132451/7,1275405/7,62939.15882265441,cc77015fa7e96dfa21742ea88ac539feff4b6deb856f609407dbea9a997c1b70
formal,120,er_gnm,11,n0120-r0011-er_gnm,nch,binary_panel,0,10007/7,20782/7,29695/7,59390/7,39702/7,118780/7,8484.285714285714,cc77015fa7e96dfa21742ea88ac539feff4b6deb856f609407dbea9a997c1b70
formal,120,sbm_fixed_count,11,n0120-r0011-sbm_fixed_count,demand-aware,source,0,10067/7,20982/7,22880/7,15785,97077/7,542055/7,36080.09200653278,8d6679b3588f012446486256153e2a85d8ea0174b18eff38876afff6253d2ea2
formal,120,sbm_fixed_count,11,n0120-r0011-sbm_fixed_count,demand-aware,binary_panel,0,9526/7,2793,40627/7,81254/7,50153/7,162508/7,11607.714285714286,8d6679b3588f012446486256153e2a85d8ea0174b18eff38876afff6253d2ea2
formal,120,sbm_fixed_count,11,n0120-r0011-sbm_fixed_count,fhs3,source,0,1430,20809/7,26774/7,78110/7,61293/7,229906/7,17316.220975448443,8d6679b3588f012446486256153e2a85d8ea0174b18eff38876afff6253d2ea2
formal,120,sbm_fixed_count,11,n0120-r0011-sbm_fixed_count,fhs3,binary_panel,0,1383,39875/14,35790/7,71580/7,45471/7,143160/7,10225.714285714286,8d6679b3588f012446486256153e2a85d8ea0174b18eff38876afff6253d2ea2
formal,120,sbm_fixed_count,11,n0120-r0011-sbm_fixed_count,fhs5,source,0,10067/7,20982/7,22880/7,15785,97077/7,542055/7,36080.09200653278,8d6679b3588f012446486256153e2a85d8ea0174b18eff38876afff6253d2ea2
formal,120,sbm_fixed_count,11,n0120-r0011-sbm_fixed_count,fhs5,binary_panel,0,9526/7,2793,40627/7,81254/7,50153/7,162508/7,11607.714285714286,8d6679b3588f012446486256153e2a85d8ea0174b18eff38876afff6253d2ea2
formal,120,sbm_fixed_count,11,n0120-r0011-sbm_fixed_count,nch,source,0,1440,21018/7,17968/7,137387/7,126543/7,1128171/7,58647.02566054525,8d6679b3588f012446486256153e2a85d8ea0174b18eff38876afff6253d2ea2
formal,120,sbm_fixed_count,11,n0120-r0011-sbm_fixed_count,nch,binary_panel,0,1403,20309/7,29354/7,58708/7,39175/7,117416/7,8386.857142857143,8d6679b3588f012446486256153e2a85d8ea0174b18eff38876afff6253d2ea2
formal,120,barabasi_albert,12,n0120-r0012-barabasi_albert,demand-aware,source,0,1440,20925/7,21778/7,104967/7,92935/7,514203/7,34238.45214655873,0c53b0b7c26de3eb0e288e284180591ab21135c57fdf992da210aee64ae65780
formal,120,barabasi_albert,12,n0120-r0012-barabasi_albert,demand-aware,binary_panel,0,19525/14,39827/14,4975,9950,89175/14,19900,9950.0,0c53b0b7c26de3eb0e288e284180591ab21135c57fdf992da210aee64ae65780
formal,120,barabasi_albert,12,n0120-r0012-barabasi_albert,fhs3,source,0,1440,20925/7,25106/7,73632/7,58591/7,217524/7,16390.20932866692,0c53b0b7c26de3eb0e288e284180591ab21135c57fdf992da210aee64ae65780
formal,120,barabasi_albert,12,n0120-r0012-barabasi_albert,fhs3,binary_panel,0,9880/7,20261/7,4493,8986,41331/7,17972,8986.0,0c53b0b7c26de3eb0e288e284180591ab21135c57fdf992da210aee64ae65780
formal,120,barabasi_albert,12,n0120-r0012-barabasi_albert,fhs5,source,0,1440,20925/7,21778/7,104967/7,92935/7,514203/7,34238.45214655873,0c53b0b7c26de3eb0e288e284180591ab21135c57fdf992da210aee64ae65780
formal,120,barabasi_albert,12,n0120-r0012-barabasi_albert,fhs5,binary_panel,0,19525/14,39827/14,4975,9950,89175/14,19900,9950.0,0c53b0b7c26de3eb0e288e284180591ab21135c57fdf992da210aee64ae65780
formal,120,barabasi_albert,12,n0120-r0012-barabasi_albert,nch,source,0,1440,20925/7,16528/7,206002/7,192972/7,3532104/7,114186.43267735626,0c53b0b7c26de3eb0e288e284180591ab21135c57fdf992da210aee64ae65780
formal,120,barabasi_albert,12,n0120-r0012-barabasi_albert,nch,binary_panel,0,9979/7,41135/14,29203/7,58406/7,39182/7,116812/7,8343.714285714286,0c53b0b7c26de3eb0e288e284180591ab21135c57fdf992da210aee64ae65780
formal,120,er_gnm,12,n0120-r0012-er_gnm,demand-aware,source,0,1440,20925/7,21832/7,104941/7,92815/7,73147,34149.96684313643,6a9b2d110b6f7755bbe2bb167b43f269deb38e846d9f46e8c9b5da69c60f0e6c
formal,120,er_gnm,12,n0120-r0012-er_gnm,demand-aware,binary_panel,0,9987/7,20660/7,10775/2,10775,95399/14,21550,10775.0,6a9b2d110b6f7755bbe2bb167b43f269deb38e846d9f46e8c9b5da69c60f0e6c
formal,120,er_gnm,12,n0120-r0012-er_gnm,fhs3,source,0,10077/7,2988,25370/7,74864/7,59470/7,222100/7,16742.700871741647,6a9b2d110b6f7755bbe2bb167b43f269deb38e846d9f46e8c9b5da69c60f0e6c
formal,120,er_gnm,12,n0120-r0012-er_gnm,fhs3,binary_panel,0,10033/7,20800/7,33729/7,67458/7,43762/7,134916/7,9636.857142857143,6a9b2d110b6f7755bbe2bb167b43f269deb38e846d9f46e8c9b5da69c60f0e6c
formal,120,er_gnm,12,n0120-r0012-er_gnm,fhs5,source,0,1440,20925/7,21832/7,104941/7,92815/7,73147,34149.96684313643,6a9b2d110b6f7755bbe2bb167b43f269deb38e846d9f46e8c9b5da69c60f0e6c
formal,120,er_gnm,12,n0120-r0012-er_gnm,fhs5,binary_panel,0,9987/7,20660/7,10775/2,10775,95399/14,21550,10775.0,6a9b2d110b6f7755bbe2bb167b43f269deb38e846d9f46e8c9b5da69c60f0e6c
formal,120,er_gnm,12,n0120-r0012-er_gnm,nch,source,0,1440,20925/7,17834/7,139719/7,129217/7,1185431/7,60452.59165566828,6a9b2d110b6f7755bbe2bb167b43f269deb38e846d9f46e8c9b5da69c60f0e6c
formal,120,er_gnm,12,n0120-r0012-er_gnm,nch,binary_panel,0,10053/7,2976,29299/7,58598/7,39352/7,117196/7,8371.142857142857,6a9b2d110b6f7755bbe2bb167b43f269deb38e846d9f46e8c9b5da69c60f0e6c
formal,120,sbm_fixed_count,12,n0120-r0012-sbm_fixed_count,demand-aware,source,0,1440,20925/7,22957/7,111682/7,98256/7,550128/7,36591.1649918284,8d5847a01ea24bee8b5cafa76d9cc70cce2d051d40ae9b09394746c791233637
formal,120,sbm_fixed_count,12,n0120-r0012-sbm_fixed_count,demand-aware,binary_panel,0,18959/14,38687/14,42372/7,84744/7,103703/14,169488/7,12106.285714285714,8d5847a01ea24bee8b5cafa76d9cc70cce2d051d40ae9b09394746c791233637
formal,120,sbm_fixed_count,12,n0120-r0012-sbm_fixed_count,fhs3,source,0,10064/7,20884/7,26953/7,79325/7,62369/7,234907/7,17704.640773927596,8d5847a01ea24bee8b5cafa76d9cc70cce2d051d40ae9b09394746c791233637
formal,120,sbm_fixed_count,12,n0120-r0012-sbm_fixed_count,fhs3,binary_panel,0,9578/7,2803,35718/7,71436/7,45296/7,142872/7,10205.142857142857,8d5847a01ea24bee8b5cafa76d9cc70cce2d051d40ae9b09394746c791233637
formal,120,sbm_fixed_count,12,n0120-r0012-sbm_fixed_count,fhs5,source,0,1440,20925/7,22957/7,111682/7,98256/7,550128/7,36591.1649918284,8d5847a01ea24bee8b5cafa76d9cc70cce2d051d40ae9b09394746c791233637
formal,120,sbm_fixed_count,12,n0120-r0012-sbm_fixed_count,fhs5,binary_panel,0,18959/14,38687/14,42372/7,84744/7,103703/14,169488/7,12106.285714285714,8d5847a01ea24bee8b5cafa76d9cc70cce2d051d40ae9b09394746c791233637
formal,120,sbm_fixed_count,12,n0120-r0012-sbm_fixed_count,nch,source,0,1440,20925/7,17917/7,142816/7,131848/7,1211148/7,62061.89643070626,8d5847a01ea24bee8b5cafa76d9cc70cce2d051d40ae9b09394746c791233637
formal,120,sbm_fixed_count,12,n0120-r0012-sbm_fixed_count,nch,binary_panel,0,9801/7,20240/7,29334/7,58668/7,39135/7,117336/7,8381.142857142857,8d5847a01ea24bee8b5cafa76d9cc70cce2d051d40ae9b09394746c791233637
formal,120,barabasi_albert,13,n0120-r0013-barabasi_albert,demand-aware,source,0,1440,3034,21751/7,14995,93001/7,514697/7,34263.86059100121,5de82657243cdf16fc5ab4da41b10b475607b6b129bd32fb72ac01d53e7f2f84
formal,120,barabasi_albert,13,n0120-r0013-barabasi_albert,demand-aware,binary_panel,0,19309/14,39889/14,68787/14,68787/7,44048/7,137574/7,9826.714285714286,5de82657243cdf16fc5ab4da41b10b475607b6b129bd32fb72ac01d53e7f2f84
formal,120,barabasi_albert,13,n0120-r0013-barabasi_albert,fhs3,source,0,1440,3034,24870/7,73404/7,58560/7,217800/7,16418.808264456613,5de82657243cdf16fc5ab4da41b10b475607b6b129bd32fb72ac01d53e7f2f84
formal,120,barabasi_albert,13,n0120-r0013-barabasi_albert,fhs3,binary_panel,0,9827/7,20434/7,4477,8954,41166/7,17908,8954.0,5de82657243cdf16fc5ab4da41b10b475607b6b129bd32fb72ac01d53e7f2f84
formal,120,barabasi_albert,13,n0120-r0013-barabasi_albert,fhs5,source,0,1440,3034,21751/7,14995,93001/7,514697/7,34263.86059100121,5de82657243cdf16fc5ab4da41b10b475607b6b129bd32fb72ac01d53e7f2f84
formal,120,barabasi_albert,13,n0120-r0013-barabasi_albert,fhs5,binary_panel,0,19309/14,39889/14,68787/14,68787/7,44048/7,137574/7,9826.714285714286,5de82657243cdf16fc5ab4da41b10b475607b6b129bd32fb72ac01d53e7f2f84
formal,120,barabasi_albert,13,n0120-r0013-barabasi_albert,nch,source,0,1440,3034,16276/7,215557/7,203064/7,4415417/7,124510.7253291801,5de82657243cdf16fc5ab4da41b10b475607b6b129bd32fb72ac01d53e7f2f84
formal,120,barabasi_albert,13,n0120-r0013-barabasi_albert,nch,binary_panel,0,9924/7,20768/7,28902/7,57804/7,38826/7,115608/7,8257.714285714286,5de82657243cdf16fc5ab4da41b10b475607b6b129bd32fb72ac01d53e7f2f84
formal,120,er_gnm,13,n0120-r0013-er_gnm,demand-aware,source,0,1440,3034,21824/7,106045/7,93747/7,522115/7,34729.894164827085,c7d547b5a1a2ffed9f075c05679840cc0dc77389fe7d7ffc02980fc245edf024
formal,120,er_gnm,13,n0120-r0013-er_gnm,demand-aware,binary_panel,0,9974/7,20946/7,38282/7,76564/7,48256/7,153128/7,10937.714285714286,c7d547b5a1a2ffed9f075c05679840cc0dc77389fe7d7ffc02980fc245edf024
formal,120,er_gnm,13,n0120-r0013-er_gnm,fhs3,source,0,1440,3034,25230/7,74307/7,59138/7,220155/7,16593.68603772746,c7d547b5a1a2ffed9f075c05679840cc0dc77389fe7d7ffc02980fc245edf024
formal,120,er_gnm,13,n0120-r0013-er_gnm,fhs3,binary_panel,0,1433,21086/7,34154/7,68308/7,44185/7,136616/7,9758.285714285714,c7d547b5a1a2ffed9f075c05679840cc0dc77389fe7d7ffc02980fc245edf024
formal,120,er_gnm,13,n0120-r0013-er_gnm,fhs5,source,0,1440,3034,21824/7,106045/7,93747/7,522115/7,34729.894164827085,c7d547b5a1a2ffed9f075c05679840cc0dc77389fe7d7ffc02980fc245edf024
formal,120,er_gnm,13,n0120-r0013-er_gnm,fhs5,binary_panel,0,9974/7,20946/7,38282/7,76564/7,48256/7,153128/7,10937.714285714286,c7d547b5a1a2ffed9f075c05679840cc0dc77389fe7d7ffc02980fc245edf024
formal,120,er_gnm,13,n0120-r0013-er_gnm,nch,source,0,1440,3034,2526,141133/7,130784/7,1201723/7,61407.546413577635,c7d547b5a1a2ffed9f075c05679840cc0dc77389fe7d7ffc02980fc245edf024
formal,120,er_gnm,13,n0120-r0013-er_gnm,nch,binary_panel,0,10063/7,21179/7,29426/7,58852/7,39489/7,117704/7,8407.42857142857,c7d547b5a1a2ffed9f075c05679840cc0dc77389fe7d7ffc02980fc245edf024
formal,120,sbm_fixed_count,13,n0120-r0013-sbm_fixed_count,demand-aware,source,0,10030/7,21087/7,23544/7,113208/7,98619/7,553648/7,36879.407080797,f96416d26fe544260db0ee1632f553b474cf022e62476e6331af10ca6ad61699
formal,120,sbm_fixed_count,13,n0120-r0013-sbm_fixed_count,demand-aware,binary_panel,0,1336,19332/7,40423/7,80846/7,49775/7,161692/7,11549.42857142857,f96416d26fe544260db0ee1632f553b474cf022e62476e6331af10ca6ad61699
formal,120,sbm_fixed_count,13,n0120-r0013-sbm_fixed_count,fhs3,source,0,1391,20385/7,26849/7,79439/7,62228/7,236101/7,17801.651313312836,f96416d26fe544260db0ee1632f553b474cf022e62476e6331af10ca6ad61699
formal,120,sbm_fixed_count,13,n0120-r0013-sbm_fixed_count,fhs3,binary_panel,0,9433/7,19576/7,34963/7,69926/7,44396/7,139852/7,9989.42857142857,f96416d26fe544260db0ee1632f553b474cf022e62476e6331af10ca6ad61699
formal,120,sbm_fixed_count,13,n0120-r0013-sbm_fixed_count,fhs5,source,0,10030/7,21087/7,23544/7,113208/7,98619/7,553648/7,36879.407080797,f96416d26fe544260db0ee1632f553b474cf022e62476e6331af10ca6ad61699
formal,120,sbm_fixed_count,13,n0120-r0013-sbm_fixed_count,fhs5,binary_panel,0,1336,19332/7,40423/7,80846/7,49775/7,161692/7,11549.42857142857,f96416d26fe544260db0ee1632f553b474cf022e62476e6331af10ca6ad61699
formal,120,sbm_fixed_count,13,n0120-r0013-sbm_fixed_count,nch,source,0,1440,3034,17957/7,136116/7,125569/7,1107996/7,57848.8318901635,f96416d26fe544260db0ee1632f553b474cf022e62476e6331af10ca6ad61699
formal,120,sbm_fixed_count,13,n0120-r0013-sbm_fixed_count,nch,binary_panel,0,1360,19864/7,28634/7,57268/7,38154/7,114536/7,8181.142857142857,f96416d26fe544260db0ee1632f553b474cf022e62476e6331af10ca6ad61699
formal,120,barabasi_albert,14,n0120-r0014-barabasi_albert,demand-aware,source,0,1440,3017,21899/7,105477/7,13321,516375/7,34389.92782156242,84285d54766474ef1e12c41598712a345b353d4d2fe4404ec54953f3f19b4e44
formal,120,barabasi_albert,14,n0120-r0014-barabasi_albert,demand-aware,binary_panel,0,1398,20147/7,4948,9896,6346,19792,9896.0,84285d54766474ef1e12c41598712a345b353d4d2fe4404ec54953f3f19b4e44
formal,120,barabasi_albert,14,n0120-r0014-barabasi_albert,fhs3,source,0,10079/7,21116/7,24898/7,73338/7,58453/7,217302/7,16378.794510847481,84285d54766474ef1e12c41598712a345b353d4d2fe4404ec54953f3f19b4e44
formal,120,barabasi_albert,14,n0120-r0014-barabasi_albert,fhs3,binary_panel,0,1404,20257/7,30651/7,61302/7,40479/7,122604/7,8757.42857142857,84285d54766474ef1e12c41598712a345b353d4d2fe4404ec54953f3f19b4e44
formal,120,barabasi_albert,14,n0120-r0014-barabasi_albert,fhs5,source,0,1440,3017,21899/7,105477/7,13321,516375/7,34389.92782156242,84285d54766474ef1e12c41598712a345b353d4d2fe4404ec54953f3f19b4e44
formal,120,barabasi_albert,14,n0120-r0014-barabasi_albert,fhs5,binary_panel,0,1398,20147/7,4948,9896,6346,19792,9896.0,84285d54766474ef1e12c41598712a345b353d4d2fe4404ec54953f3f19b4e44
formal,120,barabasi_albert,14,n0120-r0014-barabasi_albert,nch,source,0,1440,3017,16046/7,230631/7,216959/7,661747,135447.32721787717,84285d54766474ef1e12c41598712a345b353d4d2fe4404ec54953f3f19b4e44
formal,120,barabasi_albert,14,n0120-r0014-barabasi_albert,nch,binary_panel,0,9899/7,40941/14,57105/14,57105/7,76903/14,114210/7,8157.857142857143,84285d54766474ef1e12c41598712a345b353d4d2fe4404ec54953f3f19b4e44
formal,120,er_gnm,14,n0120-r0014-er_gnm,demand-aware,source,0,1440,3017,3130,15330,95080/7,529840/7,35246.127852368205,e5f3b927b9ef8e5cf1d752a3dad03c2bc7e640bda1d96342741a32622d14c19d
formal,120,er_gnm,14,n0120-r0014-er_gnm,demand-aware,binary_panel,0,9979/7,20802/7,38712/7,77424/7,48691/7,154848/7,11060.57142857143,e5f3b927b9ef8e5cf1d752a3dad03c2bc7e640bda1d96342741a32622d14c19d
formal,120,er_gnm,14,n0120-r0014-er_gnm,fhs3,source,0,1440,3017,25346/7,74786/7,59464/7,221854/7,16724.037068160946,e5f3b927b9ef8e5cf1d752a3dad03c2bc7e640bda1d96342741a32622d14c19d
formal,120,er_gnm,14,n0120-r0014-er_gnm,fhs3,binary_panel,0,10023/7,20914/7,33898/7,67796/7,43921/7,135592/7,9685.142857142857,e5f3b927b9ef8e5cf1d752a3dad03c2bc7e640bda1d96342741a32622d14c19d
formal,120,er_gnm,14,n0120-r0014-er_gnm,fhs5,source,0,1440,3017,3130,15330,95080/7,529840/7,35246.127852368205,e5f3b927b9ef8e5cf1d752a3dad03c2bc7e640bda1d96342741a32622d14c19d
formal,120,er_gnm,14,n0120-r0014-er_gnm,fhs5,binary_panel,0,9979/7,20802/7,38712/7,77424/7,48691/7,154848/7,11060.57142857143,e5f3b927b9ef8e5cf1d752a3dad03c2bc7e640bda1d96342741a32622d14c19d
formal,120,er_gnm,14,n0120-r0014-er_gnm,nch,source,0,1440,3017,17666/7,132626/7,122673/7,1073860/7,56185.70159347387,e5f3b927b9ef8e5cf1d752a3dad03c2bc7e640bda1d96342741a32622d14c19d
formal,120,er_gnm,14,n0120-r0014-er_gnm,nch,binary_panel,0,10071/7,21087/7,28692/7,57384/7,38763/7,114768/7,8197.714285714286,e5f3b927b9ef8e5cf1d752a3dad03c2bc7e640bda1d96342741a32622d14c19d
formal,120,sbm_fixed_count,14,n0120-r0014-sbm_fixed_count,demand-aware,source,0,10078/7,21113/7,23207/7,111766/7,13990,546176/7,36413.822981798745,1a7a5c768391cab2026fdf1db368510f57bca80754ea4deaeda86ba608e51c7b
formal,120,sbm_fixed_count,14,n0120-r0014-sbm_fixed_count,demand-aware,binary_panel,0,18765/14,38673/14,81215/14,81215/7,49990/7,162430/7,11602.142857142857,1a7a5c768391cab2026fdf1db368510f57bca80754ea4deaeda86ba608e51c7b
formal,120,sbm_fixed_count,14,n0120-r0014-sbm_fixed_count,fhs3,source,0,9941/7,20803/7,26889/7,79060/7,61989/7,233966/7,17632.437975670975,1a7a5c768391cab2026fdf1db368510f57bca80754ea4deaeda86ba608e51c7b
formal,120,sbm_fixed_count,14,n0120-r0014-sbm_fixed_count,fhs3,binary_panel,0,1364,19770/7,34651/7,69302/7,44199/7,138604/7,9900.285714285714,1a7a5c768391cab2026fdf1db368510f57bca80754ea4deaeda86ba608e51c7b
formal,120,sbm_fixed_count,14,n0120-r0014-sbm_fixed_count,fhs5,source,0,10078/7,21113/7,23207/7,111766/7,13990,546176/7,36413.822981798745,1a7a5c768391cab2026fdf1db368510f57bca80754ea4deaeda86ba608e51c7b
formal,120,sbm_fixed_count,14,n0120-r0014-sbm_fixed_count,fhs5,binary_panel,0,18765/14,38673/14,81215/14,81215/7,49990/7,162430/7,11602.142857142857,1a7a5c768391cab2026fdf1db368510f57bca80754ea4deaeda86ba608e51c7b
formal,120,sbm_fixed_count,14,n0120-r0014-sbm_fixed_count,nch,source,0,1440,3017,17895/7,145675/7,134499/7,1290701/7,64257.57132253633,1a7a5c768391cab2026fdf1db368510f57bca80754ea4deaeda86ba608e51c7b
formal,120,sbm_fixed_count,14,n0120-r0014-sbm_fixed_count,nch,binary_panel,0,1391,40547/14,28825/7,57650/7,38562/7,115300/7,8235.714285714286,1a7a5c768391cab2026fdf1db368510f57bca80754ea4deaeda86ba608e51c7b
formal,120,barabasi_albert,15,n0120-r0015-barabasi_albert,demand-aware,source,0,1440,21057/7,22131/7,106835/7,13506,524183/7,34884.62958490864,8b7e53b1274b2c15f12c845d412607dd2bf550890deeb6716772b69039459768
formal,120,barabasi_albert,15,n0120-r0015-barabasi_albert,demand-aware,binary_panel,0,19717/14,40715/14,4972,9944,89325/14,19888,9944.0,8b7e53b1274b2c15f12c845d412607dd2bf550890deeb6716772b69039459768
formal,120,barabasi_albert,15,n0120-r0015-barabasi_albert,fhs3,source,0,1440,21057/7,25100/7,74012/7,58932/7,219460/7,16542.768743073786,8b7e53b1274b2c15f12c845d412607dd2bf550890deeb6716772b69039459768
formal,120,barabasi_albert,15,n0120-r0015-barabasi_albert,fhs3,binary_panel,0,9907/7,20515/7,31377/7,62754/7,41284/7,125508/7,8964.857142857143,8b7e53b1274b2c15f12c845d412607dd2bf550890deeb6716772b69039459768
formal,120,barabasi_albert,15,n0120-r0015-barabasi_albert,fhs5,source,0,1440,21057/7,22049/7,105865/7,93609/7,517869/7,34481.87859480276,8b7e53b1274b2c15f12c845d412607dd2bf550890deeb6716772b69039459768
formal,120,barabasi_albert,15,n0120-r0015-barabasi_albert,fhs5,binary_panel,0,19717/14,40715/14,4972,9944,89325/14,19888,9944.0,8b7e53b1274b2c15f12c845d412607dd2bf550890deeb6716772b69039459768
formal,120,barabasi_albert,15,n0120-r0015-barabasi_albert,nch,source,0,10076/7,21033/7,16546/7,190705/7,177769/7,2875553/7,101511.0789832176,8b7e53b1274b2c15f12c845d412607dd2bf550890deeb6716772b69039459768
formal,120,barabasi_albert,15,n0120-r0015-barabasi_albert,nch,binary_panel,0,1425,20690/7,4144,8288,5569,16576,8288.0,8b7e53b1274b2c15f12c845d412607dd2bf550890deeb6716772b69039459768
formal,120,er_gnm,15,n0120-r0015-er_gnm,demand-aware,source,0,1440,21057/7,21898/7,106573/7,94244/7,525521/7,34938.19897384852,2a8a28fb963fb6e2bd11323ae59d4f066e6d9695653dc469d8d997fc9ca2bdfd
formal,120,er_gnm,15,n0120-r0015-er_gnm,demand-aware,binary_panel,0,10033/7,20924/7,37837/7,75674/7,47870/7,151348/7,10810.57142857143,2a8a28fb963fb6e2bd11323ae59d4f066e6d9695653dc469d8d997fc9ca2bdfd
formal,120,er_gnm,15,n0120-r0015-er_gnm,fhs3,source,0,10061/7,20990/7,25794/7,75833/7,60044/7,224401/7,16911.463927136185,2a8a28fb963fb6e2bd11323ae59d4f066e6d9695653dc469d8d997fc9ca2bdfd
formal,120,er_gnm,15,n0120-r0015-er_gnm,fhs3,binary_panel,0,10021/7,20899/7,66783/14,66783/7,86825/14,133566/7,9540.42857142857,2a8a28fb963fb6e2bd11323ae59d4f066e6d9695653dc469d8d997fc9ca2bdfd
formal,120,er_gnm,15,n0120-r0015-er_gnm,fhs5,source,0,1440,21057/7,21898/7,106573/7,94244/7,525521/7,34938.19897384852,2a8a28fb963fb6e2bd11323ae59d4f066e6d9695653dc469d8d997fc9ca2bdfd
formal,120,er_gnm,15,n0120-r0015-er_gnm,fhs5,binary_panel,0,10033/7,20924/7,37837/7,75674/7,47870/7,151348/7,10810.57142857143,2a8a28fb963fb6e2bd11323ae59d4f066e6d9695653dc469d8d997fc9ca2bdfd
formal,120,er_gnm,15,n0120-r0015-er_gnm,nch,source,0,1440,21057/7,2507,19317,125324/7,1119633/7,57961.653553435586,2a8a28fb963fb6e2bd11323ae59d4f066e6d9695653dc469d8d997fc9ca2bdfd
formal,120,er_gnm,15,n0120-r0015-er_gnm,nch,binary_panel,0,10062/7,20990/7,28585/7,57170/7,5521,114340/7,8167.142857142857,2a8a28fb963fb6e2bd11323ae59d4f066e6d9695653dc469d8d997fc9ca2bdfd
formal,120,sbm_fixed_count,15,n0120-r0015-sbm_fixed_count,demand-aware,source,0,10069/7,21010/7,3340,114337/7,100117/7,564751/7,37546.55073421167,259dd28a5531f4faa22a9d2bbaa33df7b188d20cbe2192ab3d3e5a6bb4e53848
formal,120,sbm_fixed_count,15,n0120-r0015-sbm_fixed_count,demand-aware,binary_panel,0,9453/7,19552/7,39328/7,78656/7,48781/7,157312/7,11236.57142857143,259dd28a5531f4faa22a9d2bbaa33df7b188d20cbe2192ab3d3e5a6bb4e53848
formal,120,sbm_fixed_count,15,n0120-r0015-sbm_fixed_count,fhs3,source,0,9941/7,20718/7,27123/7,11300,61795/7,232762/7,17530.85342553869,259dd28a5531f4faa22a9d2bbaa33df7b188d20cbe2192ab3d3e5a6bb4e53848
formal,120,sbm_fixed_count,15,n0120-r0015-sbm_fixed_count,fhs3,binary_panel,0,2729/2,39653/14,68877/14,68877/7,43990/7,137754/7,9839.57142857143,259dd28a5531f4faa22a9d2bbaa33df7b188d20cbe2192ab3d3e5a6bb4e53848
formal,120,sbm_fixed_count,15,n0120-r0015-sbm_fixed_count,fhs5,source,0,10069/7,21010/7,3340,114337/7,100117/7,564751/7,37546.55073421167,259dd28a5531f4faa22a9d2bbaa33df7b188d20cbe2192ab3d3e5a6bb4e53848
formal,120,sbm_fixed_count,15,n0120-r0015-sbm_fixed_count,fhs5,binary_panel,0,9453/7,19552/7,39328/7,78656/7,48781/7,157312/7,11236.57142857143,259dd28a5531f4faa22a9d2bbaa33df7b188d20cbe2192ab3d3e5a6bb4e53848
formal,120,sbm_fixed_count,15,n0120-r0015-sbm_fixed_count,nch,source,0,1440,21057/7,18250/7,142196/7,130916/7,1191592/7,61263.604091844594,259dd28a5531f4faa22a9d2bbaa33df7b188d20cbe2192ab3d3e5a6bb4e53848
formal,120,sbm_fixed_count,15,n0120-r0015-sbm_fixed_count,nch,binary_panel,0,9657/7,40083/14,59359/14,59359/7,11239/2,118718/7,8479.857142857143,259dd28a5531f4faa22a9d2bbaa33df7b188d20cbe2192ab3d3e5a6bb4e53848
formal,120,barabasi_albert,16,n0120-r0016-barabasi_albert,demand-aware,source,0,1440,21256/7,22145/7,106779/7,94323/7,523001/7,34827.017572291974,e62edb3ae08a7d7d9698a32fc3c834335aff1f7751addba389373c005ad4bc38
formal,120,barabasi_albert,16,n0120-r0016-barabasi_albert,demand-aware,binary_panel,0,9761/7,20291/7,36186/7,72372/7,45947/7,144744/7,10338.857142857143,e62edb3ae08a7d7d9698a32fc3c834335aff1f7751addba389373c005ad4bc38
formal,120,barabasi_albert,16,n0120-r0016-barabasi_albert,fhs3,source,0,1437,21179/7,25773/7,76163/7,60378/7,32311,17051.8665201083,e62edb3ae08a7d7d9698a32fc3c834335aff1f7751addba389373c005ad4bc38
formal,120,barabasi_albert,16,n0120-r0016-barabasi_albert,fhs3,binary_panel,0,9904/7,20684/7,32379/7,64758/7,42283/7,129516/7,9251.142857142857,e62edb3ae08a7d7d9698a32fc3c834335aff1f7751addba389373c005ad4bc38
formal,120,barabasi_albert,16,n0120-r0016-barabasi_albert,fhs5,source,0,1440,21256/7,22145/7,106779/7,94323/7,523001/7,34827.017572291974,e62edb3ae08a7d7d9698a32fc3c834335aff1f7751addba389373c005ad4bc38
formal,120,barabasi_albert,16,n0120-r0016-barabasi_albert,fhs5,binary_panel,0,9761/7,20291/7,36186/7,72372/7,45947/7,144744/7,10338.857142857143,e62edb3ae08a7d7d9698a32fc3c834335aff1f7751addba389373c005ad4bc38
formal,120,barabasi_albert,16,n0120-r0016-barabasi_albert,nch,source,0,10079/7,21250/7,16740/7,186750/7,173665/7,2657250/7,97839.85228285931,e62edb3ae08a7d7d9698a32fc3c834335aff1f7751addba389373c005ad4bc38
formal,120,barabasi_albert,16,n0120-r0016-barabasi_albert,nch,binary_panel,0,9957/7,20862/7,29121/7,58242/7,39078/7,116484/7,8320.285714285714,e62edb3ae08a7d7d9698a32fc3c834335aff1f7751addba389373c005ad4bc38
formal,120,er_gnm,16,n0120-r0016-er_gnm,demand-aware,source,0,10078/7,21250/7,22105/7,15327,94750/7,527263/7,35099.976760260324,c045bb644d569beb49bec32d0d90e638827ae1a679bb2a564fd1691142d9cf31
formal,120,er_gnm,16,n0120-r0016-er_gnm,demand-aware,binary_panel,0,1435,21152/7,78881/14,78881/7,98971/14,157762/7,11268.714285714286,c045bb644d569beb49bec32d0d90e638827ae1a679bb2a564fd1691142d9cf31
formal,120,er_gnm,16,n0120-r0016-er_gnm,fhs3,source,0,10079/7,21253/7,25574/7,74719/7,59172/7,220151/7,16583.350473356444,c045bb644d569beb49bec32d0d90e638827ae1a679bb2a564fd1691142d9cf31
formal,120,er_gnm,16,n0120-r0016-er_gnm,fhs3,binary_panel,0,10042/7,21145/7,33911/7,67822/7,6279,135644/7,9688.857142857143,c045bb644d569beb49bec32d0d90e638827ae1a679bb2a564fd1691142d9cf31
formal,120,er_gnm,16,n0120-r0016-er_gnm,fhs5,source,0,10078/7,21250/7,22105/7,15327,94750/7,527263/7,35099.976760260324,c045bb644d569beb49bec32d0d90e638827ae1a679bb2a564fd1691142d9cf31
formal,120,er_gnm,16,n0120-r0016-er_gnm,fhs5,binary_panel,0,1435,21152/7,78881/14,78881/7,98971/14,157762/7,11268.714285714286,c045bb644d569beb49bec32d0d90e638827ae1a679bb2a564fd1691142d9cf31
formal,120,er_gnm,16,n0120-r0016-er_gnm,nch,source,0,1440,21256/7,2580,136433/7,125925/7,1110589/7,57967.70249090377,c045bb644d569beb49bec32d0d90e638827ae1a679bb2a564fd1691142d9cf31
formal,120,er_gnm,16,n0120-r0016-er_gnm,nch,binary_panel,0,20117/14,42383/14,29949/7,59898/7,80015/14,119796/7,8556.857142857143,c045bb644d569beb49bec32d0d90e638827ae1a679bb2a564fd1691142d9cf31
formal,120,sbm_fixed_count,16,n0120-r0016-sbm_fixed_count,demand-aware,source,0,10071/7,21228/7,23278/7,112835/7,98733/7,553661/7,36875.821001253535,f460115494325081f98383b59029c2dd14809e2a41e7e652cc1c4377c72b95a2
formal,120,sbm_fixed_count,16,n0120-r0016-sbm_fixed_count,demand-aware,binary_panel,0,9441/7,19498/7,42074/7,84148/7,51515/7,168296/7,12021.142857142857,f460115494325081f98383b59029c2dd14809e2a41e7e652cc1c4377c72b95a2
formal,120,sbm_fixed_count,16,n0120-r0016-sbm_fixed_count,fhs3,source,0,9927/7,20858/7,27002/7,79298/7,62105/7,234478/7,17669.44635424611,f460115494325081f98383b59029c2dd14809e2a41e7e652cc1c4377c72b95a2
formal,120,sbm_fixed_count,16,n0120-r0016-sbm_fixed_count,fhs3,binary_panel,0,9551/7,19903/7,70729/14,70729/7,12833/2,141458/7,10104.142857142857,f460115494325081f98383b59029c2dd14809e2a41e7e652cc1c4377c72b95a2
formal,120,sbm_fixed_count,16,n0120-r0016-sbm_fixed_count,fhs5,source,0,10071/7,21228/7,23278/7,112835/7,98733/7,553661/7,36875.821001253535,f460115494325081f98383b59029c2dd14809e2a41e7e652cc1c4377c72b95a2
formal,120,sbm_fixed_count,16,n0120-r0016-sbm_fixed_count,fhs5,binary_panel,0,9441/7,19498/7,42074/7,84148/7,51515/7,168296/7,12021.142857142857,f460115494325081f98383b59029c2dd14809e2a41e7e652cc1c4377c72b95a2
formal,120,sbm_fixed_count,16,n0120-r0016-sbm_fixed_count,nch,source,0,1440,21256/7,18156/7,142813/7,131617/7,1205997/7,61787.58321542573,f460115494325081f98383b59029c2dd14809e2a41e7e652cc1c4377c72b95a2
formal,120,sbm_fixed_count,16,n0120-r0016-sbm_fixed_count,nch,binary_panel,0,1390,20339/7,29487/7,58974/7,39217/7,117948/7,8424.857142857143,f460115494325081f98383b59029c2dd14809e2a41e7e652cc1c4377c72b95a2
formal,120,barabasi_albert,17,n0120-r0017-barabasi_albert,demand-aware,source,0,1440,3007,21825/7,105597/7,93581/7,517331/7,34475.57578162571,5589ebada828578848ba0a284053d4fbe3eb4f3b6f88fe11c2b91bd1e8bff672
formal,120,barabasi_albert,17,n0120-r0017-barabasi_albert,demand-aware,binary_panel,0,9627/7,19624/7,4899,9798,43920/7,19596,9798.0,5589ebada828578848ba0a284053d4fbe3eb4f3b6f88fe11c2b91bd1e8bff672
formal,120,barabasi_albert,17,n0120-r0017-barabasi_albert,fhs3,source,0,10077/7,3006,3517,72735/7,58165/7,215961/7,16281.370234047858,5589ebada828578848ba0a284053d4fbe3eb4f3b6f88fe11c2b91bd1e8bff672
formal,120,barabasi_albert,17,n0120-r0017-barabasi_albert,fhs3,binary_panel,0,9756/7,20015/7,4368,8736,40332/7,17472,8736.0,5589ebada828578848ba0a284053d4fbe3eb4f3b6f88fe11c2b91bd1e8bff672
formal,120,barabasi_albert,17,n0120-r0017-barabasi_albert,fhs5,source,0,1440,3007,21825/7,105597/7,93581/7,517331/7,34475.57578162571,5589ebada828578848ba0a284053d4fbe3eb4f3b6f88fe11c2b91bd1e8bff672
formal,120,barabasi_albert,17,n0120-r0017-barabasi_albert,fhs5,binary_panel,0,9627/7,19624/7,4899,9798,43920/7,19596,9798.0,5589ebada828578848ba0a284053d4fbe3eb4f3b6f88fe11c2b91bd1e8bff672
formal,120,barabasi_albert,17,n0120-r0017-barabasi_albert,nch,source,0,1440,3007,16034/7,233084/7,219362/7,4599598/7,136836.85276311668,5589ebada828578848ba0a284053d4fbe3eb4f3b6f88fe11c2b91bd1e8bff672
formal,120,barabasi_albert,17,n0120-r0017-barabasi_albert,nch,binary_panel,0,9829/7,20212/7,28382/7,56764/7,38211/7,113528/7,8109.142857142857,5589ebada828578848ba0a284053d4fbe3eb4f3b6f88fe11c2b91bd1e8bff672
formal,120,er_gnm,17,n0120-r0017-er_gnm,demand-aware,source,0,1440,3007,21943/7,107327/7,95036/7,529923/7,35241.17807906692,d597cff08d4fba6434b6e830691b08d1eaf9bc91e6ec20ca47af70df703fe014
formal,120,er_gnm,17,n0120-r0017-er_gnm,demand-aware,binary_panel,0,2817/2,2919,75769/14,75769/7,47744/7,151538/7,10824.142857142857,d597cff08d4fba6434b6e830691b08d1eaf9bc91e6ec20ca47af70df703fe014
formal,120,er_gnm,17,n0120-r0017-er_gnm,fhs3,source,0,1440,3007,25636/7,75319/7,59727/7,222779/7,16788.397109217847,d597cff08d4fba6434b6e830691b08d1eaf9bc91e6ec20ca47af70df703fe014
formal,120,er_gnm,17,n0120-r0017-er_gnm,fhs3,binary_panel,0,20003/14,41621/14,4810,9620,87343/14,19240,9620.0,d597cff08d4fba6434b6e830691b08d1eaf9bc91e6ec20ca47af70df703fe014
formal,120,er_gnm,17,n0120-r0017-er_gnm,fhs5,source,0,1440,3007,21943/7,107327/7,95036/7,529923/7,35241.17807906692,d597cff08d4fba6434b6e830691b08d1eaf9bc91e6ec20ca47af70df703fe014
formal,120,er_gnm,17,n0120-r0017-er_gnm,fhs5,binary_panel,0,2817/2,2919,75769/14,75769/7,47744/7,151538/7,10824.142857142857,d597cff08d4fba6434b6e830691b08d1eaf9bc91e6ec20ca47af70df703fe014
formal,120,er_gnm,17,n0120-r0017-er_gnm,nch,source,0,1440,3007,17665/7,137794/7,127643/7,1158448/7,59477.659230737605,d597cff08d4fba6434b6e830691b08d1eaf9bc91e6ec20ca47af70df703fe014
formal,120,er_gnm,17,n0120-r0017-er_gnm,nch,binary_panel,0,10046/7,2993,28964/7,57928/7,39010/7,115856/7,8275.42857142857,d597cff08d4fba6434b6e830691b08d1eaf9bc91e6ec20ca47af70df703fe014
formal,120,sbm_fixed_count,17,n0120-r0017-sbm_fixed_count,demand-aware,source,0,10077/7,21040/7,23591/7,115543/7,14439,570615/7,37955.8947225593,7ffb355a69b07ae504b98a9514e49c6068c05fca2e5530303d674df849ca63bd
formal,120,sbm_fixed_count,17,n0120-r0017-sbm_fixed_count,demand-aware,binary_panel,0,18765/14,19223/7,80065/14,80065/7,49415/7,160130/7,11437.857142857143,7ffb355a69b07ae504b98a9514e49c6068c05fca2e5530303d674df849ca63bd
formal,120,sbm_fixed_count,17,n0120-r0017-sbm_fixed_count,fhs3,source,0,9867/7,2927,27235/7,11462,62801/7,237760/7,17920.98880081994,7ffb355a69b07ae504b98a9514e49c6068c05fca2e5530303d674df849ca63bd
formal,120,sbm_fixed_count,17,n0120-r0017-sbm_fixed_count,fhs3,binary_panel,0,9382/7,19293/7,34101/7,68202/7,43483/7,136404/7,9743.142857142857,7ffb355a69b07ae504b98a9514e49c6068c05fca2e5530303d674df849ca63bd
formal,120,sbm_fixed_count,17,n0120-r0017-sbm_fixed_count,fhs5,source,0,10077/7,21040/7,23591/7,115543/7,14439,570615/7,37955.8947225593,7ffb355a69b07ae504b98a9514e49c6068c05fca2e5530303d674df849ca63bd
formal,120,sbm_fixed_count,17,n0120-r0017-sbm_fixed_count,fhs5,binary_panel,0,18765/14,19223/7,80065/14,80065/7,49415/7,160130/7,11437.857142857143,7ffb355a69b07ae504b98a9514e49c6068c05fca2e5530303d674df849ca63bd
formal,120,sbm_fixed_count,17,n0120-r0017-sbm_fixed_count,nch,source,0,1440,3007,2598,139320/7,128346/7,1139958/7,59454.10646440859,7ffb355a69b07ae504b98a9514e49c6068c05fca2e5530303d674df849ca63bd
formal,120,sbm_fixed_count,17,n0120-r0017-sbm_fixed_count,nch,binary_panel,0,19129/14,39555/14,58561/14,58561/7,38845/7,117122/7,8365.857142857143,7ffb355a69b07ae504b98a9514e49c6068c05fca2e5530303d674df849ca63bd
formal,120,barabasi_albert,18,n0120-r0018-barabasi_albert,demand-aware,source,0,1440,20981/7,21897/7,105239/7,92979/7,514945/7,34290.541325315346,dbd70abe3b17f69092bdb855bc84525bdec12daa20a483f529267cb82ef16271
formal,120,barabasi_albert,18,n0120-r0018-barabasi_albert,demand-aware,binary_panel,0,1393,2844,34014/7,68028/7,43765/7,136056/7,9718.285714285714,dbd70abe3b17f69092bdb855bc84525bdec12daa20a483f529267cb82ef16271
formal,120,barabasi_albert,18,n0120-r0018-barabasi_albert,fhs3,source,0,10079/7,20975/7,3570,73336/7,58339/7,216740/7,16331.878928647135,dbd70abe3b17f69092bdb855bc84525bdec12daa20a483f529267cb82ef16271
formal,120,barabasi_albert,18,n0120-r0018-barabasi_albert,fhs3,binary_panel,0,9858/7,40611/14,4427,8854,40847/7,17708,8854.0,dbd70abe3b17f69092bdb855bc84525bdec12daa20a483f529267cb82ef16271
formal,120,barabasi_albert,18,n0120-r0018-barabasi_albert,fhs5,source,0,1440,20981/7,21897/7,105239/7,92979/7,514945/7,34290.541325315346,dbd70abe3b17f69092bdb855bc84525bdec12daa20a483f529267cb82ef16271
formal,120,barabasi_albert,18,n0120-r0018-barabasi_albert,fhs5,binary_panel,0,1393,2844,34014/7,68028/7,43765/7,136056/7,9718.285714285714,dbd70abe3b17f69092bdb855bc84525bdec12daa20a483f529267cb82ef16271
formal,120,barabasi_albert,18,n0120-r0018-barabasi_albert,nch,source,0,1440,20981/7,16350/7,208353/7,195331/7,3590627/7,115899.90902587782,dbd70abe3b17f69092bdb855bc84525bdec12daa20a483f529267cb82ef16271
formal,120,barabasi_albert,18,n0120-r0018-barabasi_albert,nch,binary_panel,0,19877/14,5863/2,58175/14,58175/7,39026/7,116350/7,8310.714285714286,dbd70abe3b17f69092bdb855bc84525bdec12daa20a483f529267cb82ef16271
formal,120,er_gnm,18,n0120-r0018-er_gnm,demand-aware,source,0,10079/7,20975/7,21850/7,106165/7,13411,520881/7,34713.22848870843,62f5b48d01d92973faf3248ca173f56b58a3ffd4fa55621ac034578a75294200
formal,120,er_gnm,18,n0120-r0018-er_gnm,demand-aware,binary_panel,0,1430,20768/7,39280/7,78560/7,49290/7,157120/7,11222.857142857143,62f5b48d01d92973faf3248ca173f56b58a3ffd4fa55621ac034578a75294200
formal,120,er_gnm,18,n0120-r0018-er_gnm,fhs3,source,0,1440,20981/7,25461/7,74986/7,59547/7,222164/7,16745.08755029453,62f5b48d01d92973faf3248ca173f56b58a3ffd4fa55621ac034578a75294200
formal,120,er_gnm,18,n0120-r0018-er_gnm,fhs3,binary_panel,0,10013/7,20757/7,34064/7,68128/7,44077/7,136256/7,9732.57142857143,62f5b48d01d92973faf3248ca173f56b58a3ffd4fa55621ac034578a75294200
formal,120,er_gnm,18,n0120-r0018-er_gnm,fhs5,source,0,10079/7,20975/7,21850/7,106165/7,13411,520881/7,34713.22848870843,62f5b48d01d92973faf3248ca173f56b58a3ffd4fa55621ac034578a75294200
formal,120,er_gnm,18,n0120-r0018-er_gnm,fhs5,binary_panel,0,1430,20768/7,39280/7,78560/7,49290/7,157120/7,11222.857142857143,62f5b48d01d92973faf3248ca173f56b58a3ffd4fa55621ac034578a75294200
formal,120,er_gnm,18,n0120-r0018-er_gnm,nch,source,0,1440,20981/7,17750/7,135411/7,125268/7,157743,57679.812235851125,62f5b48d01d92973faf3248ca173f56b58a3ffd4fa55621ac034578a75294200
formal,120,er_gnm,18,n0120-r0018-er_gnm,nch,binary_panel,0,10050/7,20875/7,29395/7,58790/7,5635,117580/7,8398.57142857143,62f5b48d01d92973faf3248ca173f56b58a3ffd4fa55621ac034578a75294200
formal,120,sbm_fixed_count,18,n0120-r0018-sbm_fixed_count,demand-aware,source,0,10079/7,20978/7,22954/7,111110/7,97525/7,546164/7,36333.76224026257,b65b1ef9f6cf0fbaedafa0aaacdfb397eb4e9a9d4ff811ba7b7dd311a3ea98bf
formal,120,sbm_fixed_count,18,n0120-r0018-sbm_fixed_count,demand-aware,binary_panel,0,9490/7,2778,40479/7,80958/7,49969/7,161916/7,11565.42857142857,b65b1ef9f6cf0fbaedafa0aaacdfb397eb4e9a9d4ff811ba7b7dd311a3ea98bf
formal,120,sbm_fixed_count,18,n0120-r0018-sbm_fixed_count,fhs3,source,0,9986/7,20708/7,26955/7,79349/7,62245/7,235015/7,17713.083309648064,b65b1ef9f6cf0fbaedafa0aaacdfb397eb4e9a9d4ff811ba7b7dd311a3ea98bf
formal,120,sbm_fixed_count,18,n0120-r0018-sbm_fixed_count,fhs3,binary_panel,0,19371/14,5691/2,5041,10082,89945/14,20164,10082.0,b65b1ef9f6cf0fbaedafa0aaacdfb397eb4e9a9d4ff811ba7b7dd311a3ea98bf
formal,120,sbm_fixed_count,18,n0120-r0018-sbm_fixed_count,fhs5,source,0,10079/7,20978/7,23099/7,111760/7,98075/7,548934/7,36529.34186478776,b65b1ef9f6cf0fbaedafa0aaacdfb397eb4e9a9d4ff811ba7b7dd311a3ea98bf
formal,120,sbm_fixed_count,18,n0120-r0018-sbm_fixed_count,fhs5,binary_panel,0,9490/7,2778,40479/7,80958/7,49969/7,161916/7,11565.42857142857,b65b1ef9f6cf0fbaedafa0aaacdfb397eb4e9a9d4ff811ba7b7dd311a3ea98bf
formal,120,sbm_fixed_count,18,n0120-r0018-sbm_fixed_count,nch,source,0,1440,20981/7,18120/7,20146,129888/7,1181316/7,60760.42220460489,b65b1ef9f6cf0fbaedafa0aaacdfb397eb4e9a9d4ff811ba7b7dd311a3ea98bf
formal,120,sbm_fixed_count,18,n0120-r0018-sbm_fixed_count,nch,binary_panel,0,1405,5793/2,59625/14,59625/7,79295/14,119250/7,8517.857142857143,b65b1ef9f6cf0fbaedafa0aaacdfb397eb4e9a9d4ff811ba7b7dd311a3ea98bf
formal,120,barabasi_albert,19,n0120-r0019-barabasi_albert,demand-aware,source,0,1440,21255/7,3129,15104,93556/7,517806/7,34494.37224331938,090f8eaa7d1c5e8582d8826d9ffe439716282426ec4233446de91968f5f3f3c7
formal,120,barabasi_albert,19,n0120-r0019-barabasi_albert,demand-aware,binary_panel,0,9634/7,39847/14,9661/2,9661,86895/14,19322,9661.0,090f8eaa7d1c5e8582d8826d9ffe439716282426ec4233446de91968f5f3f3c7
formal,120,barabasi_albert,19,n0120-r0019-barabasi_albert,fhs3,source,0,1440,21255/7,25000/7,73707/7,58736/7,218535/7,16472.874001969907,090f8eaa7d1c5e8582d8826d9ffe439716282426ec4233446de91968f5f3f3c7
formal,120,barabasi_albert,19,n0120-r0019-barabasi_albert,fhs3,binary_panel,0,9743/7,20261/7,8713/2,8713,80477/14,17426,8713.0,090f8eaa7d1c5e8582d8826d9ffe439716282426ec4233446de91968f5f3f3c7
formal,120,barabasi_albert,19,n0120-r0019-barabasi_albert,fhs5,source,0,1440,21255/7,3129,15104,93556/7,517806/7,34494.37224331938,090f8eaa7d1c5e8582d8826d9ffe439716282426ec4233446de91968f5f3f3c7
formal,120,barabasi_albert,19,n0120-r0019-barabasi_albert,fhs5,binary_panel,0,9634/7,39847/14,9661/2,9661,86895/14,19322,9661.0,090f8eaa7d1c5e8582d8826d9ffe439716282426ec4233446de91968f5f3f3c7
formal,120,barabasi_albert,19,n0120-r0019-barabasi_albert,nch,source,0,10079/7,3036,2271,244126/7,230932/7,6011472/7,150134.99349921243,090f8eaa7d1c5e8582d8826d9ffe439716282426ec4233446de91968f5f3f3c7
formal,120,barabasi_albert,19,n0120-r0019-barabasi_albert,nch,binary_panel,0,19735/14,41211/14,57383/14,57383/7,38559/7,114766/7,8197.57142857143,090f8eaa7d1c5e8582d8826d9ffe439716282426ec4233446de91968f5f3f3c7
formal,120,er_gnm,19,n0120-r0019-er_gnm,demand-aware,source,0,1440,21255/7,22311/7,108121/7,13624,532447/7,35393.72845724483,592aa65873068fcf8c108f076b42dabed2e4294ae284e55f163a9e8d4f428dfb
formal,120,er_gnm,19,n0120-r0019-er_gnm,demand-aware,binary_panel,0,9950/7,20899/7,39713/7,79426/7,49663/7,158852/7,11346.57142857143,592aa65873068fcf8c108f076b42dabed2e4294ae284e55f163a9e8d4f428dfb
formal,120,er_gnm,19,n0120-r0019-er_gnm,fhs3,source,0,1440,21255/7,25611/7,75566/7,59964/7,224164/7,16898.14019323821,592aa65873068fcf8c108f076b42dabed2e4294ae284e55f163a9e8d4f428dfb
formal,120,er_gnm,19,n0120-r0019-er_gnm,fhs3,binary_panel,0,20011/14,21032/7,4918,9836,88863/14,19672,9836.0,592aa65873068fcf8c108f076b42dabed2e4294ae284e55f163a9e8d4f428dfb
formal,120,er_gnm,19,n0120-r0019-er_gnm,fhs5,source,0,1440,21255/7,22311/7,108121/7,13624,532447/7,35393.72845724483,592aa65873068fcf8c108f076b42dabed2e4294ae284e55f163a9e8d4f428dfb
formal,120,er_gnm,19,n0120-r0019-er_gnm,fhs5,binary_panel,0,9950/7,20899/7,39713/7,79426/7,49663/7,158852/7,11346.57142857143,592aa65873068fcf8c108f076b42dabed2e4294ae284e55f163a9e8d4f428dfb
formal,120,er_gnm,19,n0120-r0019-er_gnm,nch,source,0,1440,21255/7,17849/7,142596/7,131893/7,176762,62343.06741740503,592aa65873068fcf8c108f076b42dabed2e4294ae284e55f163a9e8d4f428dfb
formal,120,er_gnm,19,n0120-r0019-er_gnm,nch,binary_panel,0,10060/7,21183/7,29521/7,59042/7,39581/7,118084/7,8434.57142857143,592aa65873068fcf8c108f076b42dabed2e4294ae284e55f163a9e8d4f428dfb
formal,120,sbm_fixed_count,19,n0120-r0019-sbm_fixed_count,demand-aware,source,0,1440,21255/7,23538/7,114190/7,99984/7,80168,37351.54101427199,01cab78b9653a749c9e8c150f2e5b464f3707a6b2b8ecc2af4e191acd116a7bb
formal,120,sbm_fixed_count,19,n0120-r0019-sbm_fixed_count,demand-aware,binary_panel,0,18749/14,19518/7,11417/2,11417,49334/7,22834,11417.0,01cab78b9653a749c9e8c150f2e5b464f3707a6b2b8ecc2af4e191acd116a7bb
formal,120,sbm_fixed_count,19,n0120-r0019-sbm_fixed_count,fhs3,source,0,9908/7,20808/7,27094/7,80435/7,9014,239611/7,18070.790324183505,01cab78b9653a749c9e8c150f2e5b464f3707a6b2b8ecc2af4e191acd116a7bb
formal,120,sbm_fixed_count,19,n0120-r0019-sbm_fixed_count,fhs3,binary_panel,0,9419/7,19641/7,68799/14,68799/7,87637/14,137598/7,9828.42857142857,01cab78b9653a749c9e8c150f2e5b464f3707a6b2b8ecc2af4e191acd116a7bb
formal,120,sbm_fixed_count,19,n0120-r0019-sbm_fixed_count,fhs5,source,0,1440,21255/7,23538/7,114190/7,99984/7,80168,37351.54101427199,01cab78b9653a749c9e8c150f2e5b464f3707a6b2b8ecc2af4e191acd116a7bb
formal,120,sbm_fixed_count,19,n0120-r0019-sbm_fixed_count,fhs5,binary_panel,0,18749/14,19518/7,11417/2,11417,49334/7,22834,11417.0,01cab78b9653a749c9e8c150f2e5b464f3707a6b2b8ecc2af4e191acd116a7bb
formal,120,sbm_fixed_count,19,n0120-r0019-sbm_fixed_count,nch,source,0,1440,21255/7,18022/7,134814/7,124486/7,1082512/7,56918.02595538743,01cab78b9653a749c9e8c150f2e5b464f3707a6b2b8ecc2af4e191acd116a7bb
formal,120,sbm_fixed_count,19,n0120-r0019-sbm_fixed_count,nch,binary_panel,0,9665/7,2885,57493/14,57493/7,76823/14,114986/7,8213.285714285714,01cab78b9653a749c9e8c150f2e5b464f3707a6b2b8ecc2af4e191acd116a7bb
formal,240,barabasi_albert,0,n0240-r0000-barabasi_albert,demand-aware,source,0,20156/7,42648/7,49195/7,238620/7,209270/7,167752,78098.9883024833,ccfa51086e5bffb7fe969c079c1c1a2b29f19183240304bd2b282b21acb4e3e8
formal,240,barabasi_albert,0,n0240-r0000-barabasi_albert,demand-aware,binary_panel,0,2761,5715,75687/7,151374/7,95014/7,302748/7,21624.85714285714,ccfa51086e5bffb7fe969c079c1c1a2b29f19183240304bd2b282b21acb4e3e8
formal,240,barabasi_albert,0,n0240-r0000-barabasi_albert,fhs3,source,0,2878,42614/7,56216/7,165922/7,129776/7,492314/7,37112.9903558177,ccfa51086e5bffb7fe969c079c1c1a2b29f19183240304bd2b282b21acb4e3e8
formal,240,barabasi_albert,0,n0240-r0000-barabasi_albert,fhs3,binary_panel,0,38911/14,40344/7,137175/14,137175/7,88043/7,274350/7,19596.428571428572,ccfa51086e5bffb7fe969c079c1c1a2b29f19183240304bd2b282b21acb4e3e8
formal,240,barabasi_albert,0,n0240-r0000-barabasi_albert,fhs5,source,0,20156/7,42648/7,49195/7,238620/7,209270/7,167752,78098.9883024833,ccfa51086e5bffb7fe969c079c1c1a2b29f19183240304bd2b282b21acb4e3e8
formal,240,barabasi_albert,0,n0240-r0000-barabasi_albert,fhs5,binary_panel,0,2761,5715,75687/7,151374/7,95014/7,302748/7,21624.85714285714,ccfa51086e5bffb7fe969c079c1c1a2b29f19183240304bd2b282b21acb4e3e8
formal,240,barabasi_albert,0,n0240-r0000-barabasi_albert,nch,source,0,2880,42661/7,35706/7,584086/7,552812/7,1992838,362236.13936574606,ccfa51086e5bffb7fe969c079c1c1a2b29f19183240304bd2b282b21acb4e3e8
formal,240,barabasi_albert,0,n0240-r0000-barabasi_albert,nch,binary_panel,0,19653/7,40969/7,65259/7,130518/7,84912/7,261036/7,18645.428571428572,ccfa51086e5bffb7fe969c079c1c1a2b29f19183240304bd2b282b21acb4e3e8
formal,240,er_gnm,0,n0240-r0000-er_gnm,demand-aware,source,0,2880,42661/7,49526/7,239405/7,209494/7,1171609/7,78107.24818926545,bbf496ab5b116bae09175a07e67d8b3832476c4c533b002b03a38fa6cfb7278d
formal,240,er_gnm,0,n0240-r0000-er_gnm,demand-aware,binary_panel,0,39715/14,41735/7,85529/7,171058/7,210773/14,342116/7,24436.85714285714,bbf496ab5b116bae09175a07e67d8b3832476c4c533b002b03a38fa6cfb7278d
formal,240,er_gnm,0,n0240-r0000-er_gnm,fhs3,source,0,20140/7,42604/7,57296/7,24117,131616/7,500319/7,37711.612082831205,bbf496ab5b116bae09175a07e67d8b3832476c4c533b002b03a38fa6cfb7278d
formal,240,er_gnm,0,n0240-r0000-er_gnm,fhs3,binary_panel,0,19969/7,42066/7,76152/7,152304/7,96121/7,304608/7,21757.714285714286,bbf496ab5b116bae09175a07e67d8b3832476c4c533b002b03a38fa6cfb7278d
formal,240,er_gnm,0,n0240-r0000-er_gnm,fhs5,source,0,2880,42661/7,49526/7,239405/7,209494/7,1171609/7,78107.24818926545,bbf496ab5b116bae09175a07e67d8b3832476c4c533b002b03a38fa6cfb7278d
formal,240,er_gnm,0,n0240-r0000-er_gnm,fhs5,binary_panel,0,39715/14,41735/7,85529/7,171058/7,210773/14,342116/7,24436.85714285714,bbf496ab5b116bae09175a07e67d8b3832476c4c533b002b03a38fa6cfb7278d
formal,240,er_gnm,0,n0240-r0000-er_gnm,nch,source,0,2880,42661/7,38831/7,307434/7,285123/7,374108,133519.1234577041,bbf496ab5b116bae09175a07e67d8b3832476c4c533b002b03a38fa6cfb7278d
formal,240,er_gnm,0,n0240-r0000-er_gnm,nch,binary_panel,0,20079/7,42401/7,66132/7,132264/7,86211/7,264528/7,18894.85714285714,bbf496ab5b116bae09175a07e67d8b3832476c4c533b002b03a38fa6cfb7278d
formal,240,sbm_fixed_count,0,n0240-r0000-sbm_fixed_count,demand-aware,source,0,2880,42661/7,51388/7,248438/7,216275/7,174438,81210.61354559727,6bcc38ecdb38424ebcfac55f6899676861b92eefb91c1e5208b0b4bb740f9d18
formal,240,sbm_fixed_count,0,n0240-r0000-sbm_fixed_count,demand-aware,binary_panel,0,18696/7,38868/7,87956/7,175912/7,15236,351824/7,25130.285714285714,6bcc38ecdb38424ebcfac55f6899676861b92eefb91c1e5208b0b4bb740f9d18
formal,240,sbm_fixed_count,0,n0240-r0000-sbm_fixed_count,fhs3,source,0,2834,5961,59917/7,176588/7,136390/7,523438/7,39454.98361396935,6bcc38ecdb38424ebcfac55f6899676861b92eefb91c1e5208b0b4bb740f9d18
formal,240,sbm_fixed_count,0,n0240-r0000-sbm_fixed_count,fhs3,binary_panel,0,37689/14,39325/7,77054/7,154108/7,191797/14,308216/7,22015.428571428572,6bcc38ecdb38424ebcfac55f6899676861b92eefb91c1e5208b0b4bb740f9d18
formal,240,sbm_fixed_count,0,n0240-r0000-sbm_fixed_count,fhs5,source,0,2880,42661/7,51388/7,248438/7,216275/7,174438,81210.61354559727,6bcc38ecdb38424ebcfac55f6899676861b92eefb91c1e5208b0b4bb740f9d18
formal,240,sbm_fixed_count,0,n0240-r0000-sbm_fixed_count,fhs5,binary_panel,0,18696/7,38868/7,87956/7,175912/7,15236,351824/7,25130.285714285714,6bcc38ecdb38424ebcfac55f6899676861b92eefb91c1e5208b0b4bb740f9d18
formal,240,sbm_fixed_count,0,n0240-r0000-sbm_fixed_count,nch,source,0,2880,42661/7,39358/7,319174/7,295076/7,2762428/7,139950.73945322906,6bcc38ecdb38424ebcfac55f6899676861b92eefb91c1e5208b0b4bb740f9d18
formal,240,sbm_fixed_count,0,n0240-r0000-sbm_fixed_count,nch,binary_panel,0,19507/7,40872/7,65273/7,130546/7,84780/7,261092/7,18649.428571428572,6bcc38ecdb38424ebcfac55f6899676861b92eefb91c1e5208b0b4bb740f9d18
formal,240,barabasi_albert,1,n0240-r0001-barabasi_albert,demand-aware,source,0,2880,42439/7,49088/7,33910,208004/7,166196,77500.03586877932,5eda067c3253f29d0c45fadb0f5ea4b874baf6668dbe8276cf9766ceff9e8602
formal,240,barabasi_albert,1,n0240-r0001-barabasi_albert,demand-aware,binary_panel,0,19503/7,40385/7,11116,22232,97315/7,44464,22232.0,5eda067c3253f29d0c45fadb0f5ea4b874baf6668dbe8276cf9766ceff9e8602
formal,240,barabasi_albert,1,n0240-r0001-barabasi_albert,fhs3,source,0,20149/7,42393/7,56093/7,165169/7,129181/7,489287/7,36878.314932446716,5eda067c3253f29d0c45fadb0f5ea4b874baf6668dbe8276cf9766ceff9e8602
formal,240,barabasi_albert,1,n0240-r0001-barabasi_albert,fhs3,binary_panel,0,2806,5839,70120/7,140240/7,89762/7,280480/7,20034.285714285714,5eda067c3253f29d0c45fadb0f5ea4b874baf6668dbe8276cf9766ceff9e8602
formal,240,barabasi_albert,1,n0240-r0001-barabasi_albert,fhs5,source,0,2880,42439/7,49088/7,33910,208004/7,166196,77500.03586877932,5eda067c3253f29d0c45fadb0f5ea4b874baf6668dbe8276cf9766ceff9e8602
formal,240,barabasi_albert,1,n0240-r0001-barabasi_albert,fhs5,binary_panel,0,19503/7,40385/7,11116,22232,97315/7,44464,22232.0,5eda067c3253f29d0c45fadb0f5ea4b874baf6668dbe8276cf9766ceff9e8602
formal,240,barabasi_albert,1,n0240-r0001-barabasi_albert,nch,source,0,20159/7,42433/7,35689/7,83908,556595/7,15733126/7,371050.2919001393,5eda067c3253f29d0c45fadb0f5ea4b874baf6668dbe8276cf9766ceff9e8602
formal,240,barabasi_albert,1,n0240-r0001-barabasi_albert,nch,binary_panel,0,39643/14,5912,65398/7,130796/7,170439/14,261592/7,18685.14285714286,5eda067c3253f29d0c45fadb0f5ea4b874baf6668dbe8276cf9766ceff9e8602
formal,240,er_gnm,1,n0240-r0001-er_gnm,demand-aware,source,0,2880,42439/7,49445/7,239606/7,29981,1177924/7,78371.71371286213,5f176096b1f455839745f00ab5f317b56f0468872d0f8f937192dc2ce02acdb9
formal,240,er_gnm,1,n0240-r0001-er_gnm,demand-aware,binary_panel,0,2851,41787/7,24981/2,24981,30683/2,49962,24981.0,5f176096b1f455839745f00ab5f317b56f0468872d0f8f937192dc2ce02acdb9
formal,240,er_gnm,1,n0240-r0001-er_gnm,fhs3,source,0,2879,42418/7,57080/7,168152/7,131189/7,498280/7,37557.41228811571,5f176096b1f455839745f00ab5f317b56f0468872d0f8f937192dc2ce02acdb9
formal,240,er_gnm,1,n0240-r0001-er_gnm,fhs3,binary_panel,0,20058/7,42129/7,76095/7,152190/7,96153/7,304380/7,21741.428571428572,5f176096b1f455839745f00ab5f317b56f0468872d0f8f937192dc2ce02acdb9
formal,240,er_gnm,1,n0240-r0001-er_gnm,fhs5,source,0,2880,42439/7,49445/7,239606/7,29981,1177924/7,78371.71371286213,5f176096b1f455839745f00ab5f317b56f0468872d0f8f937192dc2ce02acdb9
formal,240,er_gnm,1,n0240-r0001-er_gnm,fhs5,binary_panel,0,2851,41787/7,24981/2,24981,30683/2,49962,24981.0,5f176096b1f455839745f00ab5f317b56f0468872d0f8f937192dc2ce02acdb9
formal,240,er_gnm,1,n0240-r0001-er_gnm,nch,source,0,2880,42439/7,38634/7,318161/7,295431/7,414927,141705.36012567472,5f176096b1f455839745f00ab5f317b56f0468872d0f8f937192dc2ce02acdb9
formal,240,er_gnm,1,n0240-r0001-er_gnm,nch,binary_panel,0,5745/2,42242/7,66354/7,132708/7,172923/14,265416/7,18958.285714285714,5f176096b1f455839745f00ab5f317b56f0468872d0f8f937192dc2ce02acdb9
formal,240,sbm_fixed_count,1,n0240-r0001-sbm_fixed_count,demand-aware,source,0,20159/7,42436/7,50915/7,245207/7,213511/7,1200399/7,79943.07014191244,e58aec42c68d4cd3451bcb316e7507744b831d10c24a7bbda316422f4e100603
formal,240,sbm_fixed_count,1,n0240-r0001-sbm_fixed_count,demand-aware,binary_panel,0,2700,5609,12603,25206,15303,50412,25206.0,e58aec42c68d4cd3451bcb316e7507744b831d10c24a7bbda316422f4e100603
formal,240,sbm_fixed_count,1,n0240-r0001-sbm_fixed_count,fhs3,source,0,20001/7,42011/7,59471/7,175155/7,19362,518949/7,39114.64159415929,e58aec42c68d4cd3451bcb316e7507744b831d10c24a7bbda316422f4e100603
formal,240,sbm_fixed_count,1,n0240-r0001-sbm_fixed_count,fhs3,binary_panel,0,5439/2,79157/14,155765/14,155765/7,96919/7,311530/7,22252.14285714286,e58aec42c68d4cd3451bcb316e7507744b831d10c24a7bbda316422f4e100603
formal,240,sbm_fixed_count,1,n0240-r0001-sbm_fixed_count,fhs5,source,0,20159/7,42436/7,50915/7,245207/7,213511/7,1200399/7,79943.07014191244,e58aec42c68d4cd3451bcb316e7507744b831d10c24a7bbda316422f4e100603
formal,240,sbm_fixed_count,1,n0240-r0001-sbm_fixed_count,fhs5,binary_panel,0,2700,5609,12603,25206,15303,50412,25206.0,e58aec42c68d4cd3451bcb316e7507744b831d10c24a7bbda316422f4e100603
formal,240,sbm_fixed_count,1,n0240-r0001-sbm_fixed_count,nch,source,0,2880,42439/7,38982/7,307315/7,284213/7,2597821/7,133080.8631277307,e58aec42c68d4cd3451bcb316e7507744b831d10c24a7bbda316422f4e100603
formal,240,sbm_fixed_count,1,n0240-r0001-sbm_fixed_count,nch,binary_panel,0,38931/14,40638/7,9345,18690,169761/14,37380,18690.0,e58aec42c68d4cd3451bcb316e7507744b831d10c24a7bbda316422f4e100603
formal,240,barabasi_albert,2,n0240-r0002-barabasi_albert,demand-aware,source,0,2880,41865/7,49197/7,239082/7,209740/7,168040,78277.0444126481,6ef82f59320f0ee074f079bfb502980de6333bd022d73f42e14f052754efd035
formal,240,barabasi_albert,2,n0240-r0002-barabasi_albert,demand-aware,binary_panel,0,19240/7,78369/14,76355/7,152710/7,95595/7,305420/7,21815.714285714286,6ef82f59320f0ee074f079bfb502980de6333bd022d73f42e14f052754efd035
formal,240,barabasi_albert,2,n0240-r0002-barabasi_albert,fhs3,source,0,20157/7,41855/7,55897/7,165094/7,129265/7,490088/7,36947.071980758985,6ef82f59320f0ee074f079bfb502980de6333bd022d73f42e14f052754efd035
formal,240,barabasi_albert,2,n0240-r0002-barabasi_albert,fhs3,binary_panel,0,19134/7,38487/7,70261/7,140522/7,89395/7,281044/7,20074.571428571428,6ef82f59320f0ee074f079bfb502980de6333bd022d73f42e14f052754efd035
formal,240,barabasi_albert,2,n0240-r0002-barabasi_albert,fhs5,source,0,2880,41865/7,49197/7,239082/7,209740/7,168040,78277.0444126481,6ef82f59320f0ee074f079bfb502980de6333bd022d73f42e14f052754efd035
formal,240,barabasi_albert,2,n0240-r0002-barabasi_albert,fhs5,binary_panel,0,19240/7,78369/14,76355/7,152710/7,95595/7,305420/7,21815.714285714286,6ef82f59320f0ee074f079bfb502980de6333bd022d73f42e14f052754efd035
formal,240,barabasi_albert,2,n0240-r0002-barabasi_albert,nch,source,0,2880,41865/7,5097,561924/7,532227/7,13350508/7,345704.1406968449,6ef82f59320f0ee074f079bfb502980de6333bd022d73f42e14f052754efd035
formal,240,barabasi_albert,2,n0240-r0002-barabasi_albert,nch,binary_panel,0,19536/7,79579/14,131519/14,131519/7,170591/14,263038/7,18788.428571428572,6ef82f59320f0ee074f079bfb502980de6333bd022d73f42e14f052754efd035
formal,240,er_gnm,2,n0240-r0002-er_gnm,demand-aware,source,0,2880,41865/7,49608/7,240942/7,210832/7,1184468/7,78844.07444101993,ca0165148644201fa5673f6d3c6fab5de616e37000c66c84d6e0832c299d8f67
formal,240,er_gnm,2,n0240-r0002-er_gnm,demand-aware,binary_panel,0,19927/7,41182/7,87019/7,174038/7,15278,348076/7,24862.571428571428,ca0165148644201fa5673f6d3c6fab5de616e37000c66c84d6e0832c299d8f67
formal,240,er_gnm,2,n0240-r0002-er_gnm,fhs3,source,0,20152/7,41837/7,57362/7,169581/7,18904,503733/7,37978.40910088305,ca0165148644201fa5673f6d3c6fab5de616e37000c66c84d6e0832c299d8f67
formal,240,er_gnm,2,n0240-r0002-er_gnm,fhs3,binary_panel,0,20018/7,41403/7,76418/7,152836/7,96436/7,305672/7,21833.714285714286,ca0165148644201fa5673f6d3c6fab5de616e37000c66c84d6e0832c299d8f67
formal,240,er_gnm,2,n0240-r0002-er_gnm,fhs5,source,0,2880,41865/7,49608/7,240942/7,210832/7,1184468/7,78844.07444101993,ca0165148644201fa5673f6d3c6fab5de616e37000c66c84d6e0832c299d8f67
formal,240,er_gnm,2,n0240-r0002-er_gnm,fhs5,binary_panel,0,19927/7,41182/7,87019/7,174038/7,15278,348076/7,24862.571428571428,ca0165148644201fa5673f6d3c6fab5de616e37000c66c84d6e0832c299d8f67
formal,240,er_gnm,2,n0240-r0002-er_gnm,nch,source,0,20155/7,41838/7,39358/7,321248/7,42546,409638,142040.42255367665,ca0165148644201fa5673f6d3c6fab5de616e37000c66c84d6e0832c299d8f67
formal,240,er_gnm,2,n0240-r0002-er_gnm,nch,binary_panel,0,20112/7,41698/7,67440/7,134880/7,87552/7,269760/7,19268.571428571428,ca0165148644201fa5673f6d3c6fab5de616e37000c66c84d6e0832c299d8f67
formal,240,sbm_fixed_count,2,n0240-r0002-sbm_fixed_count,demand-aware,source,0,2880,41865/7,7245,246294/7,214926/7,1211730/7,80620.96280363132,049bdf8448485f0eab5d90a35b62a075a8dbb5dc18ef2211c6262ecdc21185e5
formal,240,sbm_fixed_count,2,n0240-r0002-sbm_fixed_count,demand-aware,binary_panel,0,18885/7,38637/7,90499/7,180998/7,109384/7,361996/7,25856.85714285714,049bdf8448485f0eab5d90a35b62a075a8dbb5dc18ef2211c6262ecdc21185e5
formal,240,sbm_fixed_count,2,n0240-r0002-sbm_fixed_count,fhs3,source,0,20036/7,41465/7,59760/7,175897/7,19439,520925/7,39261.75610135284,049bdf8448485f0eab5d90a35b62a075a8dbb5dc18ef2211c6262ecdc21185e5
formal,240,sbm_fixed_count,2,n0240-r0002-sbm_fixed_count,fhs3,binary_panel,0,19132/7,78521/14,78103/7,156206/7,97235/7,312412/7,22315.14285714286,049bdf8448485f0eab5d90a35b62a075a8dbb5dc18ef2211c6262ecdc21185e5
formal,240,sbm_fixed_count,2,n0240-r0002-sbm_fixed_count,fhs5,source,0,2880,41865/7,7245,246294/7,214926/7,1211730/7,80620.96280363132,049bdf8448485f0eab5d90a35b62a075a8dbb5dc18ef2211c6262ecdc21185e5
formal,240,sbm_fixed_count,2,n0240-r0002-sbm_fixed_count,fhs5,binary_panel,0,18885/7,38637/7,90499/7,180998/7,109384/7,361996/7,25856.85714285714,049bdf8448485f0eab5d90a35b62a075a8dbb5dc18ef2211c6262ecdc21185e5
formal,240,sbm_fixed_count,2,n0240-r0002-sbm_fixed_count,nch,source,0,2880,41865/7,39227/7,315132/7,291259/7,386420,137538.44678989955,049bdf8448485f0eab5d90a35b62a075a8dbb5dc18ef2211c6262ecdc21185e5
formal,240,sbm_fixed_count,2,n0240-r0002-sbm_fixed_count,nch,binary_panel,0,39423/14,40584/7,66002/7,132004/7,171427/14,264008/7,18857.714285714286,049bdf8448485f0eab5d90a35b62a075a8dbb5dc18ef2211c6262ecdc21185e5
formal,240,barabasi_albert,3,n0240-r0003-barabasi_albert,demand-aware,source,0,2880,42638/7,49607/7,241784/7,211798/7,1189654/7,79210.79491654308,dc5fbf701796102239923d850fbf1d8bdb3a867bd9508a86b4d93d9f26d5b892
formal,240,barabasi_albert,3,n0240-r0003-barabasi_albert,demand-aware,binary_panel,0,19426/7,80823/14,22721/2,22721,197899/14,45442,22721.0,dc5fbf701796102239923d850fbf1d8bdb3a867bd9508a86b4d93d9f26d5b892
formal,240,barabasi_albert,3,n0240-r0003-barabasi_albert,fhs3,source,0,2880,42638/7,56134/7,165644/7,129634/7,491416/7,37044.69647363961,dc5fbf701796102239923d850fbf1d8bdb3a867bd9508a86b4d93d9f26d5b892
formal,240,barabasi_albert,3,n0240-r0003-barabasi_albert,fhs3,binary_panel,0,19622/7,40930/7,70905/7,141810/7,90527/7,283620/7,20258.571428571428,dc5fbf701796102239923d850fbf1d8bdb3a867bd9508a86b4d93d9f26d5b892
formal,240,barabasi_albert,3,n0240-r0003-barabasi_albert,fhs5,source,0,2880,42638/7,49607/7,241784/7,211798/7,1189654/7,79210.79491654308,dc5fbf701796102239923d850fbf1d8bdb3a867bd9508a86b4d93d9f26d5b892
formal,240,barabasi_albert,3,n0240-r0003-barabasi_albert,fhs5,binary_panel,0,19426/7,80823/14,22721/2,22721,197899/14,45442,22721.0,dc5fbf701796102239923d850fbf1d8bdb3a867bd9508a86b4d93d9f26d5b892
formal,240,barabasi_albert,3,n0240-r0003-barabasi_albert,nch,source,0,2880,42638/7,35788/7,553624/7,74849,12991740/7,337675.04461451323,dc5fbf701796102239923d850fbf1d8bdb3a867bd9508a86b4d93d9f26d5b892
formal,240,barabasi_albert,3,n0240-r0003-barabasi_albert,nch,binary_panel,0,19790/7,5927,65720/7,131440/7,85510/7,262880/7,18777.14285714286,dc5fbf701796102239923d850fbf1d8bdb3a867bd9508a86b4d93d9f26d5b892
formal,240,er_gnm,3,n0240-r0003-er_gnm,demand-aware,source,0,2880,42638/7,49482/7,239585/7,209784/7,1175621/7,78279.78180070485,9209bd004153dbf08869ded0ce7f85e9e284ed9be0c4224f8e38dae754e4b58a
formal,240,er_gnm,3,n0240-r0003-er_gnm,demand-aware,binary_panel,0,20039/7,42258/7,86824/7,173648/7,106863/7,347296/7,24806.85714285714,9209bd004153dbf08869ded0ce7f85e9e284ed9be0c4224f8e38dae754e4b58a
formal,240,er_gnm,3,n0240-r0003-er_gnm,fhs3,source,0,20159/7,42635/7,57117/7,168366/7,18769,71304,37623.0814667304,9209bd004153dbf08869ded0ce7f85e9e284ed9be0c4224f8e38dae754e4b58a
formal,240,er_gnm,3,n0240-r0003-er_gnm,fhs3,binary_panel,0,20086/7,42432/7,76511/7,153022/7,96597/7,306044/7,21860.285714285714,9209bd004153dbf08869ded0ce7f85e9e284ed9be0c4224f8e38dae754e4b58a
formal,240,er_gnm,3,n0240-r0003-er_gnm,fhs5,source,0,2880,42638/7,49482/7,239585/7,209784/7,1175621/7,78279.78180070485,9209bd004153dbf08869ded0ce7f85e9e284ed9be0c4224f8e38dae754e4b58a
formal,240,er_gnm,3,n0240-r0003-er_gnm,fhs5,binary_panel,0,20039/7,42258/7,86824/7,173648/7,106863/7,347296/7,24806.85714285714,9209bd004153dbf08869ded0ce7f85e9e284ed9be0c4224f8e38dae754e4b58a
formal,240,er_gnm,3,n0240-r0003-er_gnm,nch,source,0,2880,42638/7,38907/7,321218/7,298253/7,2856670/7,142323.6863239387,9209bd004153dbf08869ded0ce7f85e9e284ed9be0c4224f8e38dae754e4b58a
formal,240,er_gnm,3,n0240-r0003-er_gnm,nch,binary_panel,0,20117/7,42501/7,66121/7,132242/7,86238/7,264484/7,18891.714285714286,9209bd004153dbf08869ded0ce7f85e9e284ed9be0c4224f8e38dae754e4b58a
formal,240,sbm_fixed_count,3,n0240-r0003-sbm_fixed_count,demand-aware,source,0,2879,42618/7,50787/7,35283,215360/7,1215261/7,80872.91522458477,28ea6b8e1e9990071d082d24b9ad19ef98fd3793d833e164ee014ffd63a55e88
formal,240,sbm_fixed_count,3,n0240-r0003-sbm_fixed_count,demand-aware,binary_panel,0,18903/7,39247/7,89805/7,179610/7,108708/7,359220/7,25658.571428571428,28ea6b8e1e9990071d082d24b9ad19ef98fd3793d833e164ee014ffd63a55e88
formal,240,sbm_fixed_count,3,n0240-r0003-sbm_fixed_count,fhs3,source,0,19991/7,42179/7,59560/7,175433/7,135798/7,519805/7,39179.42570133305,28ea6b8e1e9990071d082d24b9ad19ef98fd3793d833e164ee014ffd63a55e88
formal,240,sbm_fixed_count,3,n0240-r0003-sbm_fixed_count,fhs3,binary_panel,0,19063/7,39748/7,11209,22418,97526/7,44836,22418.0,28ea6b8e1e9990071d082d24b9ad19ef98fd3793d833e164ee014ffd63a55e88
formal,240,sbm_fixed_count,3,n0240-r0003-sbm_fixed_count,fhs5,source,0,2879,42618/7,50787/7,35283,215360/7,1215261/7,80872.91522458477,28ea6b8e1e9990071d082d24b9ad19ef98fd3793d833e164ee014ffd63a55e88
formal,240,sbm_fixed_count,3,n0240-r0003-sbm_fixed_count,fhs5,binary_panel,0,18903/7,39247/7,89805/7,179610/7,108708/7,359220/7,25658.571428571428,28ea6b8e1e9990071d082d24b9ad19ef98fd3793d833e164ee014ffd63a55e88
formal,240,sbm_fixed_count,3,n0240-r0003-sbm_fixed_count,nch,source,0,2880,42638/7,39307/7,324528/7,300532/7,408352,143458.75926253683,28ea6b8e1e9990071d082d24b9ad19ef98fd3793d833e164ee014ffd63a55e88
formal,240,sbm_fixed_count,3,n0240-r0003-sbm_fixed_count,nch,binary_panel,0,19464/7,5809,9465,18930,85719/7,37860,18930.0,28ea6b8e1e9990071d082d24b9ad19ef98fd3793d833e164ee014ffd63a55e88
formal,240,barabasi_albert,4,n0240-r0004-barabasi_albert,demand-aware,source,0,2880,42825/7,49240/7,33983,208424/7,1167407/7,77696.2807498641,5b64c7fb068ca8964d156d3b3c07a4fef379494ae4a98d2b88be4a5218209dba
formal,240,barabasi_albert,4,n0240-r0004-barabasi_albert,demand-aware,binary_panel,0,19305/7,40039/7,76621/7,153242/7,95926/7,306484/7,21891.714285714286,5b64c7fb068ca8964d156d3b3c07a4fef379494ae4a98d2b88be4a5218209dba
formal,240,barabasi_albert,4,n0240-r0004-barabasi_albert,fhs3,source,0,20154/7,42795/7,56137/7,165124/7,18442,488798/7,36838.54349847704,5b64c7fb068ca8964d156d3b3c07a4fef379494ae4a98d2b88be4a5218209dba
formal,240,barabasi_albert,4,n0240-r0004-barabasi_albert,fhs3,binary_panel,0,19660/7,41148/7,70302/7,140604/7,89962/7,281208/7,20086.285714285714,5b64c7fb068ca8964d156d3b3c07a4fef379494ae4a98d2b88be4a5218209dba
formal,240,barabasi_albert,4,n0240-r0004-barabasi_albert,fhs5,source,0,2880,42825/7,49240/7,33983,208424/7,1167407/7,77696.2807498641,5b64c7fb068ca8964d156d3b3c07a4fef379494ae4a98d2b88be4a5218209dba
formal,240,barabasi_albert,4,n0240-r0004-barabasi_albert,fhs5,binary_panel,0,19305/7,40039/7,76621/7,153242/7,95926/7,306484/7,21891.714285714286,5b64c7fb068ca8964d156d3b3c07a4fef379494ae4a98d2b88be4a5218209dba
formal,240,barabasi_albert,4,n0240-r0004-barabasi_albert,nch,source,0,20159/7,6117,35712/7,82741,548376/7,13848235/7,359198.0580324052,5b64c7fb068ca8964d156d3b3c07a4fef379494ae4a98d2b88be4a5218209dba
formal,240,barabasi_albert,4,n0240-r0004-barabasi_albert,nch,binary_panel,0,19870/7,41771/7,64954/7,129908/7,84824/7,259816/7,18558.285714285714,5b64c7fb068ca8964d156d3b3c07a4fef379494ae4a98d2b88be4a5218209dba
formal,240,er_gnm,4,n0240-r0004-er_gnm,demand-aware,source,0,2880,42825/7,49092/7,238247/7,208587/7,1171347/7,77953.97837175566,48bdf7db6133c8362b0a55a2ea6c23d5b2829a7ac1791add4c7f0c7aeff40cb5
formal,240,er_gnm,4,n0240-r0004-er_gnm,demand-aware,binary_panel,0,40077/14,42410/7,86460/7,172920/7,212997/14,345840/7,24702.85714285714,48bdf7db6133c8362b0a55a2ea6c23d5b2829a7ac1791add4c7f0c7aeff40cb5
formal,240,er_gnm,4,n0240-r0004-er_gnm,fhs3,source,0,20147/7,42769/7,8279,171483/7,133617/7,509697/7,38430.62610110558,48bdf7db6133c8362b0a55a2ea6c23d5b2829a7ac1791add4c7f0c7aeff40cb5
formal,240,er_gnm,4,n0240-r0004-er_gnm,fhs3,binary_panel,0,20119/7,6094,152655/14,152655/7,192893/14,305310/7,21807.85714285714,48bdf7db6133c8362b0a55a2ea6c23d5b2829a7ac1791add4c7f0c7aeff40cb5
formal,240,er_gnm,4,n0240-r0004-er_gnm,fhs5,source,0,2880,42825/7,49092/7,238247/7,208587/7,1171347/7,77953.97837175566,48bdf7db6133c8362b0a55a2ea6c23d5b2829a7ac1791add4c7f0c7aeff40cb5
formal,240,er_gnm,4,n0240-r0004-er_gnm,fhs5,binary_panel,0,40077/14,42410/7,86460/7,172920/7,212997/14,345840/7,24702.85714285714,48bdf7db6133c8362b0a55a2ea6c23d5b2829a7ac1791add4c7f0c7aeff40cb5
formal,240,er_gnm,4,n0240-r0004-er_gnm,nch,source,0,20159/7,6117,38623/7,304169/7,281870/7,2571885/7,131725.5868911187,48bdf7db6133c8362b0a55a2ea6c23d5b2829a7ac1791add4c7f0c7aeff40cb5
formal,240,er_gnm,4,n0240-r0004-er_gnm,nch,binary_panel,0,20026/7,42278/7,67944/7,135888/7,87970/7,271776/7,19412.571428571428,48bdf7db6133c8362b0a55a2ea6c23d5b2829a7ac1791add4c7f0c7aeff40cb5
formal,240,sbm_fixed_count,4,n0240-r0004-sbm_fixed_count,demand-aware,source,0,2880,42825/7,51053/7,35454,216296/7,1221198/7,81262.23069141679,c3887b17be4fb2c843ee8a3a9503b7c4d3a95fe70f3ac01800eeb4e67259b22f
formal,240,sbm_fixed_count,4,n0240-r0004-sbm_fixed_count,demand-aware,binary_panel,0,18862/7,78929/14,175869/14,175869/7,213593/14,351738/7,25124.14285714286,c3887b17be4fb2c843ee8a3a9503b7c4d3a95fe70f3ac01800eeb4e67259b22f
formal,240,sbm_fixed_count,4,n0240-r0004-sbm_fixed_count,fhs3,source,0,19867/7,41984/7,59271/7,174548/7,19292,517114/7,38976.032778023895,c3887b17be4fb2c843ee8a3a9503b7c4d3a95fe70f3ac01800eeb4e67259b22f
formal,240,sbm_fixed_count,4,n0240-r0004-sbm_fixed_count,fhs3,binary_panel,0,18997/7,39825/7,10961,21922,95724/7,43844,21922.0,c3887b17be4fb2c843ee8a3a9503b7c4d3a95fe70f3ac01800eeb4e67259b22f
formal,240,sbm_fixed_count,4,n0240-r0004-sbm_fixed_count,fhs5,source,0,2880,42825/7,51053/7,35454,216296/7,1221198/7,81262.23069141679,c3887b17be4fb2c843ee8a3a9503b7c4d3a95fe70f3ac01800eeb4e67259b22f
formal,240,sbm_fixed_count,4,n0240-r0004-sbm_fixed_count,fhs5,binary_panel,0,18862/7,78929/14,175869/14,175869/7,213593/14,351738/7,25124.14285714286,c3887b17be4fb2c843ee8a3a9503b7c4d3a95fe70f3ac01800eeb4e67259b22f
formal,240,sbm_fixed_count,4,n0240-r0004-sbm_fixed_count,nch,source,0,2880,42825/7,39173/7,44481,287902/7,2627567/7,135083.60795055662,c3887b17be4fb2c843ee8a3a9503b7c4d3a95fe70f3ac01800eeb4e67259b22f
formal,240,sbm_fixed_count,4,n0240-r0004-sbm_fixed_count,nch,binary_panel,0,19351/7,40693/7,9345,18690,84766/7,37380,18690.0,c3887b17be4fb2c843ee8a3a9503b7c4d3a95fe70f3ac01800eeb4e67259b22f
formal,240,barabasi_albert,5,n0240-r0005-barabasi_albert,demand-aware,source,0,2880,42414/7,49367/7,239298/7,209633/7,1176654/7,78282.44096484092,4f97658c04688b05df002dfdd528e99d4e3413a7df80a347679c8a3d0e687c8a
formal,240,barabasi_albert,5,n0240-r0005-barabasi_albert,demand-aware,binary_panel,0,19382/7,80313/14,77221/7,154442/7,96603/7,308884/7,22063.14285714286,4f97658c04688b05df002dfdd528e99d4e3413a7df80a347679c8a3d0e687c8a
formal,240,barabasi_albert,5,n0240-r0005-barabasi_albert,fhs3,source,0,20159/7,42408/7,56078/7,166105/7,130120/7,494057/7,37254.20369345957,4f97658c04688b05df002dfdd528e99d4e3413a7df80a347679c8a3d0e687c8a
formal,240,barabasi_albert,5,n0240-r0005-barabasi_albert,fhs3,binary_panel,0,19617/7,40798/7,10031,20062,89834/7,40124,20062.0,4f97658c04688b05df002dfdd528e99d4e3413a7df80a347679c8a3d0e687c8a
formal,240,barabasi_albert,5,n0240-r0005-barabasi_albert,fhs5,source,0,2880,42414/7,49367/7,239298/7,209633/7,1176654/7,78282.44096484092,4f97658c04688b05df002dfdd528e99d4e3413a7df80a347679c8a3d0e687c8a
formal,240,barabasi_albert,5,n0240-r0005-barabasi_albert,fhs5,binary_panel,0,19382/7,80313/14,77221/7,154442/7,96603/7,308884/7,22063.14285714286,4f97658c04688b05df002dfdd528e99d4e3413a7df80a347679c8a3d0e687c8a
formal,240,barabasi_albert,5,n0240-r0005-barabasi_albert,nch,source,0,2880,42414/7,35743/7,570975/7,540569/7,2004959,353104.3487251974,4f97658c04688b05df002dfdd528e99d4e3413a7df80a347679c8a3d0e687c8a
formal,240,barabasi_albert,5,n0240-r0005-barabasi_albert,nch,binary_panel,0,39703/14,82875/14,131153/14,131153/7,12204,262306/7,18736.14285714286,4f97658c04688b05df002dfdd528e99d4e3413a7df80a347679c8a3d0e687c8a
formal,240,er_gnm,5,n0240-r0005-er_gnm,demand-aware,source,0,20144/7,42383/7,7055,34276,210013/7,1181458/7,78579.36691550957,f4b96351702388f628552103405133de1f20f48bd4c9f46152ce13b00afc3677
formal,240,er_gnm,5,n0240-r0005-er_gnm,demand-aware,binary_panel,0,39999/14,84017/14,86757/7,173514/7,213513/14,347028/7,24787.714285714286,f4b96351702388f628552103405133de1f20f48bd4c9f46152ce13b00afc3677
formal,240,er_gnm,5,n0240-r0005-er_gnm,fhs3,source,0,2878,6056,57375/7,168902/7,131598/7,500260/7,37704.66685959373,f4b96351702388f628552103405133de1f20f48bd4c9f46152ce13b00afc3677
formal,240,er_gnm,5,n0240-r0005-er_gnm,fhs3,binary_panel,0,40087/14,84257/14,153439/14,153439/7,96763/7,306878/7,21919.85714285714,f4b96351702388f628552103405133de1f20f48bd4c9f46152ce13b00afc3677
formal,240,er_gnm,5,n0240-r0005-er_gnm,fhs5,source,0,20144/7,42383/7,7055,34276,210013/7,1181458/7,78579.36691550957,f4b96351702388f628552103405133de1f20f48bd4c9f46152ce13b00afc3677
formal,240,er_gnm,5,n0240-r0005-er_gnm,fhs5,binary_panel,0,39999/14,84017/14,86757/7,173514/7,213513/14,347028/7,24787.714285714286,f4b96351702388f628552103405133de1f20f48bd4c9f46152ce13b00afc3677
formal,240,er_gnm,5,n0240-r0005-er_gnm,nch,source,0,2880,42414/7,39017/7,318743/7,295607/7,2777435/7,140203.35149570514,f4b96351702388f628552103405133de1f20f48bd4c9f46152ce13b00afc3677
formal,240,er_gnm,5,n0240-r0005-er_gnm,nch,binary_panel,0,20079/7,42212/7,66020/7,132040/7,86099/7,264080/7,18862.85714285714,f4b96351702388f628552103405133de1f20f48bd4c9f46152ce13b00afc3677
formal,240,sbm_fixed_count,5,n0240-r0005-sbm_fixed_count,demand-aware,source,0,2880,42414/7,50923/7,35774,218677/7,177204,82436.37454264682,a5ab2fe9e41b02145a9dcad7f4d266297adb31cc0f0f48a594fdbcae6564a931
formal,240,sbm_fixed_count,5,n0240-r0005-sbm_fixed_count,demand-aware,binary_panel,0,37531/14,77883/14,87092/7,174184/7,30245/2,348368/7,24883.428571428572,a5ab2fe9e41b02145a9dcad7f4d266297adb31cc0f0f48a594fdbcae6564a931
formal,240,sbm_fixed_count,5,n0240-r0005-sbm_fixed_count,fhs3,source,0,19960/7,41873/7,59567/7,175564/7,135857/7,520418/7,39227.471678154936,a5ab2fe9e41b02145a9dcad7f4d266297adb31cc0f0f48a594fdbcae6564a931
formal,240,sbm_fixed_count,5,n0240-r0005-sbm_fixed_count,fhs3,binary_panel,0,19029/7,39612/7,77911/7,155822/7,96940/7,311644/7,22260.285714285714,a5ab2fe9e41b02145a9dcad7f4d266297adb31cc0f0f48a594fdbcae6564a931
formal,240,sbm_fixed_count,5,n0240-r0005-sbm_fixed_count,fhs5,source,0,2880,42414/7,50923/7,35774,218677/7,177204,82436.37454264682,a5ab2fe9e41b02145a9dcad7f4d266297adb31cc0f0f48a594fdbcae6564a931
formal,240,sbm_fixed_count,5,n0240-r0005-sbm_fixed_count,fhs5,binary_panel,0,37531/14,77883/14,87092/7,174184/7,30245/2,348368/7,24883.428571428572,a5ab2fe9e41b02145a9dcad7f4d266297adb31cc0f0f48a594fdbcae6564a931
formal,240,sbm_fixed_count,5,n0240-r0005-sbm_fixed_count,nch,source,0,2880,42414/7,39035/7,307499/7,284419/7,2613775/7,133323.22216282538,a5ab2fe9e41b02145a9dcad7f4d266297adb31cc0f0f48a594fdbcae6564a931
formal,240,sbm_fixed_count,5,n0240-r0005-sbm_fixed_count,nch,binary_panel,0,5597/2,40875/7,131155/14,131155/7,85167/7,262310/7,18736.428571428572,a5ab2fe9e41b02145a9dcad7f4d266297adb31cc0f0f48a594fdbcae6564a931
formal,240,barabasi_albert,6,n0240-r0006-barabasi_albert,demand-aware,source,0,2880,6063,49240/7,238061/7,208560/7,1168523/7,77771.57767352446,22b9a3a679cae67af921a43a57e645005c03d8e15d9879dd6528b0fbd9b83db6
formal,240,barabasi_albert,6,n0240-r0006-barabasi_albert,demand-aware,binary_panel,0,19452/7,5741,11283,22566,98433/7,45132,22566.0,22b9a3a679cae67af921a43a57e645005c03d8e15d9879dd6528b0fbd9b83db6
formal,240,barabasi_albert,6,n0240-r0006-barabasi_albert,fhs3,source,0,20157/7,42426/7,56223/7,166513/7,130374/7,495227/7,37342.07179706746,22b9a3a679cae67af921a43a57e645005c03d8e15d9879dd6528b0fbd9b83db6
formal,240,barabasi_albert,6,n0240-r0006-barabasi_albert,fhs3,binary_panel,0,19714/7,40968/7,71061/7,142122/7,90775/7,284244/7,20303.14285714286,22b9a3a679cae67af921a43a57e645005c03d8e15d9879dd6528b0fbd9b83db6
formal,240,barabasi_albert,6,n0240-r0006-barabasi_albert,fhs5,source,0,2880,6063,49240/7,238061/7,208560/7,1168523/7,77771.57767352446,22b9a3a679cae67af921a43a57e645005c03d8e15d9879dd6528b0fbd9b83db6
formal,240,barabasi_albert,6,n0240-r0006-barabasi_albert,fhs5,binary_panel,0,19452/7,5741,11283,22566,98433/7,45132,22566.0,22b9a3a679cae67af921a43a57e645005c03d8e15d9879dd6528b0fbd9b83db6
formal,240,barabasi_albert,6,n0240-r0006-barabasi_albert,nch,source,0,2880,6063,5146,75010,496289/7,11739312/7,313529.13011083624,22b9a3a679cae67af921a43a57e645005c03d8e15d9879dd6528b0fbd9b83db6
formal,240,barabasi_albert,6,n0240-r0006-barabasi_albert,nch,binary_panel,0,2842,41581/7,65673/7,131346/7,85567/7,262692/7,18763.714285714286,22b9a3a679cae67af921a43a57e645005c03d8e15d9879dd6528b0fbd9b83db6
formal,240,er_gnm,6,n0240-r0006-er_gnm,demand-aware,source,0,2880,6063,49552/7,240750/7,210774/7,1182936/7,78769.19481551481,37dfda2245d019e5a5c0ee679b29678918ef5d0bed871f427c35f59a14b7fae9
formal,240,er_gnm,6,n0240-r0006-er_gnm,demand-aware,binary_panel,0,20009/7,5994,86888/7,173776/7,15271,347552/7,24825.14285714286,37dfda2245d019e5a5c0ee679b29678918ef5d0bed871f427c35f59a14b7fae9
formal,240,er_gnm,6,n0240-r0006-er_gnm,fhs3,source,0,20156/7,42433/7,57432/7,169307/7,131987/7,501943/7,37835.47718289796,37dfda2245d019e5a5c0ee679b29678918ef5d0bed871f427c35f59a14b7fae9
formal,240,er_gnm,6,n0240-r0006-er_gnm,fhs3,binary_panel,0,40125/14,42122/7,77013/7,154026/7,194151/14,308052/7,22003.714285714286,37dfda2245d019e5a5c0ee679b29678918ef5d0bed871f427c35f59a14b7fae9
formal,240,er_gnm,6,n0240-r0006-er_gnm,fhs5,source,0,2880,6063,49552/7,240750/7,210774/7,1182936/7,78769.19481551481,37dfda2245d019e5a5c0ee679b29678918ef5d0bed871f427c35f59a14b7fae9
formal,240,er_gnm,6,n0240-r0006-er_gnm,fhs5,binary_panel,0,20009/7,5994,86888/7,173776/7,15271,347552/7,24825.14285714286,37dfda2245d019e5a5c0ee679b29678918ef5d0bed871f427c35f59a14b7fae9
formal,240,er_gnm,6,n0240-r0006-er_gnm,nch,source,0,2880,6063,38742/7,310525/7,41126,2708919/7,135957.09346654572,37dfda2245d019e5a5c0ee679b29678918ef5d0bed871f427c35f59a14b7fae9
formal,240,er_gnm,6,n0240-r0006-er_gnm,nch,binary_panel,0,20137/7,42358/7,66194/7,132388/7,12333,264776/7,18912.571428571428,37dfda2245d019e5a5c0ee679b29678918ef5d0bed871f427c35f59a14b7fae9
formal,240,sbm_fixed_count,6,n0240-r0006-sbm_fixed_count,demand-aware,source,0,2880,6063,50900/7,246683/7,215210/7,1212441/7,80678.51773984115,17a26c75f4324112297e1fe28968cca4ba630118878ef46e435c4c23d86105be
formal,240,sbm_fixed_count,6,n0240-r0006-sbm_fixed_count,demand-aware,binary_panel,0,19074/7,39580/7,90001/7,180002/7,109075/7,360004/7,25714.571428571428,17a26c75f4324112297e1fe28968cca4ba630118878ef46e435c4c23d86105be
formal,240,sbm_fixed_count,6,n0240-r0006-sbm_fixed_count,fhs3,source,0,20031/7,42032/7,60294/7,178112/7,137751/7,528796/7,39865.73552492162,17a26c75f4324112297e1fe28968cca4ba630118878ef46e435c4c23d86105be
formal,240,sbm_fixed_count,6,n0240-r0006-sbm_fixed_count,fhs3,binary_panel,0,19160/7,39855/7,78648/7,157296/7,97808/7,314592/7,22470.85714285714,17a26c75f4324112297e1fe28968cca4ba630118878ef46e435c4c23d86105be
formal,240,sbm_fixed_count,6,n0240-r0006-sbm_fixed_count,fhs5,source,0,2880,6063,50900/7,246683/7,215210/7,1212441/7,80678.51773984115,17a26c75f4324112297e1fe28968cca4ba630118878ef46e435c4c23d86105be
formal,240,sbm_fixed_count,6,n0240-r0006-sbm_fixed_count,fhs5,binary_panel,0,19074/7,39580/7,90001/7,180002/7,109075/7,360004/7,25714.571428571428,17a26c75f4324112297e1fe28968cca4ba630118878ef46e435c4c23d86105be
formal,240,sbm_fixed_count,6,n0240-r0006-sbm_fixed_count,nch,source,0,2880,6063,39429/7,43473,280613/7,2525655/7,130542.17035373572,17a26c75f4324112297e1fe28968cca4ba630118878ef46e435c4c23d86105be
formal,240,sbm_fixed_count,6,n0240-r0006-sbm_fixed_count,nch,binary_panel,0,19613/7,11703/2,18595/2,18595,169391/14,37190,18595.0,17a26c75f4324112297e1fe28968cca4ba630118878ef46e435c4c23d86105be
formal,240,barabasi_albert,7,n0240-r0007-barabasi_albert,demand-aware,source,0,2880,42125/7,49261/7,238898/7,209317/7,1173904/7,78136.08103018934,8991b64212b4c3aa5907730192135629505e5cc3e6bcf8ebd4f11402d728bcbb
formal,240,barabasi_albert,7,n0240-r0007-barabasi_albert,demand-aware,binary_panel,0,19503/7,11495/2,155741/14,155741/7,27821/2,311482/7,22248.714285714286,8991b64212b4c3aa5907730192135629505e5cc3e6bcf8ebd4f11402d728bcbb
formal,240,barabasi_albert,7,n0240-r0007-barabasi_albert,fhs3,source,0,20159/7,6017,56022/7,165152/7,129247/7,489628/7,36907.22363784249,8991b64212b4c3aa5907730192135629505e5cc3e6bcf8ebd4f11402d728bcbb
formal,240,barabasi_albert,7,n0240-r0007-barabasi_albert,fhs3,binary_panel,0,38743/14,79319/14,142507/14,142507/7,90625/7,285014/7,20358.14285714286,8991b64212b4c3aa5907730192135629505e5cc3e6bcf8ebd4f11402d728bcbb
formal,240,barabasi_albert,7,n0240-r0007-barabasi_albert,fhs5,source,0,2880,42125/7,49261/7,238898/7,209317/7,1173904/7,78136.08103018934,8991b64212b4c3aa5907730192135629505e5cc3e6bcf8ebd4f11402d728bcbb
formal,240,barabasi_albert,7,n0240-r0007-barabasi_albert,fhs5,binary_panel,0,19503/7,11495/2,155741/14,155741/7,27821/2,311482/7,22248.714285714286,8991b64212b4c3aa5907730192135629505e5cc3e6bcf8ebd4f11402d728bcbb
formal,240,barabasi_albert,7,n0240-r0007-barabasi_albert,nch,source,0,20159/7,6017,35857/7,528754/7,500081/7,12001782/7,317852.57446778525,8991b64212b4c3aa5907730192135629505e5cc3e6bcf8ebd4f11402d728bcbb
formal,240,barabasi_albert,7,n0240-r0007-barabasi_albert,nch,binary_panel,0,19526/7,80113/14,131015/14,131015/7,170067/14,262030/7,18716.428571428572,8991b64212b4c3aa5907730192135629505e5cc3e6bcf8ebd4f11402d728bcbb
formal,240,er_gnm,7,n0240-r0007-er_gnm,demand-aware,source,0,2880,42125/7,49576/7,239689/7,209701/7,167885,78263.3465798452,01b8ed0bc34e714f6306a612e1e60f232a2b79e2e14fb534819d2e8e88c3e20e
formal,240,er_gnm,7,n0240-r0007-er_gnm,demand-aware,binary_panel,0,39775/14,82671/14,175197/14,175197/7,107486/7,350394/7,25028.14285714286,01b8ed0bc34e714f6306a612e1e60f232a2b79e2e14fb534819d2e8e88c3e20e
formal,240,er_gnm,7,n0240-r0007-er_gnm,fhs3,source,0,20136/7,42066/7,57189/7,168995/7,131885/7,501841/7,37834.52724366602,01b8ed0bc34e714f6306a612e1e60f232a2b79e2e14fb534819d2e8e88c3e20e
formal,240,er_gnm,7,n0240-r0007-er_gnm,fhs3,binary_panel,0,20011/7,41725/7,76905/7,153810/7,96916/7,307620/7,21972.85714285714,01b8ed0bc34e714f6306a612e1e60f232a2b79e2e14fb534819d2e8e88c3e20e
formal,240,er_gnm,7,n0240-r0007-er_gnm,fhs5,source,0,2880,42125/7,49576/7,239689/7,209701/7,167885,78263.3465798452,01b8ed0bc34e714f6306a612e1e60f232a2b79e2e14fb534819d2e8e88c3e20e
formal,240,er_gnm,7,n0240-r0007-er_gnm,fhs5,binary_panel,0,39775/14,82671/14,175197/14,175197/7,107486/7,350394/7,25028.14285714286,01b8ed0bc34e714f6306a612e1e60f232a2b79e2e14fb534819d2e8e88c3e20e
formal,240,er_gnm,7,n0240-r0007-er_gnm,nch,source,0,2880,42125/7,39036/7,308953/7,286138/7,2647021/7,134318.2277526082,01b8ed0bc34e714f6306a612e1e60f232a2b79e2e14fb534819d2e8e88c3e20e
formal,240,er_gnm,7,n0240-r0007-er_gnm,nch,binary_panel,0,20108/7,41960/7,67094/7,134188/7,87202/7,268376/7,19169.714285714286,01b8ed0bc34e714f6306a612e1e60f232a2b79e2e14fb534819d2e8e88c3e20e
formal,240,sbm_fixed_count,7,n0240-r0007-sbm_fixed_count,demand-aware,source,0,2880,42125/7,51246/7,249215/7,217097/7,1225295/7,81581.95492785264,069966db2474f908f02e6650d90f4935ddd739ec2ebfa7e777be5d10882899b7
formal,240,sbm_fixed_count,7,n0240-r0007-sbm_fixed_count,demand-aware,binary_panel,0,37585/14,5531,88570/7,177140/7,30675/2,354280/7,25305.714285714286,069966db2474f908f02e6650d90f4935ddd739ec2ebfa7e777be5d10882899b7
formal,240,sbm_fixed_count,7,n0240-r0007-sbm_fixed_count,fhs3,source,0,20044/7,41759/7,8663,178496/7,137771/7,528634/7,39842.87622125439,069966db2474f908f02e6650d90f4935ddd739ec2ebfa7e777be5d10882899b7
formal,240,sbm_fixed_count,7,n0240-r0007-sbm_fixed_count,fhs3,binary_panel,0,19169/7,79251/14,78664/7,157328/7,97833/7,314656/7,22475.428571428572,069966db2474f908f02e6650d90f4935ddd739ec2ebfa7e777be5d10882899b7
formal,240,sbm_fixed_count,7,n0240-r0007-sbm_fixed_count,fhs5,source,0,2880,42125/7,51246/7,249215/7,217097/7,1225295/7,81581.95492785264,069966db2474f908f02e6650d90f4935ddd739ec2ebfa7e777be5d10882899b7
formal,240,sbm_fixed_count,7,n0240-r0007-sbm_fixed_count,fhs5,binary_panel,0,37585/14,5531,88570/7,177140/7,30675/2,354280/7,25305.714285714286,069966db2474f908f02e6650d90f4935ddd739ec2ebfa7e777be5d10882899b7
formal,240,sbm_fixed_count,7,n0240-r0007-sbm_fixed_count,nch,source,0,20152/7,42111/7,39275/7,43460,281009/7,364770,130906.04668280123,069966db2474f908f02e6650d90f4935ddd739ec2ebfa7e777be5d10882899b7
formal,240,sbm_fixed_count,7,n0240-r0007-sbm_fixed_count,nch,binary_panel,0,19569/7,40582/7,66146/7,132292/7,12245,264584/7,18898.85714285714,069966db2474f908f02e6650d90f4935ddd739ec2ebfa7e777be5d10882899b7
formal,240,barabasi_albert,8,n0240-r0008-barabasi_albert,demand-aware,source,0,2880,42199/7,49285/7,239573/7,209998/7,1178923/7,78446.73953505729,e7d9eea444f6dbfdb5c537c678616d78b5f95f2050afff8f757ef7f1143b3240
formal,240,barabasi_albert,8,n0240-r0008-barabasi_albert,demand-aware,binary_panel,0,18862/7,38212/7,78300/7,156600/7,97162/7,313200/7,22371.428571428572,e7d9eea444f6dbfdb5c537c678616d78b5f95f2050afff8f757ef7f1143b3240
formal,240,barabasi_albert,8,n0240-r0008-barabasi_albert,fhs3,source,0,20130/7,42076/7,57467/7,24269,132409/7,504613/7,38044.616193768634,e7d9eea444f6dbfdb5c537c678616d78b5f95f2050afff8f757ef7f1143b3240
formal,240,barabasi_albert,8,n0240-r0008-barabasi_albert,fhs3,binary_panel,0,19206/7,39184/7,71079/7,142158/7,90285/7,284316/7,20308.285714285714,e7d9eea444f6dbfdb5c537c678616d78b5f95f2050afff8f757ef7f1143b3240
formal,240,barabasi_albert,8,n0240-r0008-barabasi_albert,fhs5,source,0,2880,42199/7,49285/7,239573/7,209998/7,1178923/7,78446.73953505729,e7d9eea444f6dbfdb5c537c678616d78b5f95f2050afff8f757ef7f1143b3240
formal,240,barabasi_albert,8,n0240-r0008-barabasi_albert,fhs5,binary_panel,0,18862/7,38212/7,78300/7,156600/7,97162/7,313200/7,22371.428571428572,e7d9eea444f6dbfdb5c537c678616d78b5f95f2050afff8f757ef7f1143b3240
formal,240,barabasi_albert,8,n0240-r0008-barabasi_albert,nch,source,0,20159/7,42193/7,5129,549792/7,519924/7,12963548/7,334548.11528601113,e7d9eea444f6dbfdb5c537c678616d78b5f95f2050afff8f757ef7f1143b3240
formal,240,barabasi_albert,8,n0240-r0008-barabasi_albert,nch,binary_panel,0,19744/7,5835,64580/7,129160/7,84324/7,258320/7,18451.428571428572,e7d9eea444f6dbfdb5c537c678616d78b5f95f2050afff8f757ef7f1143b3240
formal,240,er_gnm,8,n0240-r0008-er_gnm,demand-aware,source,0,2879,42180/7,7070,240445/7,210487/7,1182543/7,78701.32855531336,3d3ae0c707ffe374535f515ef0a633dd22637964bc1dae8869f206d26f1a1414
formal,240,er_gnm,8,n0240-r0008-er_gnm,demand-aware,binary_panel,0,39891/14,83171/14,87446/7,174892/7,214783/14,349784/7,24984.571428571428,3d3ae0c707ffe374535f515ef0a633dd22637964bc1dae8869f206d26f1a1414
formal,240,er_gnm,8,n0240-r0008-er_gnm,fhs3,source,0,2880,42199/7,57955/7,24383,132849/7,505675/7,38113.99191157077,3d3ae0c707ffe374535f515ef0a633dd22637964bc1dae8869f206d26f1a1414
formal,240,er_gnm,8,n0240-r0008-er_gnm,fhs3,binary_panel,0,20000/7,41777/7,77073/7,154146/7,97073/7,308292/7,22020.85714285714,3d3ae0c707ffe374535f515ef0a633dd22637964bc1dae8869f206d26f1a1414
formal,240,er_gnm,8,n0240-r0008-er_gnm,fhs5,source,0,2879,42180/7,7070,240445/7,210487/7,1182543/7,78701.32855531336,3d3ae0c707ffe374535f515ef0a633dd22637964bc1dae8869f206d26f1a1414
formal,240,er_gnm,8,n0240-r0008-er_gnm,fhs5,binary_panel,0,39891/14,83171/14,87446/7,174892/7,214783/14,349784/7,24984.571428571428,3d3ae0c707ffe374535f515ef0a633dd22637964bc1dae8869f206d26f1a1414
formal,240,er_gnm,8,n0240-r0008-er_gnm,nch,source,0,2880,42199/7,39016/7,316502/7,293227/7,2803466/7,139532.54922649157,3d3ae0c707ffe374535f515ef0a633dd22637964bc1dae8869f206d26f1a1414
formal,240,er_gnm,8,n0240-r0008-er_gnm,nch,binary_panel,0,20075/7,83879/14,132557/14,132557/7,172707/14,265114/7,18936.714285714286,3d3ae0c707ffe374535f515ef0a633dd22637964bc1dae8869f206d26f1a1414
formal,240,sbm_fixed_count,8,n0240-r0008-sbm_fixed_count,demand-aware,source,0,2880,42199/7,50831/7,247214/7,215563/7,1218052/7,80998.3894854046,87d43e403379796fe392b544028669bd6a4f50139100773ee516fe6158d74d75
formal,240,sbm_fixed_count,8,n0240-r0008-sbm_fixed_count,demand-aware,binary_panel,0,19052/7,39364/7,12840,25680,108932/7,51360,25680.0,87d43e403379796fe392b544028669bd6a4f50139100773ee516fe6158d74d75
formal,240,sbm_fixed_count,8,n0240-r0008-sbm_fixed_count,fhs3,source,0,19938/7,41625/7,59331/7,174812/7,135321/7,518074/7,39049.84760663982,87d43e403379796fe392b544028669bd6a4f50139100773ee516fe6158d74d75
formal,240,sbm_fixed_count,8,n0240-r0008-sbm_fixed_count,fhs3,binary_panel,0,19265/7,5705,78731/7,157462/7,97996/7,314924/7,22494.571428571428,87d43e403379796fe392b544028669bd6a4f50139100773ee516fe6158d74d75
formal,240,sbm_fixed_count,8,n0240-r0008-sbm_fixed_count,fhs5,source,0,2880,42199/7,50831/7,247214/7,215563/7,1218052/7,80998.3894854046,87d43e403379796fe392b544028669bd6a4f50139100773ee516fe6158d74d75
formal,240,sbm_fixed_count,8,n0240-r0008-sbm_fixed_count,fhs5,binary_panel,0,19052/7,39364/7,12840,25680,108932/7,51360,25680.0,87d43e403379796fe392b544028669bd6a4f50139100773ee516fe6158d74d75
formal,240,sbm_fixed_count,8,n0240-r0008-sbm_fixed_count,nch,source,0,2880,42199/7,5617,304515/7,281361/7,2532925/7,130785.07672812956,87d43e403379796fe392b544028669bd6a4f50139100773ee516fe6158d74d75
formal,240,sbm_fixed_count,8,n0240-r0008-sbm_fixed_count,nch,binary_panel,0,5581/2,40562/7,132241/14,132241/7,85654/7,264482/7,18891.571428571428,87d43e403379796fe392b544028669bd6a4f50139100773ee516fe6158d74d75
formal,240,barabasi_albert,9,n0240-r0009-barabasi_albert,demand-aware,source,0,2880,42628/7,49271/7,33877,29639,1161257/7,77312.30710140799,72b83c4665dd572804b35b1b977343c4b2a782bb48257bd8421e458aedce1aed
formal,240,barabasi_albert,9,n0240-r0009-barabasi_albert,demand-aware,binary_panel,0,19319/7,80013/14,77094/7,154188/7,96413/7,308376/7,22026.85714285714,72b83c4665dd572804b35b1b977343c4b2a782bb48257bd8421e458aedce1aed
formal,240,barabasi_albert,9,n0240-r0009-barabasi_albert,fhs3,source,0,2880,42628/7,56163/7,166084/7,129985/7,493442/7,37203.32033447196,72b83c4665dd572804b35b1b977343c4b2a782bb48257bd8421e458aedce1aed
formal,240,barabasi_albert,9,n0240-r0009-barabasi_albert,fhs3,binary_panel,0,39033/14,40672/7,70188/7,140376/7,179409/14,280752/7,20053.714285714286,72b83c4665dd572804b35b1b977343c4b2a782bb48257bd8421e458aedce1aed
formal,240,barabasi_albert,9,n0240-r0009-barabasi_albert,fhs5,source,0,2880,42628/7,49271/7,33877,29639,1161257/7,77312.30710140799,72b83c4665dd572804b35b1b977343c4b2a782bb48257bd8421e458aedce1aed
formal,240,barabasi_albert,9,n0240-r0009-barabasi_albert,fhs5,binary_panel,0,19319/7,80013/14,77094/7,154188/7,96413/7,308376/7,22026.85714285714,72b83c4665dd572804b35b1b977343c4b2a782bb48257bd8421e458aedce1aed
formal,240,barabasi_albert,9,n0240-r0009-barabasi_albert,nch,source,0,2880,42628/7,35328/7,644360/7,610429/7,19504012/7,424124.7055595379,72b83c4665dd572804b35b1b977343c4b2a782bb48257bd8421e458aedce1aed
formal,240,barabasi_albert,9,n0240-r0009-barabasi_albert,nch,binary_panel,0,19762/7,82711/14,64755/7,129510/7,84517/7,259020/7,18501.428571428572,72b83c4665dd572804b35b1b977343c4b2a782bb48257bd8421e458aedce1aed
formal,240,er_gnm,9,n0240-r0009-er_gnm,demand-aware,source,0,20156/7,42610/7,49569/7,240601/7,210494/7,1183037/7,78729.7677214084,eac5719b733ee562421f6f3a5604bd1de3bbeba77f745516d1b04654b8389508
formal,240,er_gnm,9,n0240-r0009-er_gnm,demand-aware,binary_panel,0,20040/7,42258/7,173849/14,173849/7,213929/14,347698/7,24835.571428571428,eac5719b733ee562421f6f3a5604bd1de3bbeba77f745516d1b04654b8389508
formal,240,er_gnm,9,n0240-r0009-er_gnm,fhs3,source,0,20151/7,42603/7,57462/7,169466/7,132052/7,71794,37883.01059185713,eac5719b733ee562421f6f3a5604bd1de3bbeba77f745516d1b04654b8389508
formal,240,er_gnm,9,n0240-r0009-er_gnm,fhs3,binary_panel,0,20056/7,42330/7,153859/14,153859/7,193971/14,307718/7,21979.85714285714,eac5719b733ee562421f6f3a5604bd1de3bbeba77f745516d1b04654b8389508
formal,240,er_gnm,9,n0240-r0009-er_gnm,fhs5,source,0,20156/7,42610/7,49569/7,240601/7,210494/7,1183037/7,78729.7677214084,eac5719b733ee562421f6f3a5604bd1de3bbeba77f745516d1b04654b8389508
formal,240,er_gnm,9,n0240-r0009-er_gnm,fhs5,binary_panel,0,20040/7,42258/7,173849/14,173849/7,213929/14,347698/7,24835.571428571428,eac5719b733ee562421f6f3a5604bd1de3bbeba77f745516d1b04654b8389508
formal,240,er_gnm,9,n0240-r0009-er_gnm,nch,source,0,2880,42628/7,38856/7,304575/7,282227/7,2557587/7,131490.7010407266,eac5719b733ee562421f6f3a5604bd1de3bbeba77f745516d1b04654b8389508
formal,240,er_gnm,9,n0240-r0009-er_gnm,nch,binary_panel,0,20116/7,6070,66608/7,133216/7,86724/7,266432/7,19030.85714285714,eac5719b733ee562421f6f3a5604bd1de3bbeba77f745516d1b04654b8389508
formal,240,sbm_fixed_count,9,n0240-r0009-sbm_fixed_count,demand-aware,source,0,2880,42628/7,51038/7,247060/7,215198/7,1213586/7,80760.72294647983,a4e5d26c72ed95ba71ef0f645df228e8e4624264ec17311cbbc785dbea9e8466
formal,240,sbm_fixed_count,9,n0240-r0009-sbm_fixed_count,demand-aware,binary_panel,0,5323/2,38897/7,174467/14,174467/7,105864/7,348934/7,24923.85714285714,a4e5d26c72ed95ba71ef0f645df228e8e4624264ec17311cbbc785dbea9e8466
formal,240,sbm_fixed_count,9,n0240-r0009-sbm_fixed_count,fhs3,source,0,19823/7,41745/7,59617/7,176293/7,136362/7,523763/7,39489.3037122779,a4e5d26c72ed95ba71ef0f645df228e8e4624264ec17311cbbc785dbea9e8466
formal,240,sbm_fixed_count,9,n0240-r0009-sbm_fixed_count,fhs3,binary_panel,0,18909/7,79095/14,152407/14,152407/7,27175/2,304814/7,21772.428571428572,a4e5d26c72ed95ba71ef0f645df228e8e4624264ec17311cbbc785dbea9e8466
formal,240,sbm_fixed_count,9,n0240-r0009-sbm_fixed_count,fhs5,source,0,2880,42628/7,51038/7,247060/7,215198/7,1213586/7,80760.72294647983,a4e5d26c72ed95ba71ef0f645df228e8e4624264ec17311cbbc785dbea9e8466
formal,240,sbm_fixed_count,9,n0240-r0009-sbm_fixed_count,fhs5,binary_panel,0,5323/2,38897/7,174467/14,174467/7,105864/7,348934/7,24923.85714285714,a4e5d26c72ed95ba71ef0f645df228e8e4624264ec17311cbbc785dbea9e8466
formal,240,sbm_fixed_count,9,n0240-r0009-sbm_fixed_count,nch,source,0,20158/7,42619/7,39461/7,321551/7,42460,402523,141526.45000715205,a4e5d26c72ed95ba71ef0f645df228e8e4624264ec17311cbbc785dbea9e8466
formal,240,sbm_fixed_count,9,n0240-r0009-sbm_fixed_count,nch,binary_panel,0,19315/7,80993/14,131261/14,131261/7,169891/14,262522/7,18751.571428571428,a4e5d26c72ed95ba71ef0f645df228e8e4624264ec17311cbbc785dbea9e8466
formal,240,barabasi_albert,10,n0240-r0010-barabasi_albert,demand-aware,source,0,2880,6044,49100/7,238823/7,209418/7,1177123/7,78265.52067971804,d4be031ae82edc9d55e80d1dde4b72313317aca04196b9366917cbc4a2bd1236
formal,240,barabasi_albert,10,n0240-r0010-barabasi_albert,demand-aware,binary_panel,0,19510/7,40275/7,77226/7,154452/7,96736/7,308904/7,22064.571428571428,d4be031ae82edc9d55e80d1dde4b72313317aca04196b9366917cbc4a2bd1236
formal,240,barabasi_albert,10,n0240-r0010-barabasi_albert,fhs3,source,0,20152/7,42278/7,7996,165082/7,18449,489578/7,36904.74458428034,d4be031ae82edc9d55e80d1dde4b72313317aca04196b9366917cbc4a2bd1236
formal,240,barabasi_albert,10,n0240-r0010-barabasi_albert,fhs3,binary_panel,0,19630/7,5804,69400/7,138800/7,89030/7,277600/7,19828.571428571428,d4be031ae82edc9d55e80d1dde4b72313317aca04196b9366917cbc4a2bd1236
formal,240,barabasi_albert,10,n0240-r0010-barabasi_albert,fhs5,source,0,2880,6044,49100/7,238823/7,209418/7,1177123/7,78265.52067971804,d4be031ae82edc9d55e80d1dde4b72313317aca04196b9366917cbc4a2bd1236
formal,240,barabasi_albert,10,n0240-r0010-barabasi_albert,fhs5,binary_panel,0,19510/7,40275/7,77226/7,154452/7,96736/7,308904/7,22064.571428571428,d4be031ae82edc9d55e80d1dde4b72313317aca04196b9366917cbc4a2bd1236
formal,240,barabasi_albert,10,n0240-r0010-barabasi_albert,nch,source,0,2880,6044,35562/7,573962/7,543793/7,14106272/7,355023.62733866036,d4be031ae82edc9d55e80d1dde4b72313317aca04196b9366917cbc4a2bd1236
formal,240,barabasi_albert,10,n0240-r0010-barabasi_albert,nch,binary_panel,0,19792/7,82063/14,130215/14,130215/7,24257/2,260430/7,18602.14285714286,d4be031ae82edc9d55e80d1dde4b72313317aca04196b9366917cbc4a2bd1236
formal,240,er_gnm,10,n0240-r0010-er_gnm,demand-aware,source,0,2880,6044,49199/7,239830/7,30040,1182224/7,78633.68718059032,48dfbda41f336db0afe22718489fe1995a0160f57de19578a0af7b74b9a80e9a
formal,240,er_gnm,10,n0240-r0010-er_gnm,demand-aware,binary_panel,0,19916/7,41568/7,24789/2,24789,213355/14,49578,24789.0,48dfbda41f336db0afe22718489fe1995a0160f57de19578a0af7b74b9a80e9a
formal,240,er_gnm,10,n0240-r0010-er_gnm,fhs3,source,0,20159/7,42302/7,57364/7,169409/7,132149/7,502861/7,37909.71478654294,48dfbda41f336db0afe22718489fe1995a0160f57de19578a0af7b74b9a80e9a
formal,240,er_gnm,10,n0240-r0010-er_gnm,fhs3,binary_panel,0,20037/7,41926/7,76697/7,153394/7,96734/7,306788/7,21913.428571428572,48dfbda41f336db0afe22718489fe1995a0160f57de19578a0af7b74b9a80e9a
formal,240,er_gnm,10,n0240-r0010-er_gnm,fhs5,source,0,2880,6044,49199/7,239830/7,30040,1182224/7,78633.68718059032,48dfbda41f336db0afe22718489fe1995a0160f57de19578a0af7b74b9a80e9a
formal,240,er_gnm,10,n0240-r0010-er_gnm,fhs5,binary_panel,0,19916/7,41568/7,24789/2,24789,213355/14,49578,24789.0,48dfbda41f336db0afe22718489fe1995a0160f57de19578a0af7b74b9a80e9a
formal,240,er_gnm,10,n0240-r0010-er_gnm,nch,source,0,2880,6044,38618/7,43807,284286/7,2674041/7,133893.1657608682,48dfbda41f336db0afe22718489fe1995a0160f57de19578a0af7b74b9a80e9a
formal,240,er_gnm,10,n0240-r0010-er_gnm,nch,binary_panel,0,2874,84341/14,18715/2,18715,24463/2,37430,18715.0,48dfbda41f336db0afe22718489fe1995a0160f57de19578a0af7b74b9a80e9a
formal,240,sbm_fixed_count,10,n0240-r0010-sbm_fixed_count,demand-aware,source,0,2880,6044,50850/7,247426/7,215955/7,173978,81043.52230085483,ccb410d18134972592a8b01271a74d6f018f134d9a0abb4fb80e22c6758f5062
formal,240,sbm_fixed_count,10,n0240-r0010-sbm_fixed_count,demand-aware,binary_panel,0,38371/14,39727/7,178357/14,178357/7,108364/7,356714/7,25479.571428571428,ccb410d18134972592a8b01271a74d6f018f134d9a0abb4fb80e22c6758f5062
formal,240,sbm_fixed_count,10,n0240-r0010-sbm_fixed_count,fhs3,source,0,2863,41932/7,59896/7,25087,135648/7,518669/7,39080.2222440369,ccb410d18134972592a8b01271a74d6f018f134d9a0abb4fb80e22c6758f5062
formal,240,sbm_fixed_count,10,n0240-r0010-sbm_fixed_count,fhs3,binary_panel,0,19321/7,40087/7,11027,22054,96510/7,44108,22054.0,ccb410d18134972592a8b01271a74d6f018f134d9a0abb4fb80e22c6758f5062
formal,240,sbm_fixed_count,10,n0240-r0010-sbm_fixed_count,fhs5,source,0,2880,6044,50850/7,247426/7,215955/7,173978,81043.52230085483,ccb410d18134972592a8b01271a74d6f018f134d9a0abb4fb80e22c6758f5062
formal,240,sbm_fixed_count,10,n0240-r0010-sbm_fixed_count,fhs5,binary_panel,0,38371/14,39727/7,178357/14,178357/7,108364/7,356714/7,25479.571428571428,ccb410d18134972592a8b01271a74d6f018f134d9a0abb4fb80e22c6758f5062
formal,240,sbm_fixed_count,10,n0240-r0010-sbm_fixed_count,nch,source,0,2880,6044,38942/7,304567/7,281747/7,366117,131454.89620271552,ccb410d18134972592a8b01271a74d6f018f134d9a0abb4fb80e22c6758f5062
formal,240,sbm_fixed_count,10,n0240-r0010-sbm_fixed_count,nch,binary_panel,0,39455/14,5867,18771/2,18771,85426/7,37542,18771.0,ccb410d18134972592a8b01271a74d6f018f134d9a0abb4fb80e22c6758f5062
formal,240,barabasi_albert,11,n0240-r0011-barabasi_albert,demand-aware,source,0,2880,42495/7,49586/7,241460/7,211630/7,1188506/7,79098.11669444946,0ff775f824866b0d032ba89ed856db2196362a0a912195daf30383456253ee0a
formal,240,barabasi_albert,11,n0240-r0011-barabasi_albert,demand-aware,binary_panel,0,19489/7,5763,78434/7,156868/7,13989,313736/7,22409.714285714286,0ff775f824866b0d032ba89ed856db2196362a0a912195daf30383456253ee0a
formal,240,barabasi_albert,11,n0240-r0011-barabasi_albert,fhs3,source,0,20159/7,42489/7,7985,165121/7,18475,490235/7,36958.700768268565,0ff775f824866b0d032ba89ed856db2196362a0a912195daf30383456253ee0a
formal,240,barabasi_albert,11,n0240-r0011-barabasi_albert,fhs3,binary_panel,0,19709/7,40923/7,71493/7,142986/7,91202/7,285972/7,20426.571428571428,0ff775f824866b0d032ba89ed856db2196362a0a912195daf30383456253ee0a
formal,240,barabasi_albert,11,n0240-r0011-barabasi_albert,fhs5,source,0,2880,42495/7,49586/7,241460/7,211630/7,1188506/7,79098.11669444946,0ff775f824866b0d032ba89ed856db2196362a0a912195daf30383456253ee0a
formal,240,barabasi_albert,11,n0240-r0011-barabasi_albert,fhs5,binary_panel,0,19489/7,5763,78434/7,156868/7,13989,313736/7,22409.714285714286,0ff775f824866b0d032ba89ed856db2196362a0a912195daf30383456253ee0a
formal,240,barabasi_albert,11,n0240-r0011-barabasi_albert,nch,source,0,2880,42495/7,35288/7,636662/7,603205/7,18421220/7,414460.631949701,0ff775f824866b0d032ba89ed856db2196362a0a912195daf30383456253ee0a
formal,240,barabasi_albert,11,n0240-r0011-barabasi_albert,nch,binary_panel,0,39631/14,82475/14,133237/14,133237/7,86434/7,266474/7,19033.85714285714,0ff775f824866b0d032ba89ed856db2196362a0a912195daf30383456253ee0a
formal,240,er_gnm,11,n0240-r0011-er_gnm,demand-aware,source,0,2880,42495/7,49809/7,241589/7,211214/7,1189987/7,79103.86137761988,c50197930e8407e2bf8e32593d5728003e787ce73b9fe2270f73f02f3aeebc9a
formal,240,er_gnm,11,n0240-r0011-er_gnm,demand-aware,binary_panel,0,19945/7,41850/7,87310/7,174620/7,107255/7,349240/7,24945.714285714286,c50197930e8407e2bf8e32593d5728003e787ce73b9fe2270f73f02f3aeebc9a
formal,240,er_gnm,11,n0240-r0011-er_gnm,fhs3,source,0,20156/7,42487/7,8265,24305,132359/7,71935,37949.25032932097,c50197930e8407e2bf8e32593d5728003e787ce73b9fe2270f73f02f3aeebc9a
formal,240,er_gnm,11,n0240-r0011-er_gnm,fhs3,binary_panel,0,20049/7,42151/7,77012/7,154024/7,97061/7,308048/7,22003.428571428572,c50197930e8407e2bf8e32593d5728003e787ce73b9fe2270f73f02f3aeebc9a
formal,240,er_gnm,11,n0240-r0011-er_gnm,fhs5,source,0,2880,42495/7,49809/7,241589/7,211214/7,1189987/7,79103.86137761988,c50197930e8407e2bf8e32593d5728003e787ce73b9fe2270f73f02f3aeebc9a
formal,240,er_gnm,11,n0240-r0011-er_gnm,fhs5,binary_panel,0,19945/7,41850/7,87310/7,174620/7,107255/7,349240/7,24945.714285714286,c50197930e8407e2bf8e32593d5728003e787ce73b9fe2270f73f02f3aeebc9a
formal,240,er_gnm,11,n0240-r0011-er_gnm,nch,source,0,2880,42495/7,5603,308249/7,285071/7,2649369/7,133944.03835649733,c50197930e8407e2bf8e32593d5728003e787ce73b9fe2270f73f02f3aeebc9a
formal,240,er_gnm,11,n0240-r0011-er_gnm,nch,binary_panel,0,20115/7,84677/14,66345/7,132690/7,86460/7,265380/7,18955.714285714286,c50197930e8407e2bf8e32593d5728003e787ce73b9fe2270f73f02f3aeebc9a
formal,240,sbm_fixed_count,11,n0240-r0011-sbm_fixed_count,demand-aware,source,0,2878,6063,51831/7,252079/7,31342,1240623/7,82555.30818414618,dd4397a63009ed85924f580ae257d02e494c7c6facd7dcc26cdaa479d81e390f
formal,240,sbm_fixed_count,11,n0240-r0011-sbm_fixed_count,demand-aware,binary_panel,0,18910/7,39294/7,89389/7,178778/7,108299/7,357556/7,25539.714285714286,dd4397a63009ed85924f580ae257d02e494c7c6facd7dcc26cdaa479d81e390f
formal,240,sbm_fixed_count,11,n0240-r0011-sbm_fixed_count,fhs3,source,0,2863,42115/7,60244/7,177761/7,137426/7,527341/7,39752.66741591547,dd4397a63009ed85924f580ae257d02e494c7c6facd7dcc26cdaa479d81e390f
formal,240,sbm_fixed_count,11,n0240-r0011-sbm_fixed_count,fhs3,binary_panel,0,2722,39688/7,78878/7,157756/7,97932/7,315512/7,22536.571428571428,dd4397a63009ed85924f580ae257d02e494c7c6facd7dcc26cdaa479d81e390f
formal,240,sbm_fixed_count,11,n0240-r0011-sbm_fixed_count,fhs5,source,0,2878,6063,51831/7,252079/7,31342,1240623/7,82555.30818414618,dd4397a63009ed85924f580ae257d02e494c7c6facd7dcc26cdaa479d81e390f
formal,240,sbm_fixed_count,11,n0240-r0011-sbm_fixed_count,fhs5,binary_panel,0,18910/7,39294/7,89389/7,178778/7,108299/7,357556/7,25539.714285714286,dd4397a63009ed85924f580ae257d02e494c7c6facd7dcc26cdaa479d81e390f
formal,240,sbm_fixed_count,11,n0240-r0011-sbm_fixed_count,nch,source,0,20157/7,42477/7,5636,318837/7,294647/7,2768735/7,139769.72401153637,dd4397a63009ed85924f580ae257d02e494c7c6facd7dcc26cdaa479d81e390f
formal,240,sbm_fixed_count,11,n0240-r0011-sbm_fixed_count,nch,binary_panel,0,19387/7,80963/14,130751/14,130751/7,169525/14,261502/7,18678.714285714286,dd4397a63009ed85924f580ae257d02e494c7c6facd7dcc26cdaa479d81e390f
formal,240,barabasi_albert,12,n0240-r0012-barabasi_albert,demand-aware,source,0,2880,42212/7,49220/7,237514/7,208111/7,1164742/7,77529.77578130519,675fb91af39a0ece9990d1db4ebce02d6138c00f3afc6bfd8782a60df44a2d00
formal,240,barabasi_albert,12,n0240-r0012-barabasi_albert,demand-aware,binary_panel,0,2696,37998/7,78384/7,156768/7,97256/7,313536/7,22395.428571428572,675fb91af39a0ece9990d1db4ebce02d6138c00f3afc6bfd8782a60df44a2d00
formal,240,barabasi_albert,12,n0240-r0012-barabasi_albert,fhs3,source,0,20152/7,6027,56270/7,165701/7,129517/7,490885/7,36998.9392146446,675fb91af39a0ece9990d1db4ebce02d6138c00f3afc6bfd8782a60df44a2d00
formal,240,barabasi_albert,12,n0240-r0012-barabasi_albert,fhs3,binary_panel,0,38589/14,39355/7,71317/7,142634/7,25889/2,285268/7,20376.285714285714,675fb91af39a0ece9990d1db4ebce02d6138c00f3afc6bfd8782a60df44a2d00
formal,240,barabasi_albert,12,n0240-r0012-barabasi_albert,fhs5,source,0,2880,42212/7,49220/7,237514/7,208111/7,1164742/7,77529.77578130519,675fb91af39a0ece9990d1db4ebce02d6138c00f3afc6bfd8782a60df44a2d00
formal,240,barabasi_albert,12,n0240-r0012-barabasi_albert,fhs5,binary_panel,0,2696,37998/7,78384/7,156768/7,97256/7,313536/7,22395.428571428572,675fb91af39a0ece9990d1db4ebce02d6138c00f3afc6bfd8782a60df44a2d00
formal,240,barabasi_albert,12,n0240-r0012-barabasi_albert,nch,source,0,2880,42212/7,35874/7,557931/7,526601/7,13659719/7,343163.4441904901,675fb91af39a0ece9990d1db4ebce02d6138c00f3afc6bfd8782a60df44a2d00
formal,240,barabasi_albert,12,n0240-r0012-barabasi_albert,nch,binary_panel,0,19863/7,41252/7,64297/7,128594/7,84160/7,257188/7,18370.571428571428,675fb91af39a0ece9990d1db4ebce02d6138c00f3afc6bfd8782a60df44a2d00
formal,240,er_gnm,12,n0240-r0012-er_gnm,demand-aware,source,0,20148/7,42183/7,49309/7,239117/7,209329/7,167999,78237.29320845105,ad95a89545e1f44eeb8bea02651cd2f870db6536e823b86673c5980d2453beb5
formal,240,er_gnm,12,n0240-r0012-er_gnm,demand-aware,binary_panel,0,39931/14,11895/2,87701/7,175402/7,215333/14,350804/7,25057.428571428572,ad95a89545e1f44eeb8bea02651cd2f870db6536e823b86673c5980d2453beb5
formal,240,er_gnm,12,n0240-r0012-er_gnm,fhs3,source,0,20126/7,42128/7,57492/7,168832/7,131408/7,499208/7,37618.45460235692,ad95a89545e1f44eeb8bea02651cd2f870db6536e823b86673c5980d2453beb5
formal,240,er_gnm,12,n0240-r0012-er_gnm,fhs3,binary_panel,0,20072/7,41941/7,77111/7,154222/7,97183/7,308444/7,22031.714285714286,ad95a89545e1f44eeb8bea02651cd2f870db6536e823b86673c5980d2453beb5
formal,240,er_gnm,12,n0240-r0012-er_gnm,fhs5,source,0,20148/7,42183/7,49309/7,239117/7,209329/7,167999,78237.29320845105,ad95a89545e1f44eeb8bea02651cd2f870db6536e823b86673c5980d2453beb5
formal,240,er_gnm,12,n0240-r0012-er_gnm,fhs5,binary_panel,0,39931/14,11895/2,87701/7,175402/7,215333/14,350804/7,25057.428571428572,ad95a89545e1f44eeb8bea02651cd2f870db6536e823b86673c5980d2453beb5
formal,240,er_gnm,12,n0240-r0012-er_gnm,nch,source,0,2880,42212/7,39066/7,315923/7,41818,2743841/7,138446.40520831812,ad95a89545e1f44eeb8bea02651cd2f870db6536e823b86673c5980d2453beb5
formal,240,er_gnm,12,n0240-r0012-er_gnm,nch,binary_panel,0,20105/7,42054/7,132515/14,132515/7,24675/2,265030/7,18930.714285714286,ad95a89545e1f44eeb8bea02651cd2f870db6536e823b86673c5980d2453beb5
formal,240,sbm_fixed_count,12,n0240-r0012-sbm_fixed_count,demand-aware,source,0,2880,42212/7,50948/7,250294/7,218557/7,1238828/7,82352.54758698966,814ec7b0354de5ff18f1703ccd50cbbd49016b027635c33435759a847020a192
formal,240,sbm_fixed_count,12,n0240-r0012-sbm_fixed_count,demand-aware,binary_panel,0,18906/7,38950/7,91330/7,182660/7,15748,365320/7,26094.285714285714,814ec7b0354de5ff18f1703ccd50cbbd49016b027635c33435759a847020a192
formal,240,sbm_fixed_count,12,n0240-r0012-sbm_fixed_count,fhs3,source,0,20043/7,41781/7,60598/7,178830/7,19729,530562/7,39995.88375709847,814ec7b0354de5ff18f1703ccd50cbbd49016b027635c33435759a847020a192
formal,240,sbm_fixed_count,12,n0240-r0012-sbm_fixed_count,fhs3,binary_panel,0,2749,39784/7,79043/7,158086/7,98286/7,316172/7,22583.714285714286,814ec7b0354de5ff18f1703ccd50cbbd49016b027635c33435759a847020a192
formal,240,sbm_fixed_count,12,n0240-r0012-sbm_fixed_count,fhs5,source,0,2880,42212/7,50948/7,250294/7,218557/7,1238828/7,82352.54758698966,814ec7b0354de5ff18f1703ccd50cbbd49016b027635c33435759a847020a192
formal,240,sbm_fixed_count,12,n0240-r0012-sbm_fixed_count,fhs5,binary_panel,0,18906/7,38950/7,91330/7,182660/7,15748,365320/7,26094.285714285714,814ec7b0354de5ff18f1703ccd50cbbd49016b027635c33435759a847020a192
formal,240,sbm_fixed_count,12,n0240-r0012-sbm_fixed_count,nch,source,0,2880,42212/7,39443/7,309027/7,284993/7,2603395/7,133524.7756525876,814ec7b0354de5ff18f1703ccd50cbbd49016b027635c33435759a847020a192
formal,240,sbm_fixed_count,12,n0240-r0012-sbm_fixed_count,nch,binary_panel,0,19647/7,5816,66649/7,133298/7,12328,266596/7,19042.571428571428,814ec7b0354de5ff18f1703ccd50cbbd49016b027635c33435759a847020a192
formal,240,barabasi_albert,13,n0240-r0013-barabasi_albert,demand-aware,source,0,2880,42457/7,49489/7,239510/7,209708/7,1177032/7,78302.64831580936,c36d912528dfa87ac6c43a60077dda4689643d2bf25ec88c04ffb7e1511efcc7
formal,240,barabasi_albert,13,n0240-r0013-barabasi_albert,demand-aware,binary_panel,0,38725/14,40140/7,157069/14,157069/7,97897/7,314138/7,22438.428571428572,c36d912528dfa87ac6c43a60077dda4689643d2bf25ec88c04ffb7e1511efcc7
formal,240,barabasi_albert,13,n0240-r0013-barabasi_albert,fhs3,source,0,2880,42457/7,56587/7,167082/7,130540/7,495888/7,37383.49649523261,c36d912528dfa87ac6c43a60077dda4689643d2bf25ec88c04ffb7e1511efcc7
formal,240,barabasi_albert,13,n0240-r0013-barabasi_albert,fhs3,binary_panel,0,39117/14,81369/14,70902/7,141804/7,180921/14,283608/7,20257.714285714286,c36d912528dfa87ac6c43a60077dda4689643d2bf25ec88c04ffb7e1511efcc7
formal,240,barabasi_albert,13,n0240-r0013-barabasi_albert,fhs5,source,0,2880,42457/7,49489/7,239510/7,209708/7,1177032/7,78302.64831580936,c36d912528dfa87ac6c43a60077dda4689643d2bf25ec88c04ffb7e1511efcc7
formal,240,barabasi_albert,13,n0240-r0013-barabasi_albert,fhs5,binary_panel,0,38725/14,40140/7,157069/14,157069/7,97897/7,314138/7,22438.428571428572,c36d912528dfa87ac6c43a60077dda4689643d2bf25ec88c04ffb7e1511efcc7
formal,240,barabasi_albert,13,n0240-r0013-barabasi_albert,nch,source,0,20159/7,42451/7,35958/7,568048/7,537011/7,13874614/7,350814.74832047336,c36d912528dfa87ac6c43a60077dda4689643d2bf25ec88c04ffb7e1511efcc7
formal,240,barabasi_albert,13,n0240-r0013-barabasi_albert,nch,binary_panel,0,2829,41441/7,9342,18684,12171,37368,18684.0,c36d912528dfa87ac6c43a60077dda4689643d2bf25ec88c04ffb7e1511efcc7
formal,240,er_gnm,13,n0240-r0013-er_gnm,demand-aware,source,0,2879,42446/7,49374/7,239222/7,209515/7,1174574/7,78197.06962053764,ab3436242b9f5ddb08fe4c3f1750d4cbd7659548b7041321beca067d34fdc92f
formal,240,er_gnm,13,n0240-r0013-er_gnm,demand-aware,binary_panel,0,40003/14,41983/7,174577/14,174577/7,107290/7,349154/7,24939.571428571428,ab3436242b9f5ddb08fe4c3f1750d4cbd7659548b7041321beca067d34fdc92f
formal,240,er_gnm,13,n0240-r0013-er_gnm,fhs3,source,0,20149/7,42439/7,57542/7,169612/7,132145/7,502808/7,37900.357959709945,ab3436242b9f5ddb08fe4c3f1750d4cbd7659548b7041321beca067d34fdc92f
formal,240,er_gnm,13,n0240-r0013-er_gnm,fhs3,binary_panel,0,20035/7,42118/7,76591/7,153182/7,96626/7,306364/7,21883.14285714286,ab3436242b9f5ddb08fe4c3f1750d4cbd7659548b7041321beca067d34fdc92f
formal,240,er_gnm,13,n0240-r0013-er_gnm,fhs5,source,0,2879,42446/7,49374/7,239222/7,209515/7,1174574/7,78197.06962053764,ab3436242b9f5ddb08fe4c3f1750d4cbd7659548b7041321beca067d34fdc92f
formal,240,er_gnm,13,n0240-r0013-er_gnm,fhs5,binary_panel,0,40003/14,41983/7,174577/14,174577/7,107290/7,349154/7,24939.571428571428,ab3436242b9f5ddb08fe4c3f1750d4cbd7659548b7041321beca067d34fdc92f
formal,240,er_gnm,13,n0240-r0013-er_gnm,nch,source,0,2880,42457/7,39175/7,322520/7,299513/7,2821954/7,142290.53035529293,ab3436242b9f5ddb08fe4c3f1750d4cbd7659548b7041321beca067d34fdc92f
formal,240,er_gnm,13,n0240-r0013-er_gnm,nch,binary_panel,0,2869,6037,135223/14,135223/7,175389/14,270446/7,19317.571428571428,ab3436242b9f5ddb08fe4c3f1750d4cbd7659548b7041321beca067d34fdc92f
formal,240,sbm_fixed_count,13,n0240-r0013-sbm_fixed_count,demand-aware,source,0,2880,42457/7,51545/7,252414/7,220315/7,1247598/7,82939.6696806196,e8d4055f7fc68dc3511bc74abdfc0746d3ec2b8bda7a0c1c142d22037611f959
formal,240,sbm_fixed_count,13,n0240-r0013-sbm_fixed_count,demand-aware,binary_panel,0,18783/7,77863/14,89149/7,178298/7,107932/7,356596/7,25471.14285714286,e8d4055f7fc68dc3511bc74abdfc0746d3ec2b8bda7a0c1c142d22037611f959
formal,240,sbm_fixed_count,13,n0240-r0013-sbm_fixed_count,fhs3,source,0,19639/7,41150/7,59959/7,176293/7,135850/7,521711/7,39317.82613349508,e8d4055f7fc68dc3511bc74abdfc0746d3ec2b8bda7a0c1c142d22037611f959
formal,240,sbm_fixed_count,13,n0240-r0013-sbm_fixed_count,fhs3,binary_panel,0,18916/7,39317/7,11163,22326,97057/7,44652,22326.0,e8d4055f7fc68dc3511bc74abdfc0746d3ec2b8bda7a0c1c142d22037611f959
formal,240,sbm_fixed_count,13,n0240-r0013-sbm_fixed_count,fhs5,source,0,2880,42457/7,51545/7,252414/7,220315/7,1247598/7,82939.6696806196,e8d4055f7fc68dc3511bc74abdfc0746d3ec2b8bda7a0c1c142d22037611f959
formal,240,sbm_fixed_count,13,n0240-r0013-sbm_fixed_count,fhs5,binary_panel,0,18783/7,77863/14,89149/7,178298/7,107932/7,356596/7,25471.14285714286,e8d4055f7fc68dc3511bc74abdfc0746d3ec2b8bda7a0c1c142d22037611f959
formal,240,sbm_fixed_count,13,n0240-r0013-sbm_fixed_count,nch,source,0,20155/7,42440/7,5668,305853/7,282011/7,2534201/7,131136.1099528575,e8d4055f7fc68dc3511bc74abdfc0746d3ec2b8bda7a0c1c142d22037611f959
formal,240,sbm_fixed_count,13,n0240-r0013-sbm_fixed_count,nch,binary_panel,0,19175/7,40002/7,9378,18756,84821/7,37512,18756.0,e8d4055f7fc68dc3511bc74abdfc0746d3ec2b8bda7a0c1c142d22037611f959
formal,240,barabasi_albert,14,n0240-r0014-barabasi_albert,demand-aware,source,0,2880,42851/7,49793/7,241505/7,211356/7,1186779/7,78991.00099492092,aaf2047091aa72fc047da5ae7e199cb4debb93c69bcaa0847232a4037e19e656
formal,240,barabasi_albert,14,n0240-r0014-barabasi_albert,demand-aware,binary_panel,0,19419/7,40466/7,77537/7,155074/7,96956/7,310148/7,22153.428571428572,aaf2047091aa72fc047da5ae7e199cb4debb93c69bcaa0847232a4037e19e656
formal,240,barabasi_albert,14,n0240-r0014-barabasi_albert,fhs3,source,0,20158/7,42845/7,56170/7,165960/7,129853/7,492780/7,37151.0096951436,aaf2047091aa72fc047da5ae7e199cb4debb93c69bcaa0847232a4037e19e656
formal,240,barabasi_albert,14,n0240-r0014-barabasi_albert,fhs3,binary_panel,0,19233/7,39751/7,71769/7,143538/7,91002/7,287076/7,20505.428571428572,aaf2047091aa72fc047da5ae7e199cb4debb93c69bcaa0847232a4037e19e656
formal,240,barabasi_albert,14,n0240-r0014-barabasi_albert,fhs5,source,0,2880,42851/7,49822/7,241622/7,211471/7,1187330/7,79027.0136774788,aaf2047091aa72fc047da5ae7e199cb4debb93c69bcaa0847232a4037e19e656
formal,240,barabasi_albert,14,n0240-r0014-barabasi_albert,fhs5,binary_panel,0,19419/7,40466/7,77537/7,155074/7,96956/7,310148/7,22153.428571428572,aaf2047091aa72fc047da5ae7e199cb4debb93c69bcaa0847232a4037e19e656
formal,240,barabasi_albert,14,n0240-r0014-barabasi_albert,nch,source,0,2880,42851/7,35778/7,555659/7,526579/7,12256077/7,337013.09529411834,aaf2047091aa72fc047da5ae7e199cb4debb93c69bcaa0847232a4037e19e656
formal,240,barabasi_albert,14,n0240-r0014-barabasi_albert,nch,binary_panel,0,19518/7,81127/14,133075/14,133075/7,172111/14,266150/7,19010.714285714286,aaf2047091aa72fc047da5ae7e199cb4debb93c69bcaa0847232a4037e19e656
formal,240,er_gnm,14,n0240-r0014-er_gnm,demand-aware,source,0,2880,42851/7,7009,237873/7,208545/7,1166783/7,77733.88577894292,b41264b55ab548b88f07eb5570885f6554da25fc0fbdcb446876d02ddf188e87
formal,240,er_gnm,14,n0240-r0014-er_gnm,demand-aware,binary_panel,0,40015/14,42362/7,175705/14,175705/7,107860/7,351410/7,25100.714285714286,b41264b55ab548b88f07eb5570885f6554da25fc0fbdcb446876d02ddf188e87
formal,240,er_gnm,14,n0240-r0014-er_gnm,fhs3,source,0,20155/7,6119,56876/7,168048/7,131267/7,498984/7,37618.767402495374,b41264b55ab548b88f07eb5570885f6554da25fc0fbdcb446876d02ddf188e87
formal,240,er_gnm,14,n0240-r0014-er_gnm,fhs3,binary_panel,0,2864,42491/7,76297/7,152594/7,96345/7,305188/7,21799.14285714286,b41264b55ab548b88f07eb5570885f6554da25fc0fbdcb446876d02ddf188e87
formal,240,er_gnm,14,n0240-r0014-er_gnm,fhs5,source,0,2880,42851/7,7009,237873/7,208545/7,1166783/7,77733.88577894292,b41264b55ab548b88f07eb5570885f6554da25fc0fbdcb446876d02ddf188e87
formal,240,er_gnm,14,n0240-r0014-er_gnm,fhs5,binary_panel,0,40015/14,42362/7,175705/14,175705/7,107860/7,351410/7,25100.714285714286,b41264b55ab548b88f07eb5570885f6554da25fc0fbdcb446876d02ddf188e87
formal,240,er_gnm,14,n0240-r0014-er_gnm,nch,source,0,2880,42851/7,38628/7,307766/7,285463/7,2662656/7,134339.4559534389,b41264b55ab548b88f07eb5570885f6554da25fc0fbdcb446876d02ddf188e87
formal,240,er_gnm,14,n0240-r0014-er_gnm,nch,binary_panel,0,20119/7,42716/7,132327/14,132327/7,172565/14,264654/7,18903.85714285714,b41264b55ab548b88f07eb5570885f6554da25fc0fbdcb446876d02ddf188e87
formal,240,sbm_fixed_count,14,n0240-r0014-sbm_fixed_count,demand-aware,source,0,20156/7,42838/7,50629/7,246132/7,214691/7,1211244/7,80595.48929826556,337d14a8b782e04562c70be539f1e37b1bff25c7b9baa37d1ca1f0c8b134dbb1
formal,240,sbm_fixed_count,14,n0240-r0014-sbm_fixed_count,demand-aware,binary_panel,0,37747/14,39624/7,89431/7,178862/7,216609/14,357724/7,25551.714285714286,337d14a8b782e04562c70be539f1e37b1bff25c7b9baa37d1ca1f0c8b134dbb1
formal,240,sbm_fixed_count,14,n0240-r0014-sbm_fixed_count,fhs3,source,0,19885/7,42109/7,59585/7,175246/7,135496/7,518720/7,39093.2959387598,337d14a8b782e04562c70be539f1e37b1bff25c7b9baa37d1ca1f0c8b134dbb1
formal,240,sbm_fixed_count,14,n0240-r0014-sbm_fixed_count,fhs3,binary_panel,0,18996/7,79871/14,156105/14,156105/7,194097/14,312210/7,22300.714285714286,337d14a8b782e04562c70be539f1e37b1bff25c7b9baa37d1ca1f0c8b134dbb1
formal,240,sbm_fixed_count,14,n0240-r0014-sbm_fixed_count,fhs5,source,0,20156/7,42838/7,50629/7,246132/7,214691/7,1211244/7,80595.48929826556,337d14a8b782e04562c70be539f1e37b1bff25c7b9baa37d1ca1f0c8b134dbb1
formal,240,sbm_fixed_count,14,n0240-r0014-sbm_fixed_count,fhs5,binary_panel,0,37747/14,39624/7,89431/7,178862/7,216609/14,357724/7,25551.714285714286,337d14a8b782e04562c70be539f1e37b1bff25c7b9baa37d1ca1f0c8b134dbb1
formal,240,sbm_fixed_count,14,n0240-r0014-sbm_fixed_count,nch,source,0,2880,42851/7,38830/7,312644/7,289315/7,391048,137197.25391035512,337d14a8b782e04562c70be539f1e37b1bff25c7b9baa37d1ca1f0c8b134dbb1
formal,240,sbm_fixed_count,14,n0240-r0014-sbm_fixed_count,nch,binary_panel,0,19525/7,41103/7,65330/7,130660/7,84855/7,261320/7,18665.714285714286,337d14a8b782e04562c70be539f1e37b1bff25c7b9baa37d1ca1f0c8b134dbb1
formal,240,barabasi_albert,15,n0240-r0015-barabasi_albert,demand-aware,source,0,2880,6095,7049,240607/7,211063/7,1185727/7,78888.82510022946,e865343025e5d171524ce41cc410c4e08c4c8d330d0a52801f961d92e4644a2c
formal,240,barabasi_albert,15,n0240-r0015-barabasi_albert,demand-aware,binary_panel,0,19401/7,40336/7,78145/7,156290/7,97546/7,312580/7,22327.14285714286,e865343025e5d171524ce41cc410c4e08c4c8d330d0a52801f961d92e4644a2c
formal,240,barabasi_albert,15,n0240-r0015-barabasi_albert,fhs3,source,0,20106/7,6064,8218,170313/7,132700/7,506409/7,38184.26260815078,e865343025e5d171524ce41cc410c4e08c4c8d330d0a52801f961d92e4644a2c
formal,240,barabasi_albert,15,n0240-r0015-barabasi_albert,fhs3,binary_panel,0,19563/7,40720/7,69365/7,138730/7,12704,277460/7,19818.571428571428,e865343025e5d171524ce41cc410c4e08c4c8d330d0a52801f961d92e4644a2c
formal,240,barabasi_albert,15,n0240-r0015-barabasi_albert,fhs5,source,0,2880,6095,7049,240607/7,211063/7,1185727/7,78888.82510022946,e865343025e5d171524ce41cc410c4e08c4c8d330d0a52801f961d92e4644a2c
formal,240,barabasi_albert,15,n0240-r0015-barabasi_albert,fhs5,binary_panel,0,19401/7,40336/7,78145/7,156290/7,97546/7,312580/7,22327.14285714286,e865343025e5d171524ce41cc410c4e08c4c8d330d0a52801f961d92e4644a2c
formal,240,barabasi_albert,15,n0240-r0015-barabasi_albert,nch,source,0,20157/7,42647/7,35283/7,612625/7,580890/7,16796809/7,391938.4058475459,e865343025e5d171524ce41cc410c4e08c4c8d330d0a52801f961d92e4644a2c
formal,240,barabasi_albert,15,n0240-r0015-barabasi_albert,nch,binary_panel,0,19372/7,79853/14,129653/14,129653/7,168397/14,259306/7,18521.85714285714,e865343025e5d171524ce41cc410c4e08c4c8d330d0a52801f961d92e4644a2c
formal,240,er_gnm,15,n0240-r0015-er_gnm,demand-aware,source,0,2880,6095,49151/7,34119,209173/7,1174905/7,78186.28073497985,dc6a4fb7362111482be89f8a70bba82db1d0fb5f091a4c3025c470d97a467450
formal,240,er_gnm,15,n0240-r0015-er_gnm,demand-aware,binary_panel,0,20008/7,42237/7,86962/7,173924/7,106970/7,347848/7,24846.285714285714,dc6a4fb7362111482be89f8a70bba82db1d0fb5f091a4c3025c470d97a467450
formal,240,er_gnm,15,n0240-r0015-er_gnm,fhs3,source,0,20157/7,42650/7,57105/7,167773/7,18683,496235/7,37395.719896911694,dc6a4fb7362111482be89f8a70bba82db1d0fb5f091a4c3025c470d97a467450
formal,240,er_gnm,15,n0240-r0015-er_gnm,fhs3,binary_panel,0,20093/7,42468/7,76766/7,153532/7,13837,307064/7,21933.14285714286,dc6a4fb7362111482be89f8a70bba82db1d0fb5f091a4c3025c470d97a467450
formal,240,er_gnm,15,n0240-r0015-er_gnm,fhs5,source,0,2880,6095,49151/7,34119,209173/7,1174905/7,78186.28073497985,dc6a4fb7362111482be89f8a70bba82db1d0fb5f091a4c3025c470d97a467450
formal,240,er_gnm,15,n0240-r0015-er_gnm,fhs5,binary_panel,0,20008/7,42237/7,86962/7,173924/7,106970/7,347848/7,24846.285714285714,dc6a4fb7362111482be89f8a70bba82db1d0fb5f091a4c3025c470d97a467450
formal,240,er_gnm,15,n0240-r0015-er_gnm,nch,source,0,2880,6095,38635/7,303234/7,40167,2551172/7,131010.92197529168,dc6a4fb7362111482be89f8a70bba82db1d0fb5f091a4c3025c470d97a467450
formal,240,er_gnm,15,n0240-r0015-er_gnm,nch,binary_panel,0,20130/7,42569/7,66245/7,132490/7,86375/7,264980/7,18927.14285714286,dc6a4fb7362111482be89f8a70bba82db1d0fb5f091a4c3025c470d97a467450
formal,240,sbm_fixed_count,15,n0240-r0015-sbm_fixed_count,demand-aware,source,0,2880,6095,51001/7,245827/7,214316/7,1205457/7,80221.87512282193,a7b6563622d2ae339bf92d4dcdf140ddae62b661c6386c0e13401c07ee16d89c
formal,240,sbm_fixed_count,15,n0240-r0015-sbm_fixed_count,demand-aware,binary_panel,0,2658,38847/7,85737/7,171474/7,104343/7,342948/7,24496.285714285714,a7b6563622d2ae339bf92d4dcdf140ddae62b661c6386c0e13401c07ee16d89c
formal,240,sbm_fixed_count,15,n0240-r0015-sbm_fixed_count,fhs3,source,0,19673/7,41361/7,59219/7,24904,134651/7,516326/7,38915.52321370232,a7b6563622d2ae339bf92d4dcdf140ddae62b661c6386c0e13401c07ee16d89c
formal,240,sbm_fixed_count,15,n0240-r0015-sbm_fixed_count,fhs3,binary_panel,0,2683,78535/14,76723/7,153446/7,95504/7,306892/7,21920.85714285714,a7b6563622d2ae339bf92d4dcdf140ddae62b661c6386c0e13401c07ee16d89c
formal,240,sbm_fixed_count,15,n0240-r0015-sbm_fixed_count,fhs5,source,0,2880,6095,51001/7,245827/7,214316/7,1205457/7,80221.87512282193,a7b6563622d2ae339bf92d4dcdf140ddae62b661c6386c0e13401c07ee16d89c
formal,240,sbm_fixed_count,15,n0240-r0015-sbm_fixed_count,fhs5,binary_panel,0,2658,38847/7,85737/7,171474/7,104343/7,342948/7,24496.285714285714,a7b6563622d2ae339bf92d4dcdf140ddae62b661c6386c0e13401c07ee16d89c
formal,240,sbm_fixed_count,15,n0240-r0015-sbm_fixed_count,nch,source,0,2880,6095,39462/7,320046/7,296059/7,2770406/7,140319.46392174755,a7b6563622d2ae339bf92d4dcdf140ddae62b661c6386c0e13401c07ee16d89c
formal,240,sbm_fixed_count,15,n0240-r0015-sbm_fixed_count,nch,binary_panel,0,5465/2,80153/14,65113/7,130226/7,168481/14,260452/7,18603.714285714286,a7b6563622d2ae339bf92d4dcdf140ddae62b661c6386c0e13401c07ee16d89c
formal,240,barabasi_albert,16,n0240-r0016-barabasi_albert,demand-aware,source,0,2880,42075/7,49330/7,238701/7,209003/7,1170515/7,77961.38314956553,02b9a51162e49dc49d052fa3520a26d9ff79c84c1e368f8e13376885995e8841
formal,240,barabasi_albert,16,n0240-r0016-barabasi_albert,demand-aware,binary_panel,0,19512/7,5727,11100,22200,97212/7,44400,22200.0,02b9a51162e49dc49d052fa3520a26d9ff79c84c1e368f8e13376885995e8841
formal,240,barabasi_albert,16,n0240-r0016-barabasi_albert,fhs3,source,0,2880,42075/7,55942/7,165175/7,129303/7,490223/7,36956.38712539906,02b9a51162e49dc49d052fa3520a26d9ff79c84c1e368f8e13376885995e8841
formal,240,barabasi_albert,16,n0240-r0016-barabasi_albert,fhs3,binary_panel,0,39527/14,81719/14,71094/7,142188/7,181715/14,284376/7,20312.571428571428,02b9a51162e49dc49d052fa3520a26d9ff79c84c1e368f8e13376885995e8841
formal,240,barabasi_albert,16,n0240-r0016-barabasi_albert,fhs5,source,0,2880,42075/7,49330/7,238701/7,209003/7,1170515/7,77961.38314956553,02b9a51162e49dc49d052fa3520a26d9ff79c84c1e368f8e13376885995e8841
formal,240,barabasi_albert,16,n0240-r0016-barabasi_albert,fhs5,binary_panel,0,19512/7,5727,11100,22200,97212/7,44400,22200.0,02b9a51162e49dc49d052fa3520a26d9ff79c84c1e368f8e13376885995e8841
formal,240,barabasi_albert,16,n0240-r0016-barabasi_albert,nch,source,0,2880,42075/7,35676/7,594798/7,562930/7,15705000/7,375494.41958536004,02b9a51162e49dc49d052fa3520a26d9ff79c84c1e368f8e13376885995e8841
formal,240,barabasi_albert,16,n0240-r0016-barabasi_albert,nch,binary_panel,0,19898/7,41171/7,65306/7,130612/7,12172,261224/7,18658.85714285714,02b9a51162e49dc49d052fa3520a26d9ff79c84c1e368f8e13376885995e8841
formal,240,er_gnm,16,n0240-r0016-er_gnm,demand-aware,source,0,20159/7,42069/7,49437/7,239437/7,209668/7,1176881/7,78301.0310365991,db5ced019d1cbd303fd3d69a9d73d22c69530027d52b8e567c28cdaafe4ca337
formal,240,er_gnm,16,n0240-r0016-er_gnm,demand-aware,binary_panel,0,20021/7,41656/7,86570/7,173140/7,106591/7,346280/7,24734.285714285714,db5ced019d1cbd303fd3d69a9d73d22c69530027d52b8e567c28cdaafe4ca337
formal,240,er_gnm,16,n0240-r0016-er_gnm,fhs3,source,0,20159/7,42069/7,57226/7,168930/7,18824,501294/7,37790.39447755163,db5ced019d1cbd303fd3d69a9d73d22c69530027d52b8e567c28cdaafe4ca337
formal,240,er_gnm,16,n0240-r0016-er_gnm,fhs3,binary_panel,0,2864,41697/7,76297/7,152594/7,96345/7,305188/7,21799.14285714286,db5ced019d1cbd303fd3d69a9d73d22c69530027d52b8e567c28cdaafe4ca337
formal,240,er_gnm,16,n0240-r0016-er_gnm,fhs5,source,0,20159/7,42069/7,49437/7,239437/7,209668/7,1176881/7,78301.0310365991,db5ced019d1cbd303fd3d69a9d73d22c69530027d52b8e567c28cdaafe4ca337
formal,240,er_gnm,16,n0240-r0016-er_gnm,fhs5,binary_panel,0,20021/7,41656/7,86570/7,173140/7,106591/7,346280/7,24734.285714285714,db5ced019d1cbd303fd3d69a9d73d22c69530027d52b8e567c28cdaafe4ca337
formal,240,er_gnm,16,n0240-r0016-er_gnm,nch,source,0,2880,42075/7,38847/7,303403/7,280878/7,2545391/7,130855.57163331567,db5ced019d1cbd303fd3d69a9d73d22c69530027d52b8e567c28cdaafe4ca337
formal,240,er_gnm,16,n0240-r0016-er_gnm,nch,binary_panel,0,20124/7,41945/7,9402,18804,85938/7,37608,18804.0,db5ced019d1cbd303fd3d69a9d73d22c69530027d52b8e567c28cdaafe4ca337
formal,240,sbm_fixed_count,16,n0240-r0016-sbm_fixed_count,demand-aware,source,0,2880,42075/7,7266,35347,215788/7,1219411/7,81084.78007379455,67997f206a9868cc32be79e162e305869f1a7fca658cc29ab9baf758a64d6ad6
formal,240,sbm_fixed_count,16,n0240-r0016-sbm_fixed_count,demand-aware,binary_panel,0,19032/7,5586,12720,25440,108072/7,50880,25440.0,67997f206a9868cc32be79e162e305869f1a7fca658cc29ab9baf758a64d6ad6
formal,240,sbm_fixed_count,16,n0240-r0016-sbm_fixed_count,fhs3,source,0,20134/7,5994,8581,177545/7,137540/7,527323/7,39756.40662667242,67997f206a9868cc32be79e162e305869f1a7fca658cc29ab9baf758a64d6ad6
formal,240,sbm_fixed_count,16,n0240-r0016-sbm_fixed_count,fhs3,binary_panel,0,19272/7,39672/7,79272/7,158544/7,98544/7,317088/7,22649.14285714286,67997f206a9868cc32be79e162e305869f1a7fca658cc29ab9baf758a64d6ad6
formal,240,sbm_fixed_count,16,n0240-r0016-sbm_fixed_count,fhs5,source,0,2880,42075/7,7266,35347,215788/7,1219411/7,81084.78007379455,67997f206a9868cc32be79e162e305869f1a7fca658cc29ab9baf758a64d6ad6
formal,240,sbm_fixed_count,16,n0240-r0016-sbm_fixed_count,fhs5,binary_panel,0,19032/7,5586,12720,25440,108072/7,50880,25440.0,67997f206a9868cc32be79e162e305869f1a7fca658cc29ab9baf758a64d6ad6
formal,240,sbm_fixed_count,16,n0240-r0016-sbm_fixed_count,nch,source,0,2880,42075/7,39629/7,311562/7,287456/7,2653170/7,135110.374196617,67997f206a9868cc32be79e162e305869f1a7fca658cc29ab9baf758a64d6ad6
formal,240,sbm_fixed_count,16,n0240-r0016-sbm_fixed_count,nch,binary_panel,0,19574/7,40416/7,66426/7,132852/7,86000/7,265704/7,18978.85714285714,67997f206a9868cc32be79e162e305869f1a7fca658cc29ab9baf758a64d6ad6
formal,240,barabasi_albert,17,n0240-r0017-barabasi_albert,demand-aware,source,0,2880,6081,49137/7,239571/7,210324/7,1181027/7,78559.10240787864,8ec3977346803101ee4d88ff1997ec90dd50781a8ad3038d7ae718e2b1c6874c
formal,240,barabasi_albert,17,n0240-r0017-barabasi_albert,demand-aware,binary_panel,0,18944/7,38561/7,79516/7,159032/7,98460/7,318064/7,22718.85714285714,8ec3977346803101ee4d88ff1997ec90dd50781a8ad3038d7ae718e2b1c6874c
formal,240,barabasi_albert,17,n0240-r0017-barabasi_albert,fhs3,source,0,2880,6081,56170/7,23646,129450/7,490590/7,36978.63244857966,8ec3977346803101ee4d88ff1997ec90dd50781a8ad3038d7ae718e2b1c6874c
formal,240,barabasi_albert,17,n0240-r0017-barabasi_albert,fhs3,binary_panel,0,19274/7,39562/7,20449/2,20449,181691/14,40898,20449.0,8ec3977346803101ee4d88ff1997ec90dd50781a8ad3038d7ae718e2b1c6874c
formal,240,barabasi_albert,17,n0240-r0017-barabasi_albert,fhs5,source,0,2880,6081,49137/7,239571/7,210324/7,1181027/7,78559.10240787864,8ec3977346803101ee4d88ff1997ec90dd50781a8ad3038d7ae718e2b1c6874c
formal,240,barabasi_albert,17,n0240-r0017-barabasi_albert,fhs5,binary_panel,0,18944/7,38561/7,79516/7,159032/7,98460/7,318064/7,22718.85714285714,8ec3977346803101ee4d88ff1997ec90dd50781a8ad3038d7ae718e2b1c6874c
formal,240,barabasi_albert,17,n0240-r0017-barabasi_albert,nch,source,0,2880,6081,35943/7,76986,509475/7,11287638/7,321362.59030659153,8ec3977346803101ee4d88ff1997ec90dd50781a8ad3038d7ae718e2b1c6874c
formal,240,barabasi_albert,17,n0240-r0017-barabasi_albert,nch,binary_panel,0,5575/2,40353/7,131783/14,131783/7,85404/7,263566/7,18826.14285714286,8ec3977346803101ee4d88ff1997ec90dd50781a8ad3038d7ae718e2b1c6874c
formal,240,er_gnm,17,n0240-r0017-er_gnm,demand-aware,source,0,2880,6081,7053,240909/7,211095/7,1188389/7,79031.00827055424,88fd36dedc10f76ff80bd9696a9db72e23feaca0f9e10247132905a0af8e4858
formal,240,er_gnm,17,n0240-r0017-er_gnm,demand-aware,binary_panel,0,20045/7,84381/14,88121/7,176242/7,108166/7,352484/7,25177.428571428572,88fd36dedc10f76ff80bd9696a9db72e23feaca0f9e10247132905a0af8e4858
formal,240,er_gnm,17,n0240-r0017-er_gnm,fhs3,source,0,2880,6081,8224,170248/7,132794/7,505832/7,38137.62285989044,88fd36dedc10f76ff80bd9696a9db72e23feaca0f9e10247132905a0af8e4858
formal,240,er_gnm,17,n0240-r0017-er_gnm,fhs3,binary_panel,0,20063/7,42267/7,77409/7,154818/7,97472/7,309636/7,22116.85714285714,88fd36dedc10f76ff80bd9696a9db72e23feaca0f9e10247132905a0af8e4858
formal,240,er_gnm,17,n0240-r0017-er_gnm,fhs5,source,0,2880,6081,7053,240909/7,211095/7,1188389/7,79031.00827055424,88fd36dedc10f76ff80bd9696a9db72e23feaca0f9e10247132905a0af8e4858
formal,240,er_gnm,17,n0240-r0017-er_gnm,fhs5,binary_panel,0,20045/7,84381/14,88121/7,176242/7,108166/7,352484/7,25177.428571428572,88fd36dedc10f76ff80bd9696a9db72e23feaca0f9e10247132905a0af8e4858
formal,240,er_gnm,17,n0240-r0017-er_gnm,nch,source,0,2880,6081,39247/7,311307/7,288079/7,2710367/7,135926.3199290176,88fd36dedc10f76ff80bd9696a9db72e23feaca0f9e10247132905a0af8e4858
formal,240,er_gnm,17,n0240-r0017-er_gnm,nch,binary_panel,0,40217/14,42401/7,134143/14,134143/7,87180/7,268286/7,19163.285714285714,88fd36dedc10f76ff80bd9696a9db72e23feaca0f9e10247132905a0af8e4858
formal,240,sbm_fixed_count,17,n0240-r0017-sbm_fixed_count,demand-aware,source,0,2880,6081,51189/7,247126/7,215420/7,1212030/7,80676.09637462259,60903b16c8d89082dd432dd9d561ad529358c8db0872437e6ab0b09189a629fb
formal,240,sbm_fixed_count,17,n0240-r0017-sbm_fixed_count,demand-aware,binary_panel,0,37817/14,39307/7,178897/14,178897/7,108357/7,357794/7,25556.714285714286,60903b16c8d89082dd432dd9d561ad529358c8db0872437e6ab0b09189a629fb
formal,240,sbm_fixed_count,17,n0240-r0017-sbm_fixed_count,fhs3,source,0,2860,42122/7,60353/7,177792/7,137313/7,526842/7,39710.215421214816,60903b16c8d89082dd432dd9d561ad529358c8db0872437e6ab0b09189a629fb
formal,240,sbm_fixed_count,17,n0240-r0017-sbm_fixed_count,fhs3,binary_panel,0,5473/2,39932/7,156755/14,156755/7,97533/7,313510/7,22393.571428571428,60903b16c8d89082dd432dd9d561ad529358c8db0872437e6ab0b09189a629fb
formal,240,sbm_fixed_count,17,n0240-r0017-sbm_fixed_count,fhs5,source,0,2880,6081,51189/7,247126/7,215420/7,1212030/7,80676.09637462259,60903b16c8d89082dd432dd9d561ad529358c8db0872437e6ab0b09189a629fb
formal,240,sbm_fixed_count,17,n0240-r0017-sbm_fixed_count,fhs5,binary_panel,0,37817/14,39307/7,178897/14,178897/7,108357/7,357794/7,25556.714285714286,60903b16c8d89082dd432dd9d561ad529358c8db0872437e6ab0b09189a629fb
formal,240,sbm_fixed_count,17,n0240-r0017-sbm_fixed_count,nch,source,0,2880,6081,5624,317775/7,293800/7,2752853/7,139134.9286620561,60903b16c8d89082dd432dd9d561ad529358c8db0872437e6ab0b09189a629fb
formal,240,sbm_fixed_count,17,n0240-r0017-sbm_fixed_count,nch,binary_panel,0,38837/14,40575/7,9437,18874,170955/14,37748,18874.0,60903b16c8d89082dd432dd9d561ad529358c8db0872437e6ab0b09189a629fb
formal,240,barabasi_albert,18,n0240-r0018-barabasi_albert,demand-aware,source,0,2880,42211/7,7060,238764/7,208968/7,1170014/7,77932.21303181144,91d810d239976fa9330aa30263be1d917b8cf3fda123bcb023026379ec05c064
formal,240,barabasi_albert,18,n0240-r0018-barabasi_albert,demand-aware,binary_panel,0,38789/14,39973/7,158831/14,158831/7,98810/7,317662/7,22690.14285714286,91d810d239976fa9330aa30263be1d917b8cf3fda123bcb023026379ec05c064
formal,240,barabasi_albert,18,n0240-r0018-barabasi_albert,fhs3,source,0,2880,42211/7,56794/7,167190/7,18639,495186/7,37322.21141299517,91d810d239976fa9330aa30263be1d917b8cf3fda123bcb023026379ec05c064
formal,240,barabasi_albert,18,n0240-r0018-barabasi_albert,fhs3,binary_panel,0,19706/7,11647/2,143149/14,143149/7,182561/14,286298/7,20449.85714285714,91d810d239976fa9330aa30263be1d917b8cf3fda123bcb023026379ec05c064
formal,240,barabasi_albert,18,n0240-r0018-barabasi_albert,fhs5,source,0,2880,42211/7,7060,238764/7,208968/7,1170014/7,77932.21303181144,91d810d239976fa9330aa30263be1d917b8cf3fda123bcb023026379ec05c064
formal,240,barabasi_albert,18,n0240-r0018-barabasi_albert,fhs5,binary_panel,0,38789/14,39973/7,158831/14,158831/7,98810/7,317662/7,22690.14285714286,91d810d239976fa9330aa30263be1d917b8cf3fda123bcb023026379ec05c064
formal,240,barabasi_albert,18,n0240-r0018-barabasi_albert,nch,source,0,2880,42211/7,36058/7,550072/7,519455/7,13977646/7,338056.99001769524,91d810d239976fa9330aa30263be1d917b8cf3fda123bcb023026379ec05c064
formal,240,barabasi_albert,18,n0240-r0018-barabasi_albert,nch,binary_panel,0,2817,40688/7,67454/7,134908/7,87173/7,269816/7,19272.571428571428,91d810d239976fa9330aa30263be1d917b8cf3fda123bcb023026379ec05c064
formal,240,er_gnm,18,n0240-r0018-er_gnm,demand-aware,source,0,20143/7,42170/7,49250/7,236939/7,207308/7,1157911/7,77175.52234413357,d335f9560bdc8306db7ffcf78a7a0017180040037262fe4daa77a13d83fba2fc
formal,240,er_gnm,18,n0240-r0018-er_gnm,demand-aware,binary_panel,0,20001/7,41764/7,88229/7,176458/7,108230/7,352916/7,25208.285714285714,d335f9560bdc8306db7ffcf78a7a0017180040037262fe4daa77a13d83fba2fc
formal,240,er_gnm,18,n0240-r0018-er_gnm,fhs3,source,0,20143/7,42170/7,57293/7,169154/7,131930/7,71716,37844.95731686516,d335f9560bdc8306db7ffcf78a7a0017180040037262fe4daa77a13d83fba2fc
formal,240,er_gnm,18,n0240-r0018-er_gnm,fhs3,binary_panel,0,20071/7,41938/7,77825/7,155650/7,97896/7,311300/7,22235.714285714286,d335f9560bdc8306db7ffcf78a7a0017180040037262fe4daa77a13d83fba2fc
formal,240,er_gnm,18,n0240-r0018-er_gnm,fhs5,source,0,20143/7,42170/7,49250/7,236939/7,207308/7,1157911/7,77175.52234413357,d335f9560bdc8306db7ffcf78a7a0017180040037262fe4daa77a13d83fba2fc
formal,240,er_gnm,18,n0240-r0018-er_gnm,fhs5,binary_panel,0,20001/7,41764/7,88229/7,176458/7,108230/7,352916/7,25208.285714285714,d335f9560bdc8306db7ffcf78a7a0017180040037262fe4daa77a13d83fba2fc
formal,240,er_gnm,18,n0240-r0018-er_gnm,nch,source,0,2880,42211/7,39169/7,313792/7,290658/7,2692232/7,136844.0993110639,d335f9560bdc8306db7ffcf78a7a0017180040037262fe4daa77a13d83fba2fc
formal,240,er_gnm,18,n0240-r0018-er_gnm,nch,binary_panel,0,20128/7,42120/7,9712,19424,88112/7,38848,19424.0,d335f9560bdc8306db7ffcf78a7a0017180040037262fe4daa77a13d83fba2fc
formal,240,sbm_fixed_count,18,n0240-r0018-sbm_fixed_count,demand-aware,source,0,2880,42211/7,50887/7,35316,30776,173770,80929.76378944947,0946dbccd0e0fcb5383b3df06a2933d286056814fe57d418063c9b850f70570d
formal,240,sbm_fixed_count,18,n0240-r0018-sbm_fixed_count,demand-aware,binary_panel,0,2753,39794/7,90770/7,181540/7,110041/7,363080/7,25934.285714285714,0946dbccd0e0fcb5383b3df06a2933d286056814fe57d418063c9b850f70570d
formal,240,sbm_fixed_count,18,n0240-r0018-sbm_fixed_count,fhs3,source,0,20102/7,5997,60153/7,177505/7,137343/7,526607/7,39697.54431946403,0946dbccd0e0fcb5383b3df06a2933d286056814fe57d418063c9b850f70570d
formal,240,sbm_fixed_count,18,n0240-r0018-sbm_fixed_count,fhs3,binary_panel,0,19315/7,40008/7,79175/7,158350/7,14070,316700/7,22621.428571428572,0946dbccd0e0fcb5383b3df06a2933d286056814fe57d418063c9b850f70570d
formal,240,sbm_fixed_count,18,n0240-r0018-sbm_fixed_count,fhs5,source,0,2880,42211/7,50887/7,35316,30776,173770,80929.76378944947,0946dbccd0e0fcb5383b3df06a2933d286056814fe57d418063c9b850f70570d
formal,240,sbm_fixed_count,18,n0240-r0018-sbm_fixed_count,fhs5,binary_panel,0,2753,39794/7,90770/7,181540/7,110041/7,363080/7,25934.285714285714,0946dbccd0e0fcb5383b3df06a2933d286056814fe57d418063c9b850f70570d
formal,240,sbm_fixed_count,18,n0240-r0018-sbm_fixed_count,nch,source,0,2880,42211/7,5611,309567/7,285975/7,2635945/7,134233.72504863856,0946dbccd0e0fcb5383b3df06a2933d286056814fe57d418063c9b850f70570d
formal,240,sbm_fixed_count,18,n0240-r0018-sbm_fixed_count,nch,binary_panel,0,19651/7,40813/7,66462/7,132924/7,86113/7,265848/7,18989.14285714286,0946dbccd0e0fcb5383b3df06a2933d286056814fe57d418063c9b850f70570d
formal,240,barabasi_albert,19,n0240-r0019-barabasi_albert,demand-aware,source,0,2880,42298/7,49243/7,239989/7,210593/7,1184203/7,78720.91791934555,852ccc115385eaaefd0c5580b3b6b775346f2efb4e5fd4ad28e7c322608d3a30
formal,240,barabasi_albert,19,n0240-r0019-barabasi_albert,demand-aware,binary_panel,0,19365/7,39835/7,77748/7,155496/7,97113/7,310992/7,22213.714285714286,852ccc115385eaaefd0c5580b3b6b775346f2efb4e5fd4ad28e7c322608d3a30
formal,240,barabasi_albert,19,n0240-r0019-barabasi_albert,fhs3,source,0,2880,42298/7,55572/7,164190/7,18380,487518/7,36754.25177710905,852ccc115385eaaefd0c5580b3b6b775346f2efb4e5fd4ad28e7c322608d3a30
formal,240,barabasi_albert,19,n0240-r0019-barabasi_albert,fhs3,binary_panel,0,19704/7,40895/7,71264/7,142528/7,90968/7,285056/7,20361.14285714286,852ccc115385eaaefd0c5580b3b6b775346f2efb4e5fd4ad28e7c322608d3a30
formal,240,barabasi_albert,19,n0240-r0019-barabasi_albert,fhs5,source,0,2880,42298/7,49243/7,239989/7,210593/7,1184203/7,78720.91791934555,852ccc115385eaaefd0c5580b3b6b775346f2efb4e5fd4ad28e7c322608d3a30
formal,240,barabasi_albert,19,n0240-r0019-barabasi_albert,fhs5,binary_panel,0,19365/7,39835/7,77748/7,155496/7,97113/7,310992/7,22213.714285714286,852ccc115385eaaefd0c5580b3b6b775346f2efb4e5fd4ad28e7c322608d3a30
formal,240,barabasi_albert,19,n0240-r0019-barabasi_albert,nch,source,0,2880,42298/7,5010,666884/7,633037/7,21244242/7,445529.72691592964,852ccc115385eaaefd0c5580b3b6b775346f2efb4e5fd4ad28e7c322608d3a30
formal,240,barabasi_albert,19,n0240-r0019-barabasi_albert,nch,binary_panel,0,19739/7,82009/14,130803/14,130803/7,170281/14,261606/7,18686.14285714286,852ccc115385eaaefd0c5580b3b6b775346f2efb4e5fd4ad28e7c322608d3a30
formal,240,er_gnm,19,n0240-r0019-er_gnm,demand-aware,source,0,2880,42298/7,49464/7,240502/7,210621/7,1183906/7,78766.87365922694,f192baf0940e44acbd15a381e7ae2ac557d9e349c9255b5e93de766da2c88fad
formal,240,er_gnm,19,n0240-r0019-er_gnm,demand-aware,binary_panel,0,19997/7,41819/7,86890/7,173780/7,106887/7,347560/7,24825.714285714286,f192baf0940e44acbd15a381e7ae2ac557d9e349c9255b5e93de766da2c88fad
formal,240,er_gnm,19,n0240-r0019-er_gnm,fhs3,source,0,2880,42298/7,57469/7,169093/7,131694/7,500651/7,37732.70466852323,f192baf0940e44acbd15a381e7ae2ac557d9e349c9255b5e93de766da2c88fad
formal,240,er_gnm,19,n0240-r0019-er_gnm,fhs3,binary_panel,0,2868,42055/7,154711/14,154711/7,194863/14,309422/7,22101.571428571428,f192baf0940e44acbd15a381e7ae2ac557d9e349c9255b5e93de766da2c88fad
formal,240,er_gnm,19,n0240-r0019-er_gnm,fhs5,source,0,2880,42298/7,49464/7,240502/7,210621/7,1183906/7,78766.87365922694,f192baf0940e44acbd15a381e7ae2ac557d9e349c9255b5e93de766da2c88fad
formal,240,er_gnm,19,n0240-r0019-er_gnm,fhs5,binary_panel,0,19997/7,41819/7,86890/7,173780/7,106887/7,347560/7,24825.714285714286,f192baf0940e44acbd15a381e7ae2ac557d9e349c9255b5e93de766da2c88fad
formal,240,er_gnm,19,n0240-r0019-er_gnm,nch,source,0,2880,42298/7,38673/7,306116/7,283604/7,2589354/7,132737.73988708665,f192baf0940e44acbd15a381e7ae2ac557d9e349c9255b5e93de766da2c88fad
formal,240,er_gnm,19,n0240-r0019-er_gnm,nch,binary_panel,0,2879,6040,131533/14,131533/7,171839/14,263066/7,18790.428571428572,f192baf0940e44acbd15a381e7ae2ac557d9e349c9255b5e93de766da2c88fad
formal,240,sbm_fixed_count,19,n0240-r0019-sbm_fixed_count,demand-aware,source,0,2880,42298/7,51129/7,248968/7,217153/7,175500,81651.01034865943,0275638128ffdf2c1fce03cb75ce8b3b88fbedbc82f1895f5444ee1d4a4bc362
formal,240,sbm_fixed_count,19,n0240-r0019-sbm_fixed_count,demand-aware,binary_panel,0,2734,39757/7,88985/7,177970/7,108123/7,355940/7,25424.285714285714,0275638128ffdf2c1fce03cb75ce8b3b88fbedbc82f1895f5444ee1d4a4bc362
formal,240,sbm_fixed_count,19,n0240-r0019-sbm_fixed_count,fhs3,source,0,19952/7,41791/7,8509,175145/7,135418/7,518347/7,39064.57756909933,0275638128ffdf2c1fce03cb75ce8b3b88fbedbc82f1895f5444ee1d4a4bc362
formal,240,sbm_fixed_count,19,n0240-r0019-sbm_fixed_count,fhs3,binary_panel,0,19371/7,40391/7,78549/7,157098/7,97920/7,314196/7,22442.571428571428,0275638128ffdf2c1fce03cb75ce8b3b88fbedbc82f1895f5444ee1d4a4bc362
formal,240,sbm_fixed_count,19,n0240-r0019-sbm_fixed_count,fhs5,source,0,2880,42298/7,51129/7,248968/7,217153/7,175500,81651.01034865943,0275638128ffdf2c1fce03cb75ce8b3b88fbedbc82f1895f5444ee1d4a4bc362
formal,240,sbm_fixed_count,19,n0240-r0019-sbm_fixed_count,fhs5,binary_panel,0,2734,39757/7,88985/7,177970/7,108123/7,355940/7,25424.285714285714,0275638128ffdf2c1fce03cb75ce8b3b88fbedbc82f1895f5444ee1d4a4bc362
formal,240,sbm_fixed_count,19,n0240-r0019-sbm_fixed_count,nch,source,0,20159/7,42292/7,39372/7,318623/7,294535/7,2759901/7,139625.62542951098,0275638128ffdf2c1fce03cb75ce8b3b88fbedbc82f1895f5444ee1d4a4bc362
formal,240,sbm_fixed_count,19,n0240-r0019-sbm_fixed_count,nch,binary_panel,0,19623/7,40909/7,65777/7,131554/7,12200,263108/7,18793.428571428572,0275638128ffdf2c1fce03cb75ce8b3b88fbedbc82f1895f5444ee1d4a4bc362
